opis_id,name,address,city,state,lat,lng,price,price_min,price_max,rows_merged,geocode_quality
7,WOODSHED OF BIG CABIN,"I-44, EXIT 283 & US-69",Big Cabin,OK,36.53787,-95.22136,3.0073,3.0073,3.0073,1,city
9,KWIK TRIP #796,"I-94, EXIT 143 & US-12 & SR-21",Tomah,WI,43.97858,-90.50402,3.2873,3.2873,3.2873,1,city
20,PILOT TRAVEL CENTER #1243,"I-8, EXIT 119 & SR-85",Gila Bend,AZ,32.94782,-112.71683,3.8990,3.8990,3.8990,2,city
28,LITTLEFIELD EXPRESS #2,"I-540, EXIT 12 & US-71",Fort Smith,AR,35.38592,-94.39855,3.3990,3.3990,3.3990,1,city
35,ACI TRUCK STOP,US-46,Columbia,NJ,40.92621,-75.09268,3.0790,3.0790,3.0790,1,city
36,SHENANDOAH TRUCK CENTER,"I-81, EXIT 273 & SR-703/SR-292",Mount Jackson,VA,38.74595,-78.64224,2.8990,2.8990,2.8990,1,city
44,CIRCLE K #2612042,"I-35,  EXIT 271",Jarrell,TX,30.82491,-97.60445,2.9190,2.9190,2.9190,1,city
46,PETRO STOPPING CENTER #348,"I-85,  EXIT 22 & CR-138",Shorter,AL,32.39486,-85.9169,3.1540,3.1540,3.1540,1,city
49,TA SEYMOUR TRAVEL CENTER,"I-65, EXIT 50 & US-50 & US-31",Seymour,IN,38.95922,-85.89025,3.9590,3.9590,3.9590,1,city
50,TA COUNCIL BLUFFS TRAVEL CENTER,"I-29 & I-80, EXIT 3",Council Bluffs,IA,41.26194,-95.86083,3.7257,3.7257,3.7257,1,city
56,TOPS TRUCK STOP,"I-94, EXIT 182 & US-83",Sterling,ND,46.81388,-100.2915,3.5157,3.5157,3.5157,1,city
75,Good 2 Go #709,US-50,Montrose,CO,38.47832,-107.87617,3.4240,3.4240,3.4240,1,city
77,OASIS TRAVEL PLAZA,US-13,Laurel,DE,38.5565,-75.57131,3.2290,3.2290,3.2290,1,city
79,DELAWARE TRUCK PLAZA,US-13 & US-40,New Castle,DE,39.65948,-75.56359,3.2490,3.2490,3.2490,1,city
81,One9 #89,"I-75, EXIT 224",Ellenton,FL,27.52171,-82.5276,3.4390,3.4390,3.4390,1,city
85,DOWNIEVILLE FUEL STOP,"I-70, EXIT 234",Dumont,CO,39.76471,-105.60028,3.4590,3.4590,3.4590,1,city
91,MOLLYS FOOD & FUEL,"I-20 & ST 22, EXIT 55",Crawfordville,GA,33.55402,-82.89598,3.4990,3.4990,3.4990,1,city
105,TA SAGINAW I 75 TRAVEL CENTER,"I-75, EXIT 144-B",Bridgeport,MI,43.35947,-83.88164,3.3190,3.2690,3.4290,6,city
118,Lupton Truck Stop #567,"I-40, EXIT 359",Lupton,AZ,35.35391,-109.0537,3.2990,3.2990,3.2990,1,city
121,PETRO STOPPING CENTER #306,"I-10, EXIT 200",Eloy,AZ,32.7559,-111.55484,3.4740,3.4740,3.4740,1,city
127,CIRCLE K #4700095,US-41,Henderson,KY,37.83615,-87.59001,3.6090,3.6090,3.6090,1,city
128,THE EFFINGHAM CHROME SHOP,"I-57 & I-70, EXIT 159",Effingham,IL,39.12004,-88.54338,3.3990,3.3490,3.5490,3,city
135,LOVES TRAVEL STOP #766,"I-80, EXIT 27",Atkinson,IL,41.42087,-90.01511,3.4490,3.3890,3.5890,3,city
147,SPEEDWAY #8039,"I-69, EXIT 234 & SR-67",Daleville,IN,40.12115,-85.55803,3.6240,3.6240,3.6240,1,city
149,RAYS TRUCK WASH,"I-69, EXIT 309 & US-30",Fort Wayne,IN,41.1306,-85.12886,3.5923,3.5923,3.5923,1,city
151,CUBBYS #2101,"I-80, EXIT 211 & SR-47",Gothenburg,NE,40.92945,-100.16068,3.1323,3.1323,3.1323,1,city
159,PILOT TRAVEL CENTERS #87,"I-10, EXIT 343",Jacksonville,FL,30.33218,-81.65565,3.8590,3.8590,3.8590,2,city
160,PILOT TRAVEL CENTERS #79,"I-12, EXIT 10 AT MILE 10",Denham Springs,LA,30.4874,-90.95753,3.2323,3.2323,3.2323,1,city
164,FLYING J TRAVEL PLAZA #650,"I-94, EXIT 15 B",Lake Station,IN,41.57504,-87.23892,3.8090,3.8090,3.8090,1,city
167,FLYING J TRAVEL PLAZA #653,RT 2 & I-65 EXIT 240,Hebron,IN,41.31865,-87.20031,3.4357,3.4357,3.4357,1,city
174,Hop-In Food Stores,US-59 & SR-224,Nacogdoches,TX,31.60351,-94.65549,2.8590,2.8590,2.8590,1,city
184,SAPP BROS TRAVEL CENTER,"I-29 & I-80, EXIT 1B",Council Bluffs,IA,41.26194,-95.86083,3.7190,3.7190,3.7190,1,city
186,COFFEE CUP FUEL STOP #5,"I-90, EXIT 154 & US-16",Moorcroft,WY,44.26331,-104.95025,3.2390,3.2390,3.2390,1,city
187,DUDLEYS CORNER,"I-35, EXIT 165 & SR-3",Latimer,IA,42.76331,-93.36826,3.2323,3.2323,3.2323,1,city
191,KUM & GO #0302,"I-35, EXIT 193 & SR 106",Clear Lake,IA,43.13802,-93.37937,3.1857,3.1857,3.1857,1,city
192,Brew Stuart Truckstop,"I-80, EXIT 93",Stuart,IA,41.50332,-94.31857,3.0990,3.0990,3.0990,1,city
195,PETRO STOPPING CENTER #311,"I-40 & I-55, EXIT 280",West Memphis,AR,35.14648,-90.18454,3.3673,3.3673,3.3673,1,city
198,SINCLAIR,"I-76, EXIT 115",Atwood,CO,40.54776,-103.26966,3.2990,3.2990,3.2990,1,city
199,PETRO STOPPING CENTER #366,"I-70, EXIT 252",Salina,KS,38.84028,-97.61142,3.8057,3.8057,3.8057,1,city
203,PILOT TRAVEL CENTERS #31,"I-80/94, EXIT 2",Highland,IN,41.55365,-87.45198,3.8140,3.7990,3.8290,2,city
207,MARATHON,SR-32,Sardinia,OH,39.00784,-83.80854,3.5657,3.5657,3.5657,1,city
216,CIRCLE K #2721593,"I-10, EXIT 50",Ocean Springs,MS,30.41131,-88.82781,3.4157,3.4157,3.4157,1,city
217,NORTH 9TH 24/7,"I-70, EXIT 252",Salina,KS,38.84028,-97.61142,3.0257,3.0257,3.0257,1,city
231,DERBY CITYS TRUCK PLAZA,"I-75, EXIT 62 & US-25",Mount Vernon,KY,38.02563,-84.49522,2.9990,2.9990,2.9990,1,city
235,PILOT TRAVEL CENTERS #92,"I-75, EXIT 358",Ocala,FL,29.1872,-82.14009,3.3857,3.3590,3.4123,2,city
240,LA 1 SOUTH TRUCKSTOP,"I-10, EXIT 153 & SR-1",Port Allen,LA,30.45214,-91.21011,3.0390,3.0390,3.0390,1,city
243,SAVE,US-41 & SR-10,Lake Village,IN,41.13753,-87.44864,3.1790,3.1790,3.1790,1,city
244,BIG D TRUCK TRAVEL PLAZA,"I-10, EXIT 92 & SR-95",Duson,LA,30.23576,-92.1854,2.9823,2.9823,2.9823,1,city
248,Mardi Gras Truck Stop,"I-10, EXIT 236",New Orleans,LA,29.95465,-90.07507,3.7290,3.7290,3.7290,1,city
250,GOLDEN OX TRUCK STOP,"I-70/US-40, EXIT 159 & US-183",Hays,KS,38.87918,-99.32677,3.4990,3.4990,3.4990,1,city
253,LOVES TRAVEL STOP #450,"I-40, EXIT 280 & I-55, EXIT 4",West Memphis,AR,35.14648,-90.18454,3.3257,3.3257,3.3257,1,city
256,BFS FOODS #66,"I-68/US-40, EXIT 22 & US-219",Grantsville,MD,39.69508,-79.15114,3.8990,3.8990,3.8990,1,city
257,PILOT TRAVEL CENTER #917- TOWN PUMP,I-15 & 31ST STREET EXIT 277,Great Falls,MT,47.50024,-111.30081,3.6357,3.6357,3.6357,1,city
263,CASEYS #3956,I-94 EXIT 16,Bridgman,MI,41.9431,-86.55697,3.5590,3.5590,3.5590,1,city
267,CORNER MARKET #117,SR-154 & SR-129,Dodge City,KS,37.7528,-100.01708,3.3990,3.3990,3.3990,1,city
269,PILOT TRAVEL CENTERS #24,"I-75, EXIT 15",Monroe,MI,41.91643,-83.39771,3.3490,3.2490,3.5590,5,city
278,CARLISLE PLAZA,US-41,Carlisle,IN,38.96838,-87.40557,3.4990,3.4990,3.4990,1,city
281,CIRCLE K #4700065,"I-65, EXIT 76 & US-31",Taylorsville,IN,39.29588,-85.95083,3.3990,3.3990,3.3990,1,city
289,LOVES TRAVEL STOP #173,"I-70, MM 209",Lawrence,KS,38.97167,-95.23525,3.2290,3.2290,3.2290,1,city
292,PETES #56,US-169 & CR-5000,Cherryvale,KS,37.27034,-95.55248,3.2323,3.2323,3.2323,1,city
293,LOVES TRAVEL STOP #176,"I-35, MILE MARKER 97",Matfield Green,KS,38.15918,-96.56057,3.2557,3.2557,3.2557,1,city
304,FL Roberts,"I-91, EXIT 4",Springfield,MA,42.10148,-72.58981,3.5990,3.5990,3.5990,1,city
309,QUIKTRIP #231,"I-635, EXIT 3",Kansas City,KS,39.11417,-94.62746,3.1990,3.1990,3.1990,1,city
323,SAPP BROS TRAVEL CENTER,"I-80, EXIT 126",Ogallala,NE,41.12805,-101.71962,3.4657,3.4657,3.4657,1,city
326,FLYING J TRAVEL PLAZA #748,"I-15, EXIT 357",Willard,UT,41.40911,-112.03606,3.7490,3.7490,3.7490,1,city
341,TA JACKSONVILLE SOUTH TRAVEL CENTER,"I-95, EXIT 329",Saint Johns,FL,30.0815,-81.54774,3.4690,3.4690,3.4690,1,city
347,7-ELEVEN #40514,I-90/80-IN TOLL RD MM 22E,Portage,IN,41.57587,-87.17615,3.9907,3.9907,3.9907,1,city
358,TA BINGHAMTON TRAVELCENTER,"I-81N, EXIT 2W & I-81S, EXIT 3",Binghamton,NY,42.09869,-75.91797,3.7190,3.6890,3.7690,4,city
361,CIRCLE K #2726293,"I-295, EXIT 25",Jacksonville,FL,30.33218,-81.65565,3.3157,3.3157,3.3157,1,city
368,WILTON TRAVEL PLAZA,"I-87, EXIT 16",Gansevoort,NY,43.19618,-73.65178,3.7740,3.7490,3.7990,2,city
372,GAS DEPOT,"I-94, EXIT 5",Hammond,IN,41.58337,-87.50004,3.9990,3.9990,3.9990,1,city
381,7-Eleven #41830,US-69 & US-135,Jacksonville,TX,31.96378,-95.2705,2.9157,2.9157,2.9157,1,city
387,Circle K #2709664,"I-8, EXIT 12",Yuma,AZ,32.72532,-114.6244,3.4890,3.4890,3.4890,1,city
388,Pilot Travel Centers #14,"I-71, EXIT 131",Sunbury,OH,40.24256,-82.85907,3.7190,3.7190,3.7190,1,city
391,PILOT TRAVEL CENTERS #13,"I-71, EXIT 209",Seville,OH,41.01006,-81.86236,3.6990,3.6990,3.6990,1,city
403,TRUCKOMAT OF HEBRON,"I-70, EXIT 126 & SR-37",Hebron,OH,39.96173,-82.49127,3.4290,3.4290,3.4290,1,city
407,FUEL MART #641,"I-80 & I-280, EXIT 71",Perrysburg,OH,41.557,-83.62716,3.4990,3.4990,3.4990,1,city
421,PETRO STOPPING CENTER #316,"I-40 & I-35, EXIT 127",Oklahoma City,OK,35.46756,-97.51643,3.3023,3.3023,3.3023,1,city
424,E EXPRESS,"I-40, EXIT 166",Choctaw,OK,35.49756,-97.26892,2.8990,2.8990,2.8990,1,city
425,Neighbors Express,"I-16, EXIT 51",Dublin,GA,32.54044,-82.90375,3.2990,3.2990,3.2990,1,city
442,WESTERN COOP,US-385 & SR-2,Alliance,NE,42.10163,-102.87215,3.3240,3.3240,3.3240,1,city
455,MR FUEL #753,"I-95, EXIT 104 & SR-207",Ruther Glen,VA,37.92875,-77.45582,3.2657,3.2657,3.2657,1,city
456,THE COUNTRY OASIS,US-24,Woodburn,IN,41.12533,-84.8533,3.3990,3.3990,3.3990,1,city
458,HAPPY HILLS GAS & COFFEE,I-29 EXIT 110,Rock Port,MO,40.41111,-95.51693,3.3990,3.3990,3.3990,1,city
460,TRUCK STOP 44,I-20 EXIT 44,Gilbert,SC,33.92431,-81.39371,3.0790,3.0790,3.0790,1,city
461,SPINX #271,"I-26, EXIT 145 & US-601",Orangeburg,SC,33.49182,-80.85565,3.2623,3.2623,3.2623,1,city
469,LOAF N JUG #750010,US-160 & SR-17,Alamosa,CO,37.46945,-105.87002,3.2590,3.2590,3.2590,1,city
474,KEWANEE 1 STOP,"I-20, EXIT 169 & US-80",Toomsuba,MS,32.41847,-88.50698,3.2990,3.2990,3.2990,1,city
478,GASTRAK OF PEMBINA,"I-29, EXIT 215",Pembina,ND,48.96638,-97.24368,3.2990,3.2990,3.2990,1,city
483,ALLSUPS #2387,US-54/SR-136/SR-3 & US-64,Guymon,OK,36.6828,-101.48155,2.9757,2.9757,2.9757,1,city
486,LA NORIA CONV STORES,"I-35 N, EXIT 4",Laredo,TX,27.50641,-99.50754,3.2990,3.2990,3.2990,1,city
489,EDDIES CORNER,US-87 & US-191,Moore,MT,46.97552,-109.69685,3.7490,3.7490,3.7490,1,city
491,One9 #403,"I-75, EXIT 117",Heiskell,TN,36.08175,-84.0538,2.9990,2.9990,2.9990,1,city
496,PILOT TRAVEL CENTERS #270,"I-40 & I-75, EXIT 374",Knoxville,TN,35.96064,-83.92074,3.4390,3.4390,3.4390,1,city
509,LOVES TRAVEL STOPS #256,"I-10, EXIT 140B",Van Horn,TX,31.04029,-104.83073,3.6490,3.6490,3.6490,2,city
522,GO MART FOOD STORE #57,"I-70 & ST-285, EXIT 186",Lore City,OH,39.98479,-81.45845,3.1790,3.1790,3.1790,1,city
523,CIRCLE K #2723322,"I-985, EXIT 20 & SR-60",Gainesville,GA,34.29788,-83.82407,3.2657,3.2657,3.2657,1,city
525,FASTBREAK,US-45 ALT,West Point,MS,33.60762,-88.65033,3.0590,3.0590,3.0590,1,city
546,PLAZA 30,US-30,Wanatah,IN,41.4306,-86.89836,3.4990,3.4990,3.4990,1,city
557,SAPP BROS TRAVEL CENTER,"I-80, EXIT 73",Peru,IL,41.32753,-89.12897,3.4190,3.2890,3.5890,4,city
559,SHELL MORGAN ROAD TRUCK STOP,"I-40, EXIT 142",Maumelle,AR,34.86676,-92.40432,3.2073,3.2073,3.2073,1,city
566,TA GARY TRAVEL CENTER,"I-80/I-94, EXIT 6",Gary,IN,41.59337,-87.34643,3.8307,3.8307,3.8307,1,city
567,TA ELOY TRAVEL CENTER,"I-10 & I-8, EXIT 203",Eloy,AZ,32.7559,-111.55484,3.4590,3.4590,3.4590,1,city
572,PILOT TRAVEL CENTERS #881,"I-69, EXIT 309A",Fort Wayne,IN,41.1306,-85.12886,3.8890,3.8790,3.8990,2,city
576,PETRO STOPPING CENTER #343,"I-10, EXIT 76",Egan,LA,30.23687,-92.50597,3.6240,3.6240,3.6240,1,city
578,LOVES TRAVEL STOP #449,"I-84, EXIT 17",Troutdale,OR,45.53929,-122.38731,3.7790,3.7790,3.7790,1,city
579,FLYING J TRAVEL PLAZA #764,"I-80, EXIT 104 & US-191",Rock Springs,WY,41.58746,-109.2029,3.6707,3.6707,3.6707,1,city
586,AMERISTAR TRAVEL PLAZA #120,"I-82, EXIT 80",Prosser,WA,46.2068,-119.76892,4.4790,4.3990,4.5590,2,city
588,TA TUSCALOOSA TRAVEL CENTER,"I-20/I-59, EXIT 77",Cottondale,AL,31.20518,-85.38188,2.9640,2.9640,2.9640,1,city
591,TA Concordia Travel Plaza,"I-70, EXIT 58 & SR-23",Concordia,MO,38.98335,-93.56855,3.2257,3.2257,3.2257,1,city
599,Sapp Bros Travel Center,"I-80, EXIT 59 & SR-17J",Sidney,NE,41.14276,-102.97798,3.5007,3.5007,3.5007,1,city
602,JIFFY MART EXIT 18 TRUCK STOP,"I-89/SR-120, EXIT 18 & SR-120",Lebanon,NH,43.64229,-72.25176,3.5990,3.5990,3.5990,1,city
614,TA MAYBROOK TRAVEL CENTER,"I-84, EXIT 5",Montgomery,NY,41.52759,-74.23682,4.3590,4.3590,4.3590,1,city
628,KWIK FILL #227,"I-90,  EXIT 218",Geneva,OH,39.66201,-82.43349,3.1523,3.1523,3.1523,1,city
636,UNION 76,"I-5, EXIT 233 E",Albany,OR,44.63651,-123.10593,3.3790,3.3790,3.3790,1,city
651,ONE9 #1366,"I-40, EXIT 126 & US-641",Holladay,TN,35.87062,-88.14587,2.9857,2.9857,2.9857,1,city
652,TA KNOXVILLE EAST TRAVEL CENTER,"I-40 & I-75, EXIT 374",Knoxville,TN,35.96064,-83.92074,3.4257,3.4257,3.4257,1,city
669,PETRO STOPPING CENTER #350,"I-10,  EXIT 4",Canutillo,TX,31.91149,-106.60027,3.4990,3.4990,3.4990,1,city
672,CROWN POINT TRUCK STOP,"I-295/US-130,EXIT 22",Thorofare,NJ,39.859,-75.211,3.5490,3.5490,3.5490,1,manual
680,TA EXPRESS SUMMIT,"I-29, EXIT 207 & US-12",Summit,SD,45.30441,-97.03647,3.2057,3.2057,3.2057,1,city
684,7-ELEVEN #35101,"I-86/SR-17, EXIT 16",Randolph,NY,42.16201,-78.97532,4.4990,4.4990,4.4990,1,city
689,FLYING EAGLE,"I-235, EXIT 4",Wichita,KS,37.69224,-97.33754,3.4990,3.4990,3.4990,1,city
692,BP,US-63,Ottumwa,IA,41.02001,-92.4113,3.3990,3.3990,3.3990,1,city
739,Arco #364420,US-23,Greenup,KY,38.57313,-82.83017,3.6490,3.6490,3.6490,1,city
748,QUIKTRIP #4231,US-85,Evans,CO,40.37637,-104.69219,3.1723,3.1723,3.1723,1,city
769,AYERCO #26,US-61/US-136,Alexandria,MO,40.35949,-91.45543,3.0157,3.0157,3.0157,1,city
815,Kwik Trip #1508,"US-18/SR-151, EXIT 58",Barneveld,WI,43.01555,-89.8954,3.4890,3.4890,3.4890,1,city
855,SPEEDWAY #7459,US-41 & SR-137,North Chicago,IL,42.32558,-87.84118,3.3790,3.2890,3.4990,3,city
863,Ocean Fuel,US-301/SR-73,Sylvania,GA,32.75044,-81.63678,3.4990,3.4990,3.4990,1,city
906,PILOT TRAVEL CENTERS #429,"I-40, EXIT 280",West Memphis,AR,35.14648,-90.18454,3.3950,3.2910,3.4990,2,city
908,CIRCLE K #2704888,"I-65, EXIT 246 & SR-119",Pelham,AL,33.28567,-86.80999,3.4657,3.4657,3.4657,1,city
912,PETRO STOPPING CENTER #319,"I-20/59,  EXIT 100",Mc Calla,AL,33.34872,-87.01416,3.1257,3.1257,3.1257,1,fuzzy
936,CASEYS #4254,"I-40, EXIT 129",Conway,AR,35.0887,-92.4421,3.0323,3.0323,3.0323,1,city
970,CIRCLE K #2702885,"I-17/SR-60, EXIT 199A",Phoenix,AZ,33.44838,-112.07404,3.3923,3.3923,3.3923,1,city
977,PILOT TRAVEL CENTERS #328,"I-10, EXIT 17",Quartzsite,AZ,33.66391,-114.22995,3.9590,3.9590,3.9590,2,city
981,STINKER #85,"I-15, EXIT 93",Blackfoot,ID,43.19047,-112.34498,3.5323,3.5323,3.5323,1,city
982,CIRCLE K #2701948,"I-8, EXIT 7 & SR-195",Yuma,AZ,32.72532,-114.6244,3.5657,3.5657,3.5657,1,city
1028,FOUR STATES TRUCK STOP,"I-495, EXIT 4 & SR-9",New Castle,DE,39.65948,-75.56359,3.4240,3.3990,3.4490,2,city
1042,Union 76,US-441 & SR-100A,Lake City,FL,30.18968,-82.63929,3.5623,3.5623,3.5623,1,city
1043,SHELL DBA ONE9 #1401,I-75 EXIT 414  & US-41,Lake City,FL,30.18968,-82.63929,3.2515,3.2440,3.2590,2,city
1047,TA MARIANNA TRAVEL CENTER,"I-10/SR-8, EXIT 142 & SR-71",Marianna,FL,30.77436,-85.22687,3.6073,3.6073,3.6073,1,city
1075,PILOT TRAVEL CENTERS #68,"I-16 /SR-404, EXIT 51 & US-441",Dublin,GA,32.54044,-82.90375,3.4157,3.3990,3.4323,2,city
1106,CIRCLE K #2705367,"I-20, EXIT 172",Thomson,GA,33.47069,-82.50457,3.3990,3.3990,3.3990,1,city
1112,BC AMPRIDE TRUCK PLAZA,US-59/SR-141,Denison,IA,42.01777,-95.35528,3.3990,3.3990,3.3990,1,city
1115,KWIK STAR #704,SR-57/SR-14,Parkersburg,IA,42.57748,-92.78686,3.5823,3.5823,3.5823,1,city
1121,TRAVELERS OASIS,"I-84, EXIT 182",Eden,ID,42.60575,-114.21086,3.7990,3.7990,3.7990,1,city
1128,TA CHICAGO NORTH TRAVEL CENTER,"I-94/US-41, EXIT 1",Wadsworth,IL,42.42863,-87.92397,3.7990,3.7690,3.8790,4,city
1132,SPEEDWAY #7423,"I-57, EXIT 83",Ina,IL,38.15116,-88.90396,3.2490,3.2490,3.2490,1,city
1136,PILOT TRAVEL CENTER #171,"I-74, EXIT 206",Oakwood,IL,40.11615,-87.77836,3.4990,3.3990,3.5990,3,city
1140,CIRCLE K #4701398,"I-55, EXIT 82 & SR-104",Divernon,IL,39.56561,-89.65732,3.4990,3.4990,3.4990,1,city
1149,PILOT TRAVEL CENTERS #30,"I-70, EXIT 96",Greenfield,IN,39.78504,-85.76942,3.9590,3.9590,3.9590,2,city
1151,SPEEDWAY #8061,"I-70, EXIT 115 & SR-109",Knightstown,IN,39.7956,-85.52636,3.7590,3.7590,3.7590,1,city
1154,CIRCLE K #2704691,SR-71 & CR-214,Cedar Creek,TX,30.08716,-97.50083,3.1990,3.1990,3.1990,1,city
1156,CIRCLE K #4700028,"I-74/US-421, EXIT 116 & SR-44",Shelbyville,IN,39.52144,-85.77692,3.5990,3.5990,3.5990,1,city
1157,One9 #297,"I-70, EXIT 11 & SR-46",Terre Haute,IN,39.4667,-87.41391,3.4357,3.4357,3.4357,1,city
1158,PILOT TRAVEL CENTERS #36,US-30  & SR-49,Valparaiso,IN,41.47309,-87.06114,3.8640,3.8590,3.8690,2,city
1163,SHORT STOP #13,US-54,Emporia,KS,38.4039,-96.18166,2.8390,2.8390,2.8390,1,city
1176,PILOT TRAVEL CENTERS #353,"I-75, EXIT 129",Georgetown,KY,38.2098,-84.55883,3.2057,3.2057,3.2057,1,city
1179,PILOT TRAVEL CENTERS #399,"I-65, EXIT 105",Lebanon Junction,KY,37.83451,-85.7319,3.6090,3.6090,3.6090,1,city
1196,SOUTHERN BELLE TRUCK STOP,US-61 & SR-964,Saint Francisville,LA,30.7799,-91.3765,3.3840,3.3840,3.3840,1,city
1199,ALLTOWN MARKETS #306,"I-190, EXIT 7",Leominster,MA,42.52509,-71.75979,3.6823,3.6823,3.6823,1,city
1202,ONE9 #290,"I-95, EXIT 93 & SR-222",Perryville,MD,39.56011,-76.07134,3.5990,3.5990,3.5990,1,city
1204,PETRO STOPPING CENTER #321,"I-70 & I-57, EXIT 159",Effingham,IL,39.12004,-88.54338,3.4190,3.3490,3.5490,4,city
1208,D AVENUE FUEL PLAZA,US-131,Kalamazoo,MI,42.29171,-85.58723,3.2990,3.0990,3.4990,2,city
1210,ROADHAWK TRAVEL CENTER,"I-94, EXIT 56 & SR-51",Paw Paw,MI,42.21782,-85.89112,3.5790,3.5590,3.5990,2,city
1217,KWIK TRIP #250,"I-90, EXIT 179",Austin,MN,43.66663,-92.97464,3.3740,3.3740,3.3740,1,city
1218,CASEYS #3658,SR-210,Pillager,MN,46.32997,-94.47417,3.2990,3.2990,3.2990,1,city
1225,AYERCO #35,US-61 & US-61 BUS,Bowling Green,MO,39.34199,-91.19514,3.0157,3.0157,3.0157,1,city
1234,Lamar Travel Plaza,US-71 & US-160,Lamar,MO,37.49505,-94.27661,3.1990,3.1990,3.1990,1,city
1236,AYERCO #44,US-36 & US-24,Palmyra,MO,39.79421,-91.52321,3.0157,3.0157,3.0157,1,city
1240,TEMP STOP #103,US-65,Sedalia,MO,38.70446,-93.22826,3.1990,3.1990,3.1990,1,city
1247,SNAPPY MART #11,US-63 & SR-14,West Plains,MO,36.72812,-91.85237,3.2990,3.2990,3.2990,1,city
1251,MAPCO #3009,US-72,Corinth,MS,34.93425,-88.52227,3.1540,3.1540,3.1540,1,city
1256,DOUBLE QUICK #89,US-82/US-278,Greenville,MS,33.40898,-91.05978,3.2557,3.2557,3.2557,1,city
1265,JOE JOES TRAVEL CENTER,US-78 & RED BANKS RD S,Red Banks,MS,34.82815,-89.56453,2.9723,2.9723,2.9723,1,city
1304,LOVES TRAVEL STOP #667,"I-85, EXIT 152",Mebane,NC,36.09597,-79.26696,3.9473,3.9473,3.9473,1,city
1315,CIRCLE K #2720218,US-421 BUS & US-15/US-501/US-1,Sanford,NC,35.47988,-79.1803,3.0823,3.0823,3.0823,1,city
1325,SCOTCHMAN #3303,US-421 & US-74,Wilmington,NC,34.23556,-77.94604,3.6290,3.6290,3.6290,1,city
1326,SPEEDWAY #7949,US-301/US-264 ALT & CR-1674,Wilson,NC,35.72127,-77.91554,3.1990,3.1990,3.1990,1,city
1333,PUMP & PANTRY #15,US-30,Grand Island,NE,40.92501,-98.34201,3.3073,3.3073,3.3073,1,city
1340,BORDENTOWN VALERO,"NJ TNPK, EXIT 7 & US-206",Bordentown,NJ,40.14622,-74.71183,3.4990,3.4990,3.4990,1,city
1342,Delta,"I-80, EXIT 47B",Fairfield,NJ,40.88371,-74.30598,3.2023,3.2023,3.2023,1,city
1344,BOLLA TRUCK STOP #193,US-202 & SR-17,Mahwah,NJ,41.08871,-74.14376,3.5323,3.5323,3.5323,1,city
1348,GLOBAL,SR-73,Palmyra,NJ,40.00706,-75.02823,3.3590,3.3590,3.3590,1,city
1356,LOVES TRAVEL STOP #257,"I-40 & HORIZON, EXIT 79",Milan,NM,35.16976,-107.89089,3.5907,3.5907,3.5907,1,city
1364,7- ELEVEN #40507,"I-80/I-90, MM 56 WB",Rolling Prairie,IN,41.67088,-86.61585,3.9823,3.9823,3.9823,1,city
1372,PILOT TRAVEL CENTER #469,"I-77, EXIT 101 & SR-627",Canton,OH,40.79895,-81.37845,3.6223,3.6223,3.6223,1,city
1376,FUEL MART #782,"I-75, EXIT 118",Lima,OH,40.74255,-84.10523,3.0857,3.0857,3.0857,1,city
1379,TA LODI TRAVEL CENTER,"I-71, EXIT 209 & I-76/US-224, EXIT 1",Seville,OH,41.01006,-81.86236,3.7390,3.7390,3.7390,1,city
1384,SUNOCO,"I-80/I-90, EXIT 13 & US-20ALT/SR-15",Montpelier,OH,41.5845,-84.60551,3.4157,3.4157,3.4157,1,city
1391,ONCUE EXPRESS #2045,"I-35, EXIT 203 & SR-15",Billings,OK,36.52892,-97.44394,3.2157,3.2157,3.2157,1,city
1395,DOMINO FOOD AND FUEL #1,"I-40, EXIT 66",Clinton,OK,35.51561,-98.96731,3.0990,3.0990,3.0990,1,city
1404,ONE9 #339,"I-74, EXIT 4 & SR-63",Covington,IN,40.1417,-87.39474,3.2623,3.2623,3.2623,1,city
1414,SAC SHOP #507,"I-70, EXIT 12/161",Breezewood,PA,39.99925,-78.23862,4.0990,4.0990,4.0990,1,city
1424,GETTYSBURG TRAVEL PLAZA,US-15 & SR-394,Gettysburg,PA,39.83093,-77.2311,3.8990,3.8990,3.8990,1,city
1428,CIRCLE K #4702408,"I-65, EXIT 168 & SR-38/SR-25",Lafayette,IN,40.4167,-86.87529,3.4323,3.4323,3.4323,1,city
1432,KWIK FILL #259,"I-81, EXIT 57",Mechanicsburg,PA,40.21426,-77.00859,4.0490,4.0490,4.0490,1,city
1444,PILOT TRAVEL CENTERS #346,"I-20, EXIT 92 & US-601",Lugoff,SC,34.22737,-80.68925,3.4323,3.4323,3.4323,1,city
1445,PILOT TRAVEL CENTERS #402,"I-80, EXIT 367",Cheyenne,WY,41.13998,-104.82025,3.7090,3.7090,3.7090,1,city
1447,HOT SPOT #3005,US-221,Chesnee,SC,35.14845,-81.86094,3.1990,3.1990,3.1990,1,city
1453,EXPRESS STOP,US-278/SR-101/SR-6 & SR-113,Rockmart,GA,34.0026,-85.04161,3.3190,3.3190,3.3190,1,city
1455,PETRO FLORENCE,"I-95, EXIT 169",Florence,SC,34.19543,-79.76256,3.3257,3.3257,3.3257,1,city
1461,CIRCLE K #2705370,"I-26, EXIT 15 & US-176",Inman,SC,35.04706,-82.09011,3.0990,3.0990,3.0990,1,city
1464,CIRCLE K #2723254,"I-20, EXIT 55 & SR-6",Lexington,SC,33.98154,-81.23621,3.1990,3.1990,3.1990,1,city
1470,CIRCLE K #2705348,US-1,Beech Island,SC,33.42736,-81.89095,3.1590,3.1590,3.1590,1,city
1479,TA SPARTANBURG TRAVEL CENTER,"I-85, EXIT 63 & SR-290",Duncan,SC,34.9379,-82.14511,3.4323,3.4323,3.4323,1,city
1487,ROADRUNNER MARKET #6019,"I-81, EXIT 36 NORTH",Greeneville,TN,36.16316,-82.83099,3.4990,3.4990,3.4990,1,city
1492,MAPCO #3538,"I-24, EXIT 174",Chattanooga,TN,35.04563,-85.30968,2.8990,2.8990,2.8990,1,city
1507,CIRCLE K #4703941,"I-55, EXIT 5A",Memphis,TN,35.14953,-90.04898,3.1890,3.1890,3.1890,1,city
1516,LOVES TRAVEL STOP #261,I-27 EXIT 116,Amarillo,TX,35.222,-101.8313,3.2323,3.2323,3.2323,1,city
1531,CircleK #4702365,"I-74, EXIT 112 & SR-9",Shelbyville,IN,39.52144,-85.77692,3.5090,3.5090,3.5090,1,city
1533,YESWAY #1157,US-62,Brownfield,TX,33.1812,-102.27435,2.9923,2.9923,2.9923,1,city
1546,SHELL,"I-35, EXIT 86 & SR-85",Dilley,TX,28.66748,-99.17059,3.0990,3.0990,3.0990,1,city
1548,TOOT N TOTUM #107,US-287,Dumas,TX,35.86559,-101.97324,3.0323,3.0323,3.0323,1,city
1552,STRIPES #40911,US-59 & SR-16,Freer,TX,27.8828,-98.61779,3.0990,3.0990,3.0990,1,city
1555,SEIBERT TRAVEL PLAZA,"I-70, EXIT 405 & SR-59",Seibert,CO,39.29916,-102.8691,3.4990,3.4990,3.4990,1,city
1560,CATTREZ,US-20 & SR-5,Irving,NY,42.56756,-79.11282,2.9490,2.8990,2.9990,2,city
1562,I MART #108,"I-40, EXIT 108",Wildersville,TN,35.78145,-88.36032,3.0990,3.0990,3.0990,1,city
1567,KUM & GO #4110,"I-235, EXIT 11",Des Moines,IA,41.60054,-93.60911,3.0273,3.0273,3.0273,1,city
1579,FLYING J TRAVEL PLAZA #924- TOWN PUMP,"I-15, EXIT 122 & I-90 MM220",Butte,MT,46.00382,-112.53474,3.5657,3.5657,3.5657,1,city
1582,LOVES TRAVEL STOP #250,I-40 EXIT 60,Amarillo,TX,35.222,-101.8313,3.3140,3.3140,3.3140,1,city
1585,Stripes 7Fleet #42498,US-385 & CR-1910,Andrews,TX,32.31872,-102.54572,3.3690,3.3690,3.3690,1,city
1590,ROAD RANGER #240,"I-80 & I-94, EXIT 15-A",Lake Station,IN,41.57504,-87.23892,3.5590,3.5590,3.5590,1,city
1596,FLYING J #305,"I-40, EXIT 39",Jamestown,NM,35.4708,-108.44206,3.4423,3.4423,3.4423,1,city
1597,7-ELEVEN #36156,"I-70 & SR-519, EXIT 25/333",Eighty Four,PA,40.18174,-80.13311,4.9990,4.9990,4.9990,1,city
1599,ONVO TRAVEL PLAZA,"I-81, EXIT 10",Mc Graw,NY,42.59618,-76.09326,3.4490,3.4390,3.4590,2,fuzzy
1602,CIRCLE K #2723387,US-98,Beaumont,MS,31.16935,-88.92004,3.5657,3.5657,3.5657,1,city
1606,DONNAS TRAVEL PLAZA,"I-5, EXIT 202",Marysville,WA,48.05176,-122.17708,4.5590,4.5590,4.5590,1,city
1610,TA BALTIMORE TRAVEL CENTER,"I-95, EXIT 57",Baltimore,MD,39.29038,-76.61219,4.7590,4.7590,4.7590,1,city
1618,GO MART FOOD STORE #33,US-33,Ripley,WV,38.8187,-81.71069,3.4990,3.4990,3.4990,1,city
1621,CIRCLE K #2709337,"I-65, EXIT 262B",Birmingham,AL,33.52066,-86.80249,3.4890,3.4890,3.4890,1,city
1622,RACEWAY #6973,US-380 & SR-114/SR-101,Bridgeport,TX,33.21012,-97.75476,2.7823,2.7823,2.7823,1,city
1623,SAPP BROS TRAVEL CENTER,"I-70 & I-270, EXIT 278",Commerce City,CO,39.80832,-104.93387,3.3890,3.3890,3.3890,1,city
1625,PILOT TRAVEL CENTERS #60,"I-26, EXIT 159",Bowman,SC,33.34877,-80.68287,3.4323,3.4323,3.4323,1,city
1632,PILOT TRAVEL CENTERS #266,"I-10, EXIT 139 & SR-292",Las Cruces,NM,32.31232,-106.77834,3.1907,3.1907,3.1907,1,city
1633,7-ELEVEN #36302,"I-35, EXIT 144",Von Ormy,TX,29.28913,-98.64446,3.1090,3.1090,3.1090,1,city
1634,PILOT TRAVEL CENTERS #40,"I-94, EXIT 322",Oak Creek,WI,42.88585,-87.86314,3.8890,3.8890,3.8890,1,city
1644,ALLSUPS CONVENIENCE STORE #2414,"I-20, EXIT 235",Roscoe,TX,32.44595,-100.53872,2.9290,2.9290,2.9290,1,city
1646,SPEEDWAY #8310,US-6  & US-31,Plymouth,IN,41.34366,-86.30973,3.6090,3.6090,3.6090,1,city
1647,SPEEDWAY #8305,US-41 & SR-312,Hammond,IN,41.58337,-87.50004,3.7657,3.7657,3.7657,1,city
1653,ROAD RANGER #187,"I-55, EXIT 289",Chicago,IL,41.85003,-87.65005,3.5840,3.5690,3.5990,2,city
1654,CEFCO #3,US-77/US190/SR-36,Cameron,TX,30.85325,-96.97693,2.9890,2.9890,2.9890,1,city
1661,CHEVRON,"I-20, EXIT 101 & SR-151",Calhoun,LA,32.51265,-92.35847,3.1590,3.1590,3.1590,1,city
1669,BETTY BEAVERS TRUCKSTOP,"I-90, EXIT 28",Fultonville,NY,42.94785,-74.37041,3.1690,3.1490,3.1890,2,city
1670,Petro Stopping Center #54,"I-44, EXIT 4 & SR-3",Joplin,MO,37.08423,-94.51328,3.4490,3.4490,3.4490,1,city
1671,LOVES TRAVEL STOP #412,"I-95, EXIT 77",Dunn,NC,35.30627,-78.6089,3.6990,3.6990,3.6990,1,city
1672,HANA TRAVEL PLAZA,"I-40,  EXIT 77",Amarillo,TX,35.222,-101.8313,2.8990,2.8990,2.8990,1,city
1699,ALLENS FOOD MART280,US-280/US-231/SR-53/SR-38 & CR-8/CR-34,Sylacauga,AL,33.17317,-86.25164,3.7990,3.7990,3.7990,1,city
1700,TOPPS FUEL STOPS,US-259/SR-49,Daingerfield,TX,33.03179,-94.72187,3.1090,3.1090,3.1090,1,city
1720,TOOT N TOTUM #120,US-54 & S WESTERN AVE,Liberal,KS,37.04308,-100.921,3.0157,3.0157,3.0157,1,city
1749,HIGHWAY 96 FUEL STOP,US-96 & SR-62/FM-1004,Buna,TX,30.43298,-93.9624,3.1490,3.1490,3.1490,1,city
1753,PWI #169,"I-35/US-77, EXIT 359 & CR-1304",Abbott,TX,31.88488,-97.07334,2.8990,2.8990,2.8990,1,city
1773,M-46 AUTO TRUCK PLAZA,"US-131, EXIT 120 & SR-46",Howard City,MI,43.39558,-85.46782,3.1990,3.0990,3.5990,3,city
1791,PILOT TRAVEL CENTERS #257,"I-20, EXIT 126 & FM-1788",Midland,TX,31.99735,-102.07791,3.5657,3.5657,3.5657,1,city
1807,LOVES TRAVEL STOP #229,I-40 EXIT 96 & SR-207,Panhandle,TX,35.3456,-101.38044,3.3140,3.3140,3.3140,1,city
1810,KENT KWIK #804,US-83,Perryton,TX,36.40003,-100.80265,2.9990,2.9990,2.9990,1,city
1829,PILOT TRAVEL CENTERS #96,"SR- 60 & FL TURNPIKE, EXIT 193",Okeechobee,FL,27.24393,-80.82978,3.7090,3.6990,3.7190,2,city
1832,CORNER FUEL CENTER,US-49,Hattiesburg,MS,31.32712,-89.29034,3.2990,3.2990,3.2990,1,city
1834,PUMP N PANTRY #15,"I-20, EXIT 617 & US-59",Marshall,TX,32.54487,-94.36742,2.8990,2.8990,2.8990,1,city
1849,Stripes #42457,US-67/US-277,San Angelo,TX,31.46377,-100.43704,3.2440,3.2440,3.2440,1,city
1855,EXIT 76 AUTO TRUCK PLAZA,US-131,Byron Center,MI,42.81225,-85.72281,3.4990,3.4990,3.4990,1,city
1858,FLYING J TRAVEL PLAZA #737,"I-10, EXIT 583",San Antonio,TX,29.42412,-98.49363,3.2240,3.2240,3.2240,1,city
1859,GO MART FOOD STORE #44,"I-79, EXIT 67 & US-19/SR-4",Sutton,WV,38.66454,-80.70982,3.5590,3.5590,3.5590,1,city
1860,MR FUEL #278,"I-75/71, EXIT 175 & SR-338",Walton,KY,38.87562,-84.61022,3.0190,3.0190,3.0190,1,city
1861,PETRO STOPPING CENTER #315,"I-40, EXIT 66",Kingman,AZ,35.18944,-114.05301,3.8990,3.8990,3.8990,1,city
1866,PRI MART FUEL CENTER,"I-94, EXIT 29",Benton Harbor,MI,42.11671,-86.45419,3.6490,3.4990,3.7990,2,city
1873,JDS TRUCKSTOP,"US-12 & US-31, EXIT 3",Niles,MI,41.82977,-86.25418,3.7990,3.7490,3.8490,2,city
1874,CIRCLE K #2744529,US-175,Seagoville,TX,32.63958,-96.53832,2.9507,2.9507,2.9507,1,city
1879,HOLIDAY STATIONSTORE #3552,"I-35, EXIT 81 & SR-70",Lakeville,MN,44.64969,-93.24272,3.5490,3.5490,3.5490,1,city
1888,STRIPES 7FLEET #42449,US-87,Sterling City,TX,31.83625,-100.98483,3.2807,3.2807,3.2807,1,city
1889,TOOT N TOTUM #105,US-54 & US-287,Stratford,TX,36.33614,-102.07212,2.9657,2.9657,2.9657,1,city
1893,MIKE MCDONALD TRUCK STOP,"I-20, EXIT 509",Terrell,TX,32.73596,-96.27526,2.8707,2.8707,2.8707,1,city
1894,CIRCLE K #2741544,"I-37 & SR-72, EXIT 69",Three Rivers,TX,28.46027,-98.18251,3.0657,3.0657,3.0657,1,city
1897,YESWAY #1077,"I-20/US-84, EXIT 278",Tye,TX,32.45762,-99.87148,2.8757,2.8757,2.8757,1,city
1905,LUCKY TRUCK STOP,US-82,Whitesboro,TX,33.65622,-96.90695,2.8857,2.8857,2.8857,1,city
1909,RALLYSTOP #1,"I-15, EXIT 62",Cedar City,UT,37.67748,-113.06189,3.4590,3.4590,3.4590,1,city
1914,LOVES TRAVEL STOP #792,"I-70, EXIT 160",Green River,UT,38.99525,-110.1618,3.7090,3.7090,3.7090,1,city
1921,BELL TRUCK STOP,"I-80, EXIT 146",Park City,UT,40.64606,-111.49797,3.4523,3.4523,3.4523,1,city
1923,SCENIC QUIK STOP,"I-70, EXIT 54 & US-89",Salina,UT,38.95774,-111.85993,3.4590,3.4590,3.4590,1,city
1930,CASEYS #3058,"I-35, EXIT 19 & US-160 E",Wellington,KS,37.2653,-97.37171,3.2990,3.2990,3.2990,1,city
1931,RBS ONE STOP,"I-15, EXIT 320",Woods Cross,UT,40.87161,-111.89216,3.4590,3.4590,3.4590,1,city
1934,CIRCLE K #2723710,"I-77, EXIT 24",Austinville,VA,36.85123,-80.91202,3.2407,3.2407,3.2407,1,city
1936,QUICK STOP MARKET #36,"I-81, EXIT 10 & US-11",Bristol,VA,36.59649,-82.18847,3.3990,3.3990,3.3990,1,city
1940,7-ELEVEN #40063,"I-81, EXIT 98 & SR-100",Dublin,VA,37.10568,-80.68534,3.1990,3.1990,3.1990,1,city
1944,LOVES TRAVEL STOPS #399,"I-77, EXIT 1 & SR-620",Lambsburg,VA,36.58541,-80.76118,3.5890,3.5890,3.5890,2,city
1950,7-ELEVEN #34515,"I-81, EXIT 205",King George,VA,38.26818,-77.18442,3.3990,3.3990,3.3990,1,city
1951,CIRCLE K #2723713,"I-81, EXIT 205",Staunton,VA,38.14991,-79.0732,3.3857,3.3857,3.3857,1,city
1953,FAS MART #3555,"I-64, EXIT 136 & US-15",Gordonsville,VA,38.13736,-78.18778,3.6990,3.6990,3.6990,1,city
1954,Joe's Kwik Mart #8409,US-58 & CR-645,Suffolk,VA,36.72836,-76.58496,3.0323,3.0323,3.0323,1,city
1956,PILOT TRAVEL CENTER #4642,"I-81, EXIT 291",Toms Brook,VA,38.9465,-78.43917,3.6590,3.6590,3.6590,1,city
1958,SPEEDWAY #4618,"I-81 & I-77, EXIT 77",Wytheville,VA,36.94845,-81.08481,3.4123,3.4123,3.4123,1,city
1960,MAPLEWOOD IRVING,"I-89, EXIT 7",Montpelier,VT,44.26006,-72.57539,3.6990,3.6990,3.6990,1,city
1962,SUPER QUIK,"I-64, EXIT 172 & SR-1/SR-7",Grayson,KY,38.33258,-82.9485,3.7990,3.7990,3.7990,1,city
1976,One9 #963,"I-90, EXIT 276",Spokane,WA,47.65966,-117.42908,3.9740,3.9590,3.9890,2,city
1977,GEE CEES TRUCK STOP,"I-5, EXIT 57",Toledo,WA,46.43983,-122.84678,3.8390,3.8390,3.8390,1,city
1983,KWIK TRIP #427,"US-53, EXIT 110 & SR-40",Bloomer,WI,45.10024,-91.48877,3.4157,3.4157,3.4157,1,city
1985,Camp Douglas BP,"I-90 & I-94, EXIT 55",Camp Douglas,WI,43.92247,-90.27152,3.1540,3.1540,3.1540,1,city
2000,RIVER CITY TRAVEL PLAZA,US-41,Marinette,WI,45.09998,-87.63066,3.3990,3.3990,3.3990,1,city
2002,KWIK TRIP #222,US-53/US-2,Superior,WI,46.72077,-92.10408,3.3390,3.3390,3.3390,1,city
2009,KWIK TRIP #139,"I-43, EXIT 120 & CR-V/CR-OK",Sheboygan,WI,43.75083,-87.71453,3.2907,3.2907,3.2907,1,city
2020,BFS FOODS #72,"I-68, EXIT 23 & SR-26",Bruceton Mills,WV,39.65869,-79.64116,3.4990,3.4990,3.4990,1,city
2021,GO MART FOOD STORE #59,"I-64, EXIT 15 & US-60",Huntington,WV,38.41925,-82.44515,3.4990,3.4990,3.4990,1,city
2022,GO MART FOOD STORE #86,"I-79, EXIT 40 & SR-16",Ivydale,WV,38.53565,-81.03483,3.5990,3.5990,3.5990,1,city
2029,HOMAX SERVICE,"I-25, EXIT 188",Mills,WY,42.84052,-106.36586,3.1690,3.1690,3.1690,1,city
2030,GHOST TOWN FUEL STOP,US-26/US-20,Casper,WY,42.86663,-106.31308,3.4290,3.4290,3.4290,1,city
2034,TA CHEYENNE TRAVEL CENTER,"I-80, EXIT 377 & SR-217/CR-140",Cheyenne,WY,41.13998,-104.82025,3.6990,3.6990,3.6990,1,city
2040,Fast Stop Travel Centers #1133,"I-25, EXIT 126 & US-18/20",Douglas,WY,42.75969,-105.38221,3.4990,3.4990,3.4990,1,city
2041,PINE BLUFFS SINCLAIR,"I-80, EXIT 401 & US-30",Pine Bluffs,WY,41.18193,-104.06912,3.6990,3.6990,3.6990,1,city
2044,One9 #1251,"I-80, EXIT 173",Wamsutter,WY,41.67301,-107.97925,3.4990,3.4990,3.4990,1,city
2074,STRIPES #40522,"I-10, EXIT 550",San Antonio,TX,29.42412,-98.49363,3.0590,3.0590,3.0590,1,city
2076,ALLSUPS CONVENIENCE STORE #2159,US-283 BUS/US-277 BUS & SR-422,Seymour,TX,33.59426,-99.26035,3.2990,3.2990,3.2990,1,city
2078,ALLSUPS CONVENIENCE STORE #2366,US-84 & CR-3300,Slaton,TX,33.43731,-101.64349,2.9690,2.9690,2.9690,1,city
2084,Main Street Market #112,"I-20, EXIT 73",Wickett,TX,31.57013,-103.00099,2.8790,2.8790,2.8790,1,city
2087,LWS TRUCK STOP,SR-30,Logan,UT,41.73549,-111.83439,3.4257,3.4257,3.4257,1,city
2088,FLYING J TRAVEL PLAZA #773,"I-70, EXIT 40",Richfield,UT,38.77247,-112.08409,3.6990,3.6990,3.6990,1,city
2089,FLYING J TRAVEL PLAZA #774,"I-84, EXIT 7",Snowville,UT,41.96548,-112.7097,3.7490,3.7490,3.7490,1,city
2115,KWIK TRIP #838,SR-23/SR-33,Reedsburg,WI,43.53248,-90.00263,3.1940,3.1940,3.1940,1,city
2125,BIG D #44,"I-80, EXIT 311 & SR-130",Laramie,WY,41.31137,-105.5911,3.2490,3.2490,3.2490,1,city
2144,Mountain View Truck Stop,US-15,Thurmont,MD,39.62371,-77.41082,4.0990,4.0990,4.0990,1,city
2152,SPEEDWAY #4709,"I-90, EXIT 102",Fairmont,MN,43.65218,-94.46108,3.2990,3.2990,3.2990,1,city
2167,PILOT TRAVEL CENTERS #134,"I-94, EXIT 171 (CR 75)",Saint Cloud,MN,45.5608,-94.16249,3.2873,3.2873,3.2873,1,city
2182,PILOT TRAVEL CENTER #4649,"I-64 & I-81, EXIT 205",Raphine,VA,37.93735,-79.23281,3.6590,3.6590,3.6590,1,city
2192,GO MART FOOD STORE #51,US-19/SR-129,Mount Nebo,WV,38.20011,-80.85121,3.5990,3.5990,3.5990,1,city
2194,A AND A TRUCKSTOP,US-35 & CR-41,Jackson,OH,39.05202,-82.63655,3.7990,3.7990,3.7990,1,city
2196,Certified Oil #400410,I-76 EXIT 43,Ravenna,OH,41.15756,-81.24205,3.3157,3.3157,3.3157,1,city
2204,NATURAL BRIDGE SHELL,US-278 & SR-5,Lynn,AL,34.04705,-87.54974,3.6823,3.6823,3.6823,1,city
2209,Roadrunner #471,"I-40/US-65, EXIT 142 & SR-365",North Little Rock,AR,34.76954,-92.26709,3.0323,3.0323,3.0323,1,city
2219,PILOT TRAVEL CENTERS #66,"I-85, EXIT 129",Braselton,GA,34.10927,-83.76267,3.2723,3.2723,3.2723,2,city
2223,PO JOS GAS N GO,"I-16 SR-404, EXIT 116 & US-301/SR-73",Register,GA,32.36712,-81.884,3.2323,3.2323,3.2323,1,city
2227,SPEEDWAY #7448,SR-59,Naperville,IL,41.78586,-88.14729,3.3290,3.2990,3.3590,2,city
2231,QUIKTRIP #605,"I-270, EXIT 33",Saint Louis,MO,38.62727,-90.19789,2.8990,2.8990,2.8990,1,city
2255,S&G #36,"I-280, EXIT 2 & SR-795",Millbury,OH,41.56616,-83.42465,3.4923,3.4923,3.4923,1,city
2267,Circle K #4703917,"I-65, EXIT 112 & SR-25",Cross Plains,TN,36.54866,-86.69611,2.9490,2.9490,2.9490,1,city
2283,CIRCLE K #2707321,SR-60,Bartow,FL,27.89641,-81.84314,3.5223,3.5223,3.5223,1,city
2287,SAC SHOP #511,"I-76/I-70, EXIT 146 & I-99/US-220 EXIT 1",Bedford,PA,40.01869,-78.50391,4.0990,4.0990,4.0990,1,city
2306,SCOTCHMAN #3894,"I-77, EXIT 73 & SR-901",Rock Hill,SC,34.92487,-81.02508,3.0790,3.0790,3.0790,1,city
2310,MAPCO #3686,"I-24, EXIT 175",Chattanooga,TN,35.04563,-85.30968,2.8890,2.8890,2.8890,1,city
2311,SHELL,"I-24 & EPPS MILL RD, EXIT 89",Christiana,TN,35.71007,-86.39944,3.1323,3.1323,3.1323,1,city
2331,PINNERS POINT,SR-135,Portsmouth,VA,36.83543,-76.29827,3.4990,3.4990,3.4990,1,city
2336,FLYING J TRAVEL PLAZA #754,"I-77 & I-81, EXIT 77",Wytheville,VA,36.94845,-81.08481,3.5490,3.5490,3.5490,1,city
2340,RSTORE #4478,SR-8 & SR-13,Prentice,WI,45.54607,-90.28654,3.0390,3.0390,3.0390,1,city
2557,PWI #106,"I-30, EXIT 77B",Royse City,TX,32.97512,-96.33248,2.8990,2.8990,2.8990,1,city
2602,PILOT TRAVEL CENTERS #9,"I-75, EXIT 36",Franklin,OH,39.55895,-84.30411,3.3523,3.3523,3.3523,1,city
2623,TA JANESVILLE TRAVEL CENTER,"I-90/I-39, EXIT 171B & US-14",Janesville,WI,42.68279,-89.01872,3.2990,3.2990,3.2990,1,city
2626,WEST END SINCLAIR,"I-80, EXIT 211",Rawlins,WY,41.79107,-107.23866,3.3190,3.3190,3.3190,1,city
2629,PILOT TRAVEL CENTERS #253,"I-295 & NJ TRNPK,  EXIT 2B",Penns Grove,NJ,39.72956,-75.46797,3.9890,3.9890,3.9890,1,city
2635,FLYING J #584,"I-5, EXIT 278",Aurora,OR,45.23095,-122.75593,3.8590,3.8590,3.8590,1,city
2638,PIT STOP TRAVEL CENTER,US-789,Riverton,WY,43.02496,-108.3801,4.3990,4.3990,4.3990,1,city
2640,LITTLE NASHVILLE,"I-64, EXIT 50 & SR-127",Nashville,IL,38.34366,-89.38064,3.3490,3.2990,3.3990,2,city
2644,FREDERICKS TRAVEL CENTER,"I-25/US-87, EXIT 235 & SR-52",Erie,CO,40.05026,-105.04998,3.4990,3.4990,3.4990,1,city
2756,PAR MAR FOOD STORE #89,"I-77/SR-2, EXIT 170 & SR-14 E",Mineral Wells,WV,39.178,-81.51207,3.4990,3.4990,3.4990,1,city
2761,PONY EXPRESS SERVICE CENTER,US-36 & SR-148,Hanover,KS,39.89389,-96.87947,2.9557,2.9557,2.9557,1,city
2764,LOVES TRAVEL STOP #046,US-64/54 & SR-94,Hooker,OK,36.86003,-101.2135,3.5623,3.5623,3.5623,1,city
2765,LOVES TRAVEL STOP #023,US-50 & US-287,Lamar,CO,38.08723,-102.62075,3.4623,3.4623,3.4623,1,city
2772,PILOT TRAVEL CENTERS #29,"I- 80, EXIT 144; I-69, EXIT 357",Fremont,IN,41.73088,-84.93274,3.8990,3.8990,3.8990,2,city
2779,Stinker #121,I-84 & EXIT 208,Heyburn,ID,42.55852,-113.7639,3.5607,3.5607,3.5607,1,city
2788,JIFFY MART #451,"I-91, EXIT 17 & SR-302",Wells River,VT,44.15423,-72.04704,3.5690,3.5690,3.5690,1,city
2805,Fast Stop Travel Centers #1145,"I-15,  EXIT 31",Downey,ID,42.42853,-112.12441,3.7990,3.7990,3.7990,1,city
2807,SUDDEN SERVICE #25,"I-24, EXIT 11",Clarksville,TN,36.52977,-87.35945,3.3073,3.3073,3.3073,1,city
2811,KWIK FILL #22,"I-90, EXIT 40 & SR-34/SR-31",Weedsport,NY,43.04868,-76.56272,3.8990,3.8990,3.8990,1,city
2817,Chevron #382354,"I-5/US-12, EXIT 72",Chehalis,WA,46.66205,-122.96402,4.2990,4.2990,4.2990,1,city
2848,TA TONOPAH TRAVEL CENTER,"I-10, EXIT 103",Tonopah,AZ,33.49365,-112.93712,3.9390,3.9390,3.9390,1,city
2851,SPEEDWAY #2958,"I-8, EXIT 12",Yuma,AZ,32.72532,-114.6244,3.4790,3.4790,3.4790,1,city
2862,TA TALLULAH TRAVEL CENTER,"I-20, EXIT 171 & US-65",Tallulah,LA,32.40848,-91.18678,3.2090,3.2090,3.2090,1,city
2864,KUM & GO #0493,I-49 BUS/SR-59,Neosho,MO,36.86896,-94.368,3.0590,3.0590,3.0590,1,city
2875,CIRCLE K #2744138,"I-25, EXIT 101 & US-50/SR-47",Pueblo,CO,38.25445,-104.60914,3.3990,3.3990,3.3990,1,city
2883,PILOT TRAVEL CENTERS #293,"I-75, EXIT 341 & CR-484",Ocala,FL,29.1872,-82.14009,3.3857,3.3590,3.4123,2,city
2885,SP Truckstop & Travel Center,US-84/SR-38,Bainbridge,GA,30.9038,-84.57547,3.5990,3.5990,3.5990,1,city
2889,MOULTON COWBOYS,SR-157,Moulton,AL,34.48121,-87.29335,3.0990,3.0990,3.0990,1,city
2891,PETRO STOPPING CENTER #338,"I-80, EXIT 21",Sparks,NV,39.53491,-119.75269,3.9490,3.9490,3.9490,1,city
2895,EAGLE TRUCK STOP,I-77 EXIT 81,New Philadelphia,OH,40.48979,-81.44567,3.3157,3.3157,3.3157,1,city
2896,NORTH LEWISTON DYNAMART,US-12 & SR 128,Lewiston,ID,46.41655,-117.01766,3.6690,3.6690,3.6690,1,city
2897,GAS N GO #15,"I-80, EXIT 41",Lyman,WY,41.32745,-110.29293,3.4657,3.4657,3.4657,1,city
2910,FLYING J TRAVEL PLAZA #685,"I-29 & I- 94, EXIT 349",Fargo,ND,46.87719,-96.7898,3.5690,3.5690,3.5690,1,city
2913,ONE9#226,"I-40, EXIT 417 & SR-92",Dandridge,TN,36.01537,-83.41489,3.2590,3.2590,3.2590,1,city
2915,TP TRUCK STOP,"I-15, EXIT 80",Fort Hall,ID,43.03325,-112.43831,3.5190,3.5190,3.5190,1,city
2917,GOLDYS TRUCK PLAZA,US-29,Rustburg,VA,37.27681,-79.10085,3.5190,3.5190,3.5190,1,city
2922,LOVES TRAVEL STOP #210,"I-40, EXIT 158",Albuquerque,NM,35.08449,-106.65114,3.5207,3.5207,3.5207,1,city
2923,LOVES TRAVEL STOPS #435,"I-95, EXIT 104 & SR-207",Ruther Glen,VA,37.92875,-77.45582,3.6000,3.5890,3.6110,2,city
2924,HWY 190 FUEL STOP,US-190,Jasper,TX,30.9202,-93.99658,3.1323,3.1323,3.1323,1,city
2926,EXIT 77 TRAVEL PLAZA,"I-81, EXIT 77 & SR-39",Harrisburg,PA,40.2737,-76.88442,3.4990,3.4990,3.4990,1,city
2929,TA EXPRESS STEELE,"I-94, EXIT 200 & SR- 3",Steele,ND,46.85471,-99.91594,3.5990,3.5990,3.5990,1,city
2935,CIRCLE K #2726163,"I-295, EXIT 22",Jacksonville,FL,30.33218,-81.65565,3.2990,3.2990,3.2990,1,city
2937,FLYING J TRAVEL PLAZA #664,"I-75, EXIT 171",Walton,KY,38.87562,-84.61022,3.0857,3.0857,3.0857,1,city
2956,PILOT TRAVEL CENTERS #275,"I-85, EXIT 39 I-77, EXIT 13",Charlotte,NC,35.22709,-80.84313,3.5523,3.5523,3.5523,1,city
2963,SUPERPUMPER #26,"I-94, EXIT 258 & US-281",Jamestown,ND,46.91054,-98.70844,3.6290,3.6290,3.6290,1,city
2967,PETRO STOPPING CENTER #317,"I-57, EXIT 71",Perrysburg,OH,41.557,-83.62716,3.7857,3.7857,3.7857,1,city
2968,E-Z MART #4460,"I-20,  EXIT 124",Monroe,LA,32.50931,-92.1193,3.1290,3.1290,3.1290,1,city
2977,DISCOUNT FUEL,"I-90, EXIT 150 & SR-73",Kadoka,SD,43.83388,-101.50987,3.2290,3.2290,3.2290,1,city
2982,CIRCLE K #2723726,"I-59/I-20, EXIT 52 & US-11/US-43/SR-7",Knoxville,AL,33.59177,-85.89719,3.0890,3.0890,3.0890,1,city
3003,CHEVRON,"I-20, EXIT 186",Delta,LA,32.3257,-90.92705,2.9940,2.9940,2.9940,1,city
3008,BUSY BEE,"I-10, EXIT 283 & US-129",Live Oak,FL,30.29495,-82.98402,3.7790,3.7790,3.7790,1,city
3022,TA GREENCASTLE TRAVEL CENTER,"I-81, EXIT 5",Greencastle,PA,39.79037,-77.72777,3.9590,3.9590,3.9590,1,city
3030,Mr Ts Riverside,US-412,Cardwell,MO,36.04701,-90.29288,3.1990,3.1990,3.1990,1,city
3064,PORTS TO PLAINS TRAVEL PLAZA,US-50 & US-287,Lamar,CO,38.08723,-102.62075,3.3990,3.3990,3.3990,1,city
3086,SPEEDWAY #4638,US-29,Madison Heights,VA,37.43098,-79.12308,3.4957,3.4957,3.4957,1,city
3093,RSTORE #4488,US-51,Merrill,WI,45.18052,-89.68346,3.2407,3.2407,3.2407,1,city
3096,HOBO PANTRY #6,US-431/SR-210,Dothan,AL,31.22323,-85.39049,3.9590,3.9590,3.9590,1,city
3118,MOBIL,"I-87, EXIT 42 & US-11",Champlain,NY,44.98643,-73.44653,3.7990,3.7990,3.7990,1,city
3128,TA ATLANTA SOUTH TRAVEL CENTER,"I-75, EXIT 201 & SR-36",Jackson,GA,33.29457,-83.96602,3.3340,3.3340,3.3340,1,city
3138,TA EXPRESS #6264,"I-70, EXIT 26 & US-50",Grand Junction,CO,39.06387,-108.55065,4.0490,4.0490,4.0490,1,city
3139,CHEROKEE TRAVEL MART,"I-40,  EXIT 108",Calumet,OK,35.60116,-98.11867,3.1057,3.1057,3.1057,1,city
3148,YESWAY #1038,US-60 & SR-86,Neosho,MO,36.86896,-94.368,3.0590,3.0590,3.0590,1,city
3155,QUIK MART #18,US-72/SR-157,Tuscumbia,AL,34.7312,-87.70253,3.0073,3.0073,3.0073,1,city
3163,QUIKTRIP #71,"I-44, EXIT 238",Tulsa,OK,36.15398,-95.99277,3.0390,3.0390,3.0390,1,city
3164,QUIKTRIP #102,"I-44, EXIT 222A",Tulsa,OK,36.15398,-95.99277,3.0390,3.0390,3.0390,1,city
3165,LOVES TRAVEL STOP #213,"I-35, EXIT 211",Tonkawa,OK,36.67837,-97.31004,3.5840,3.5840,3.5840,1,city
3167,JASPER FOOD MART,US-78,Jasper,AL,33.83122,-87.27751,3.2290,3.2290,3.2290,1,city
3171,One9 #265,"I-40, EXIT 287 & SR-136",Cookeville,TN,36.16284,-85.50164,3.0840,3.0840,3.0840,1,city
3176,BP,US-6 & SR-15,New Paris,IN,41.50033,-85.82805,3.6573,3.6573,3.6573,1,city
3178,ERNIES FUEL STOP #1605,SR-167,Kent,WA,47.38093,-122.23484,4.5990,4.5990,4.5990,1,city
3179,MR FUEL #1020,"I-80 & I-94, EXIT 15B",Lake Station,IN,41.57504,-87.23892,3.5657,3.5657,3.5657,1,city
3191,BUSY CORNER TRUCK STOP AND MARKET,"I-24, EXIT 105 & US-41/SR-2",Manchester,TN,35.48174,-86.0886,3.0490,3.0490,3.0490,1,city
3205,CROSSROADS TRUCK STOP STATION,"I-29 & SR 34, MM 109",Colman,SD,43.98247,-96.8145,3.1590,3.1590,3.1590,1,city
3206,PERHAM OASIS,US-10 & SR-78,Perham,MN,46.5944,-95.57254,3.4990,3.4990,3.4990,1,city
3215,SHELL TRUCKSTOP,"I-4, EXIT 44",Polk City,FL,28.18251,-81.82397,3.4490,3.4490,3.4490,1,city
3216,MAXS #124,"I-24, EXIT 86 & US-41",Oak Grove,KY,37.34421,-86.75471,3.0423,3.0423,3.0423,1,city
3221,Southern Travel Plaza,"US-67, EXIT 55 & US-64/US-167 & SR-367",Bald Knob,AR,35.30981,-91.56791,3.3950,3.3910,3.3990,2,city
3222,POMPANO TRUCK STOP,"I-95, EXIT 36B",Pompano Beach,FL,26.23786,-80.12477,3.7590,3.7590,3.7590,1,city
3226,ONE9 #245,"I-81, EXIT 77 & SR-39",Harrisburg,PA,40.2737,-76.88442,3.6090,3.6090,3.6090,1,city
3227,MR FUEL DBA ONE9 #64,"I-26 & US-17, EXIT 199",Summerville,SC,33.0185,-80.17565,3.2190,3.2190,3.2190,2,city
3230,STRIPES #40815,US-281 & US-285,Falfurrias,TX,27.22699,-98.14417,3.2990,3.2990,3.2990,1,city
3264,TA WEST MEMPHIS TRAVEL CENTER,"I-40/US-63, EXIT 260 & SR-149",Earle,AR,35.27509,-90.46677,3.3673,3.3673,3.3673,1,city
3280,OUTPOST TRUCK STOP,US-85 & US-18/US-20,Lusk,WY,42.76247,-104.45217,3.6890,3.6890,3.6890,1,city
3281,AMERICAN TRUCK PLAZA,I-80 EXIT 215 & SR-254,Milton,PA,41.01203,-76.84774,3.7990,3.7990,3.7990,1,city
3284,CASEYS #4390,"I-49/US-71, EXIT 77 & US-160",Lamar,MO,37.49505,-94.27661,3.1990,3.1990,3.1990,1,city
3297,SAPP BROS TRAVEL CENTER,"I-80, EXIT 370",Cheyenne,WY,41.13998,-104.82025,3.7007,3.7007,3.7007,1,city
3316,TRUCKOMAT OF N LITTLE ROCK,"I-40, EXIT 161 & SR-391",North Little Rock,AR,34.76954,-92.26709,3.2490,3.2490,3.2490,1,city
3326,MIRABITO #61,"I-81, EXIT 32",Central Square,NY,43.28674,-76.14604,4.2990,4.2990,4.2990,1,city
3330,TA # 211 GREENLAND TRAVEL CENTER,"I-95, EXIT 3A & US-101",Greenland,NH,43.0362,-70.83283,3.7590,3.7590,3.7590,1,city
3349,QUEEN CITY TRUCK STOP,"I-20 & I-59, EXIT150",Meridian,MS,32.36431,-88.70366,2.9390,2.9390,2.9390,1,city
3383,E-Express at Central Truck Stop,"I-35, EXIT 137",Oklahoma City,OK,35.46756,-97.51643,2.8790,2.8790,2.8790,1,city
3386,LONGMONT TRUCK STOP,"I-25/US-87, EXIT 240 & SR-119",Longmont,CO,40.16721,-105.10193,3.2390,3.2390,3.2390,1,city
3401,POPS Mart #333,"I-77, EXIT 48 & SR-200",Winnsboro,SC,34.3807,-81.08648,3.0907,3.0907,3.0907,1,city
3413,COUNTRY GIRL TRUCK STOP,US-167 & SR-156,Winnfield,LA,31.92558,-92.64131,3.3190,3.3190,3.3190,1,city
3415,JAYS EL CHEAPO FUEL STOP,"I-16, EXIT 104",Metter,GA,32.39712,-82.06012,3.2490,3.2490,3.2490,1,city
3418,Par Mar Store #164,"I-79, EXIT 105 & CR-7",Jane Lew,WV,39.10982,-80.40676,3.9990,3.9990,3.9990,1,city
3421,ERNIES TRUCK STOP,"I-5, EXIT 142",Federal Way,WA,47.32232,-122.31262,4.5990,4.5990,4.5990,1,city
3422,PWI #167,"I-10, EXIT 601",Seguin,TX,29.56884,-97.96473,2.8890,2.8890,2.8890,1,city
3427,JOHNNYS MARKET,"I-69, EXIT 357",Fremont,IN,41.73088,-84.93274,3.6990,3.6990,3.6990,1,city
3432,PILOT TRAVEL CENTERS #34,"I-65, EXIT 201 & US-231",Remington,IN,40.76087,-87.15085,3.6840,3.6590,3.7090,2,city
3435,PWI #168,"I-35, EXIT 266 & SR-195",Georgetown,TX,30.63269,-97.67723,2.7990,2.7990,2.7990,1,city
3444,Acme Truck Stop,US-441/SR-500,Orlando,FL,28.53834,-81.37924,3.4490,3.4490,3.4490,1,city
3460,CHROME TRUCK STOP,US-18 & US-169,Algona,IA,43.06997,-94.23302,3.4990,3.4990,3.4990,1,city
3464,BOISE PETROLEUM LLC,"I-84,  EXIT 71",Boise,ID,43.6135,-116.20345,3.3790,3.3790,3.3790,1,city
3471,MR FUEL DBA ONE9 #72,"I-16, EXIT 160",Savannah,GA,32.08354,-81.09983,3.1257,3.1190,3.1323,2,city
3475,PILOT TRAVEL CENTERS #56,"I-85, EXIT 63",Kannapolis,NC,35.48736,-80.62173,3.4990,3.4990,3.4990,1,city
3477,CIRCLE K #4707404,"I-91, EXIT 7",Springfield,VT,43.29841,-72.48231,3.6990,3.6990,3.6990,1,city
3479,FAST MARKET #4550,"I-75/SR-401, EXIT 136 & US-341",Perry,GA,32.45821,-83.73157,3.0990,3.0990,3.0990,1,city
3493,CIRCLE K #2723675,"I-75, EXIT 290 & SR-20",Cartersville,GA,34.16533,-84.80231,3.0857,3.0857,3.0857,1,city
3519,PILOT TRAVEL CENTERS #431,"I-10, EXIT 873",Orange,TX,30.09299,-93.73655,3.3090,3.3090,3.3090,1,city
3522,SUNMART #308,US-59,Livingston,TX,30.71103,-94.93299,2.8590,2.8590,2.8590,1,city
3526,JOE STOP 99,"I-75, EXIT 99 & SR-119",Anna,OH,40.39449,-84.17272,3.0640,3.0640,3.0640,1,city
3530,SPARKYS ONE STOP #22,"I-35, EXIT 111B & US-30",Jefferson,IA,42.01526,-94.37747,3.2323,3.2323,3.2323,1,city
3536,PETRO STOPPING CENTER #307,I-40 EAST & S LAKESIDE Dr,Amarillo,TX,35.222,-101.8313,3.2790,3.2790,3.2790,1,city
3539,Bigs 211,"I-10, EXIT 620 & SR-123",Seguin,TX,29.56884,-97.96473,3.0990,3.0990,3.0990,1,city
3545,STOCKMENS TRUCK PLAZA,"I-494, EXIT 64A",South Saint Paul,MN,44.89274,-93.03494,3.4990,3.4990,3.4990,1,city
3580,STINKER I 80 TRAVEL PLAZA,"I-80, EXIT 221 & SR-76",Sinclair,WY,41.77496,-107.1131,3.7590,3.7590,3.7590,1,city
3585,CHEVRON,"I-80, EXIT 129",Lovelock,NV,40.17935,-118.47348,3.4990,3.4990,3.4990,1,city
3588,BINGO TRUCK STOP,"I-10, EXIT 829 & SR-124",Winnie,TX,29.82022,-94.38408,2.9990,2.9990,2.9990,1,city
3592,TA BRIDGER TRAVEL CENTER #188,"I-80, EXIT 30 & CR-202",Fort Bridger,WY,41.31662,-110.38433,3.7157,3.7157,3.7157,1,city
3593,TA Parowan Travel Center,"I-15, EXIT 78",Parowan,UT,37.8422,-112.828,3.7057,3.7057,3.7057,1,city
3605,SPEEDYS #6,"I-35, EXIT 33",Saint Joseph,MO,39.76861,-94.84663,3.1690,3.1690,3.1690,1,city
3608,FUEL MART #787,"I-57, EXIT 212 & US-36",Tuscola,IL,39.7992,-88.2831,3.1990,3.1990,3.1990,1,city
3614,PILOT TRAVEL CENTERS #35,"I-80/90, EXIT 72 & US-31",South Bend,IN,41.68338,-86.25001,3.7990,3.7990,3.7990,2,city
3616,PILOT TRAVEL CENTERS #15,"I-75, EXIT 210",Toledo,OH,41.66394,-83.55521,3.7723,3.7723,3.7723,1,city
3619,ROAD RANGER #141,"I-70, EXIT 23",Brazil,IN,39.52365,-87.12502,3.6590,3.6590,3.6590,1,city
3620,One9 #16,"I-71 & US-68, EXIT 50",Wilmington,OH,39.44534,-83.82854,3.1423,3.1423,3.1423,1,city
3645,SNOW SHOE TRAVEL PLAZA,"I-80, EXIT 147 & SR-144",Snow Shoe,PA,41.03089,-77.94945,3.4690,3.4690,3.4690,1,city
3678,TIMES MARKET #299,US-281 BUS,Alice,TX,27.75225,-98.06972,3.0990,3.0990,3.0990,1,city
3688,SPEEDWAY #2314,"I-94, EXIT 243 & SR-29",New Baltimore,MI,42.68114,-82.73686,3.5690,3.5590,3.5790,2,city
3692,CHARLOTTE TRAVEL PLAZA,"I-77,  EXIT 16B",Charlotte,NC,35.22709,-80.84313,3.5323,3.5323,3.5323,1,city
3699,WARREN TRAVEL PLAZA,"I-69, EXIT 278 & SR-5",Warren,IN,40.68282,-85.4272,3.3990,3.3990,3.3990,1,city
3702,BEARS DEN TRADING POST #101,ST 37 11 MI E OF MASSENA,Hogansburg,NY,44.97394,-74.66324,3.6490,3.6490,3.6490,1,city
3707,SPEEDWAY #4704,"I-90, EXIT 154",Albert Lea,MN,43.64801,-93.36827,3.2990,3.2990,3.2990,1,city
3718,SPEEDWAY #4706,"I-90, EXIT 265",Chamberlain,SD,43.81083,-99.33066,3.2990,3.2990,3.2990,1,city
3719,KEYSTONE TRUCK STOP,US-22 & SR-164,Loretto,PA,40.50313,-78.6303,3.9990,3.9990,3.9990,1,city
3725,GENEVA TRUCK STOP,"I-79, EXIT 35/141",Cochranton,PA,41.52005,-80.04839,3.8157,3.8157,3.8157,1,city
3728,PLAZA 23 TRUCK STOP,"I-787, EXIT 2",Albany,NY,42.65258,-73.75623,3.7990,3.7990,3.7990,1,city
3737,JORDAN'S KWIK STOP #70,US-49,West Helena,AR,34.55066,-90.64177,3.3990,3.3990,3.3990,1,city
3745,PILOT TRAVEL CENTER #906-TOWN PUMP,"I-90, EXIT 408 & SR-78",Columbus,MT,45.63661,-109.25211,3.5807,3.5807,3.5807,1,city
3759,EXXON,US-67 & SR-18,Newport,AR,35.6048,-91.2818,4.1323,4.1323,4.1323,1,city
3767,SIMMONS TRAVEL CENTER,"I-95, EXIT 8 & US-301",Emporia,VA,36.68598,-77.54248,3.0990,3.0990,3.0990,1,city
3772,Brake Time Corner Market,"I-25, EXIT 240",Burlington,CO,39.30611,-102.26936,3.4990,3.4990,3.4990,1,city
3774,SINCLAIR,"I-70, EXIT 438",Burlington,CO,39.30611,-102.26936,3.8890,3.8890,3.8890,1,city
3781,REATTA TRAVEL STOP,"I-76, EXIT 149 & SR-55/CR-81",Crook,CO,40.85888,-102.80103,3.3823,3.3823,3.3823,1,city
3783,CIRCLE K #2744095,"I-25, EXIT 215",Denver,CO,39.73915,-104.9847,3.2990,3.2990,3.2990,1,city
3794,SPEEDWAY #4701,"I-90, EXIT 73",Jackson,MN,43.62079,-94.9886,3.2990,3.2990,3.2990,1,city
3817,FAST MARKET,"I-25, EXIT 158",Colorado Springs,CO,38.83388,-104.82136,3.1590,3.1590,3.1590,1,city
3843,ONCUE EXPRESS #61,"I-35, EXIT 185 & US-77",Perry,OK,36.28949,-97.2881,3.2157,3.2157,3.2157,1,city
3868,SHORE STOP #279,US-13,Greenwood,DE,38.80706,-75.59132,3.2490,3.2390,3.2590,2,city
3888,Fics Plaza,"I-90, EXIT 184",Deer Lodge,MT,46.39576,-112.73004,3.5190,3.5190,3.5190,1,city
3889,CIRCLE K #2701686,"I-75, EXIT 220",Bradenton,FL,27.49893,-82.57482,3.4390,3.4390,3.4390,1,city
3907,SUNOCO,US-46 & SR-93,Palisades Park,NJ,40.84816,-73.99764,3.2790,3.2790,3.2790,1,city
3908,SEMINOLE TRUCK STOP,"I-75, EXIT 354",Fort Lauderdale,FL,26.12231,-80.14338,3.6990,3.6990,3.6990,1,city
3927,MICCOSUKEE SERVICE PLAZA,"I-75, EXIT 49 & SR-84",Fort Lauderdale,FL,26.12231,-80.14338,3.6657,3.6657,3.6657,1,city
3936,Uncle Petes Truck  Stop,"I-40, EXIT 239 & US-70/SR-26",Lebanon,TN,36.20811,-86.2911,2.9890,2.9890,2.9890,1,city
3946,Fast Lane,US-24 & US-63,Moberly,MO,39.41837,-92.43824,3.4690,3.4690,3.4690,1,city
3949,SUNSTOP #337,"I-10/SR-8, EXIT 303 & US-441",Lake City,FL,30.18968,-82.63929,3.6990,3.6990,3.6990,1,city
3956,CIRCLE K #2707451,US-27/SR-25 & SR-70,Lake Placid,FL,27.29834,-81.37124,3.3990,3.3990,3.3990,1,city
3964,SPEEDWAY #6604,"I-94, EXIT 66",Mattawan,MI,42.20948,-85.78445,3.4940,3.4890,3.4990,2,city
3970,EXXON - Pilot #1293,"I-30, EXIT 61",Garland,TX,32.91262,-96.63888,2.8423,2.8423,2.8423,1,city
3973,LOVES TRAVEL STOP #205,"I-35 & I-44, EXIT 137",Oklahoma City,OK,35.46756,-97.51643,3.3190,3.3190,3.3190,1,city
3974,LOVES TRAVEL STOP #201,I-40 EXIT 41,Elk City,OK,35.41199,-99.40426,3.1257,3.1257,3.1257,1,city
3975,SUNSTOP #334,"I-10, EXIT 335 & SR-121",Macclenny,FL,30.28218,-82.12206,3.4590,3.4590,3.4590,1,city
3979,PETRO GARY 369,"I-80 & I-94, EXIT 9",Gary,IN,41.59337,-87.34643,3.8307,3.8307,3.8307,1,city
4006,MISSILE MART #1,US-167 & SR-7,El Dorado,AR,33.20763,-92.66627,3.4990,3.4990,3.4990,1,city
4008,BALDWIN TRAVEL PLAZA,"I-94, EXIT 19 & US HWY 63",Baldwin,WI,44.96663,-92.37436,3.5030,3.5030,3.5030,1,city
4025,BP,"I-85, EXIT 21  & US-178",Anderson,SC,34.50344,-82.65013,2.9090,2.9090,2.9090,1,city
4035,PILOT TRAVEL CENTERS #430,"I-40,  EXIT 84",Russellville,AR,35.27842,-93.13379,3.3870,3.3750,3.3990,2,city
4062,DUDLEYS TRUCK STOP RESTAURANT,US-220,Rocky Mount,VA,36.99764,-79.89198,3.2990,3.2990,3.2990,1,city
4063,STUCKEY'S,"I-59, EXIT 67 & US-49",Hattiesburg,MS,31.32712,-89.29034,2.9990,2.9990,2.9990,1,city
4080,SHELL DBA PILOT DEALER #874,US-41,Miami,FL,25.77427,-80.19366,3.6990,3.6990,3.6990,2,city
4101,E-Z MART #4411,HIGHWAY 69 & COBBLESTONE DR,Pryor,OK,36.30843,-95.31691,3.0990,3.0990,3.0990,1,city
4113,ASAP GENERAL STORE #330,US-412/SR-15,Enid,OK,36.39559,-97.87839,3.0823,3.0823,3.0823,1,city
4115,QUIKTRIP #707,"I-85 , EXIT 96",Atlanta,GA,33.749,-84.38798,3.3407,3.3407,3.3407,1,city
4119,JET FOOD STORE #82,US-441 & CR-13,Douglas,GA,31.50881,-82.84987,3.4407,3.4407,3.4407,1,city
4156,PETRO STOPPING CENTER #305,"I-10, EXIT 582",San Antonio,TX,29.42412,-98.49363,3.2073,3.2073,3.2073,1,city
4161,EL CHEAPO,I-95 & EXIT 76,Midway,GA,31.80577,-81.43066,3.5257,3.5257,3.5257,1,city
4164,CIRCLE K #2723897,"I-75, EXIT 138",Thomasville,GA,30.83658,-83.97878,3.2357,3.2357,3.2357,1,city
4169,TA KINGMAN TRAVEL CENTER,"I-40, EXIT 48 & US-93",Kingman,AZ,35.18944,-114.05301,3.8990,3.8990,3.8990,1,city
4171,PETRO SERVE USA #11,US-2 & US-71,Bemidji,MN,47.47356,-94.88028,3.4990,3.4990,3.4990,1,city
4172,FLYING J TRAVEL PLAZA #639,"I-90, EXIT 2",Post Falls,ID,47.71796,-116.95159,3.7623,3.7623,3.7623,1,city
4179,CIRCLE K #2705352,"I-95/SR-405, EXIT 109 & SR-30/SR-21",Port Wentworth,GA,32.14909,-81.16317,3.0990,3.0990,3.0990,1,city
4187,FLYING J TRAVEL PLAZA #632,"I-75, EXIT 320",Resaca,GA,34.58036,-84.94328,3.2957,3.2957,3.2957,1,city
4193,TIGER MART #63,"I-20, EXIT 454",Grand Prairie,TX,32.74596,-96.99778,3.5990,3.5990,3.5990,1,city
4199,PWI #574,"I-70, EXIT 193/US-40",Bunker Hill,KS,38.87584,-98.70397,2.9590,2.9590,2.9590,1,city
4204,PILOT TRAVEL CENTERS #415,"I-59, EXIT 4",Rising Fawn,GA,34.76008,-85.53108,3.8390,3.8190,3.8590,2,city
4211,FLYING J #513,"I-15, EXIT 1",Jean,NV,35.77887,-115.32388,3.7323,3.7323,3.7323,1,city
4220,KENNETT TRUCK STOP,"I-275, EXIT 16",Lawrenceburg,IN,39.09089,-84.84995,3.4240,3.4240,3.4240,1,city
4222,Circle K #4703906,"I-24, EXIT 24 & SR-49",Pleasant View,TN,36.39422,-87.03667,2.8990,2.8990,2.8990,1,city
4223,TA PEMBROKE TRAVEL CENTER,"I-90, EXIT 48A",Corfu,NY,42.96006,-78.40558,3.8640,3.8290,3.9390,4,city
4227,LOVES TRAVEL STOP #203,"I-40, EXIT 140",Oklahoma City,OK,35.46756,-97.51643,3.3557,3.3557,3.3557,1,city
4233,QUIKTRIP #7220,"I-20, EXIT 8",Shreveport,LA,32.52515,-93.75018,2.8923,2.8923,2.8923,1,city
4239,SPEEDWAY #8256,"I-64, EXIT 94 & SR-1958 & US-60",Winchester,KY,37.99008,-84.17965,2.9223,2.9223,2.9223,1,city
4241,EXXON,"I-285, EXIT 53",Conley,GA,33.64483,-84.32576,3.9990,3.9990,3.9990,1,city
4267,CONOCO,US-30 & SR-41,Gap,PA,39.98732,-76.02051,3.7990,3.7990,3.7990,1,city
4292,KUM & GO #0032,"I-80/US-6, EXIT 155 & SR-117",Colfax,IA,41.67777,-93.2452,3.0823,3.0823,3.0823,1,city
4301,TIGER DISCOUNT TRUCKSTOP,"I-94, EXIT 64 & I-94 BUS",Dickinson,ND,46.87918,-102.78962,3.5157,3.5157,3.5157,1,city
4311,Saveway Truck Plaza,"I-65, EXIT 164 & US-31",Hope Hull,AL,32.26986,-86.35719,3.1390,3.1390,3.1390,1,city
4331,KWIK STOP C STORES,US-61/US-151,Dubuque,IA,42.50056,-90.66457,3.5590,3.5590,3.5590,1,city
4332,PILOT TRAVEL CENTERS #468,"I-57, EXIT 283 & US-24",Gilman,IL,40.7667,-87.99226,3.4490,3.3990,3.5590,4,city
4335,HIGHWAY 20  AUTO TRUCK PLAZA,US-20,Peosta,IA,42.45056,-90.85041,3.4890,3.4890,3.4890,1,city
4339,ROAD RANGER #273,I-69E/US-77 & SR-107,Combes,TX,26.24869,-97.73388,3.0490,3.0490,3.0490,1,city
4349,ROAD RANGER #144,"I-380, EXIT 68US-20, EXIT 68",Evansdale,IA,42.46915,-92.28102,3.7290,3.7290,3.7290,1,city
4363,EL CHEAPO #4,"I-95, EXIT 87",Richmond Hill,GA,31.93827,-81.30344,3.0957,3.0957,3.0957,1,city
4368,HOODS SERVICE CENTER,"I-44, EXIT 61",Bois D Arc,MO,37.25644,-93.5077,3.0740,3.0740,3.0740,1,city
4372,GRADYS TRUCKSTOP,"I-16, EXIT 111",Pulaski,GA,32.39018,-81.95678,3.4657,3.4657,3.4657,1,city
4373,KUM & GO #0043,"I-35, EXIT 43 & SR-207/CRG76",New Virginia,IA,41.18222,-93.72883,3.1140,3.1140,3.1140,1,city
4389,TAYLOR QUIK-PIK,"I-29, EXIT 75 & US-30",Missouri Valley,IA,41.55638,-95.88779,3.3990,3.3990,3.3990,1,city
4395,BREAK TIME #3147,"I-55, EXIT 67 & US-62",Sikeston,MO,36.87672,-89.58786,3.4990,3.4990,3.4990,1,city
4417,TA MORIARITY TRAVEL CENTER,"I-40, EXIT 194",Moriarty,NM,34.99005,-106.04919,3.2173,3.2173,3.2173,1,city
4419,CASEYS #3081,"I-35, EXIT 92 & US-136",Bethany,MO,40.26833,-94.02829,3.0607,3.0607,3.0607,1,city
4427,CASEYS #2654,"I-80/US-6, EXIT 93 & CR-P28",Stuart,IA,41.50332,-94.31857,3.0990,3.0990,3.0990,1,city
4431,CASEYS #2653,"US-63 & US-30, EXIT 202",Toledo,IA,41.99555,-92.57686,3.3490,3.3490,3.3490,1,city
4437,UNDERWOOD TRUCK STOP I 80,"I-80, EXIT 17",Underwood,IA,41.38694,-95.67667,3.0007,3.0007,3.0007,1,city
4441,PILOT TRAVEL CENTERS #51,"I-81 BAILEYTON RD, EXIT 36",Greeneville,TN,36.16316,-82.83099,3.5623,3.5623,3.5623,1,city
4442,Minuteman Food Mart #58,US-74/US-76,Delco,NC,34.31572,-78.22472,3.5073,3.5073,3.5073,1,city
4445,TA Rogers,"I-94/US-52, EXIT 207 & SR-101",Rogers,MN,45.18885,-93.55301,3.2740,3.2740,3.2740,1,city
4446,LOVES TRAVEL STOP #200,I-40 EXIT 74,Amarillo,TX,35.222,-101.8313,3.2090,3.2090,3.2090,1,city
4451,PRAIRIE JUNCTION TRUCK STOP,"I-29, EXIT 109 & SR-34",Colman,SD,43.98247,-96.8145,3.0990,3.0990,3.0990,1,city
4452,CASEYS #2867,US-63 & US-20,Waterloo,IA,42.49276,-92.34296,3.4990,3.4990,3.4990,1,city
4458,KUM & GO #1443,"I-80, EXIT 216",Williamsburg,IA,41.66112,-92.00907,3.1307,3.1307,3.1307,1,city
4460,EXIT 62 TRUCKSTOP,"I-71, EXIT 62 & US-127",Glencoe,KY,38.71451,-84.82273,3.1657,3.1657,3.1657,1,city
4463,QUIKTRIP #7901,"I-20, EXIT 556 & US-69",Lindale,TX,32.5157,-95.4094,2.8073,2.8073,2.8073,1,city
4482,FLYING J TRAVEL PLAZA #777,"I-84, EXIT 54(FEDERAL WAY)",Boise,ID,43.6135,-116.20345,3.7873,3.7657,3.8090,2,city
4492,3 MILE CORNER TRUCK STOP,US-2 & US-95,Bonners Ferry,ID,48.69133,-116.31631,3.7340,3.7340,3.7340,1,city
4525,STINKER #42,US-12/US-95 & SR-128,Lewiston,ID,46.41655,-117.01766,3.6973,3.6973,3.6973,1,city
4528,WENATCHEE VALLEY TRUCK STOP,US-97 ALT,Wenatchee,WA,47.42346,-120.31035,4.1190,4.0890,4.1990,3,city
4533,SPEEDWAY #1449,"I-65, EXIT 262B",Birmingham,AL,33.52066,-86.80249,2.9757,2.9757,2.9757,1,city
4544,BIG CHARLIES TRUCK PLAZA,"I-64, EXIT 282 & US-13",Virginia Beach,VA,36.85293,-75.97799,3.4890,3.4890,3.4890,1,city
4555,PILOT TRAVEL CENTERS #406,"I-65, EXIT 22 & US-31A/SR-11",Cornersville,TN,35.36146,-86.83972,3.7990,3.7990,3.7990,1,city
4560,FAST STOP TRAVEL CENTERS #1109,"I-15, EXIT 392",Plymouth,UT,41.87548,-112.14412,3.5823,3.5823,3.5823,1,city
4563,PILOT TRAVEL CENTERS #299,"I-55/I-74/US-51, EXIT 160 & US-150/SR-9",Bloomington,IL,40.4842,-88.99369,3.4990,3.3990,3.5990,6,city
4568,ONVO TRAVEL PLAZA,"I-90, EXIT 28",Fultonville,NY,42.94785,-74.37041,3.1790,3.1590,3.1990,2,city
4569,METROPOLIS TRUCK STOP,"I-24, EXIT 37 & US-45",Metropolis,IL,37.15117,-88.732,3.5990,3.5990,3.5990,1,city
4574,Circle K #4701432,"I-74, EXIT 174",Mahomet,IL,40.19531,-88.40422,3.6690,3.6690,3.6690,1,city
4582,BIG CHIEF TRUCK STOP,"I-94/US-52, EXIT 61 & US-59/CR-82",Fergus Falls,MN,46.28302,-96.07756,3.2357,3.2357,3.2357,1,city
4605,PILOT DEALER #898 SADLERS TRUCK STOP,"I-95, EXIT 11B & US-58",Emporia,VA,36.68598,-77.54248,3.7990,3.7990,3.7990,1,city
4618,OUTPOST TRAVEL CENTER,"I-20, EXIT 5 & US-80",Greenwood,LA,32.44293,-93.97296,2.8990,2.8990,2.8990,1,city
4620,PILOT TRAVEL CENTERS #95,"I-75, EXIT 329 & SR-44",Wildwood,FL,28.86542,-82.04058,3.2723,3.2257,3.3190,2,city
4622,TA LEE HI TRAVEL PLAZA,"I-81,  EXIT 195",Lexington,VA,37.78402,-79.44282,3.6590,3.6590,3.6590,1,city
4628,QUARLES #4601,US-29/US-17/US-15,Warrenton,VA,38.71345,-77.79527,3.3223,3.3223,3.3223,1,city
4637,THORNTONS #369 DBA PILOT TRAVEL CENTER #514,"I-55, EXIT 126 & SR-10",Lincoln,IL,40.14838,-89.36482,3.4490,3.3990,3.4990,4,city
4642,MARSHAL JUNCTION,"I-70, EXIT 147 & SR-1",Marshall,IL,39.39143,-87.69364,3.2990,3.1990,3.3990,2,city
4644,CIRCLE K #4706703,"I-80, EXIT 145A",Mokena,IL,41.52614,-87.88922,3.3690,3.3390,3.3990,2,city
4654,7-ELEVEN #35087,"I-490, EXIT 2 & SR-33 & SR-19",Bergen,NY,43.08534,-77.94223,4.0290,4.0290,4.0290,1,city
4655,QUICKLEES TRAVEL CENTER,"I-86, EXIT 30 & CR-20",Belmont,NY,42.22312,-78.03445,3.9990,3.9990,3.9990,1,city
4690,PWI #401,"I-20 & I-30, EXIT 1B",Aledo,TX,32.69596,-97.60225,2.7990,2.7990,2.7990,1,city
4700,A C TRUCKSTOP,"I-80, EXIT 290",Laramie,WY,41.31137,-105.5911,3.0790,3.0790,3.0790,1,city
4704,THE RIDGE,"I-68/US-219, EXIT 14 & US-40",Accident,MD,39.6287,-79.31976,4.1990,4.1990,4.1990,1,city
4707,SMITHTON TRUCKSTOP,"I-70, EXIT 39 & SR-3059",Smithton,PA,40.15396,-79.74115,3.8990,3.8990,3.8990,1,city
4729,MINIT MART #600244,"I-70, EXIT 131",Straughn,IN,39.80894,-85.29136,3.8590,3.8590,3.8590,1,city
4742,FLYING J TRAVEL PLAZA #684,"I-94, EXIT 1 & SR-16",Beach,ND,46.91807,-104.00437,3.9657,3.9657,3.9657,1,city
4750,BROOKE TRAVEL PLAZA,"I-80, EXIT 259",West Liberty,IA,41.57002,-91.26377,2.9873,2.9873,2.9873,1,city
4762,TA MONROE TRAVEL CENTER,"I-75, EXIT 15",Monroe,MI,41.91643,-83.39771,3.3240,3.2490,3.3690,4,city
4806,TRACK AND TRAVEL,"I-20, EXIT 406",Weatherford,TX,32.7593,-97.79725,2.9173,2.9173,2.9173,1,city
4818,PILOT TRAVEL CENTERS #350,"I-84 & US-20, EXIT 95",Mountain Home,ID,43.13295,-115.6912,3.7790,3.7590,3.7990,2,city
4819,Alta Convenience #6333,"I-25, EXIT 11",Trinidad,CO,37.16946,-104.50054,3.3990,3.3990,3.3990,1,city
4826,I-20 Truck Stop,"I-20, EXIT 165",Lincoln,AL,33.61316,-86.11831,2.9990,2.9990,2.9990,1,city
4827,PETRO BEAUMONT #304,"I-10, EXIT 848",Beaumont,TX,30.08605,-94.10185,3.3307,3.3307,3.3307,1,city
4837,SHELL,US-10 & SR-210,Motley,MN,46.33663,-94.64612,3.3990,3.3990,3.3990,1,city
4856,PILOT TRAVEL CENTER #910- TOWN PUMP,"I-90, EXIT 274 & US-287",Three Forks,MT,45.89243,-111.55219,3.5973,3.5973,3.5973,1,city
4858,PILOT TRAVEL CENTER #1346,"I-135, EXIT 31",Newton,KS,38.04668,-97.34504,3.3602,3.3115,3.4090,2,city
4860,PILOT TRAVEL CENTERS #476,"I-74, EXIT 32 & SR-17",Woodhull,IL,41.17893,-90.31596,3.8990,3.8990,3.8990,2,city
4872,TA COMMERCE TRAVEL CENTER,"I-85, EXIT 149 & US-441",Commerce,GA,34.204,-83.45711,3.2157,3.2157,3.2157,1,city
4874,PWI #110,"I-20, EXIT 112 & FM-1936",Odessa,TX,31.84568,-102.36764,3.0490,3.0490,3.0490,1,city
4878,SHELL DBA ONE9 #1426,"I-84, EXIT 35",Nampa,ID,43.54072,-116.56346,3.3740,3.3740,3.3740,1,city
4881,PETRO STOPPING CENTER #14,"I-295, EXIT 56",Bordentown,NJ,40.14622,-74.71183,4.0290,4.0290,4.0290,1,city
4885,LOVES TRAVEL STOP #384,"I-70, EXIT 45",Greenville,IL,38.89227,-89.41314,3.6890,3.6890,3.7490,6,city
4887,SUNOCO,"I-80 & I-90, EXIT 3",Wauseon,OH,41.54922,-84.14161,3.6990,3.6990,3.6990,1,city
4894,CLOVERDALE TRAVEL PLAZA,"I-70, EXIT 41 & US-231",Cloverdale,IN,39.51477,-86.7939,3.6990,3.6990,3.6990,1,city
4905,HY-MILER #2204,SR-250,Sandusky,OH,41.44894,-82.70796,3.5323,3.5323,3.5323,1,city
4909,CIRCLE K #2723916,US-441/US-301/US/27/SR-500,Ocala,FL,29.1872,-82.14009,3.4590,3.4590,3.4590,1,city
4910,PILOT TRAVEL CENTER #892,"I-70 EXIT 164, & US-50",Green River,UT,38.99525,-110.1618,3.6857,3.6857,3.6857,1,city
4918,PILOT TRAVEL CENTERS #219,"I-40, EXIT 398",Knoxville,TN,35.96064,-83.92074,3.6990,3.6990,3.6990,1,city
4920,TA LAPLACE,"I-10, EXIT 209 & US-5",La Place,LA,30.06698,-90.48147,3.2273,3.2273,3.2273,1,fuzzy
4921,PILOT TRAVEL CENTERS #231,"I-75, EXIT 29",Corbin,KY,36.9487,-84.09688,3.6090,3.6090,3.6090,1,city
4927,CIRCLE K #2704886,"I-65, EXIT 205 & US-31/SR-22",Clanton,AL,32.83874,-86.62943,3.2073,3.2073,3.2073,1,city
4933,VILLAGE TRUCK STOP,"I-81, EXIT 18",Rural Retreat,VA,36.89373,-81.27593,3.2990,3.2990,3.2990,1,city
4977,KWIK TRIP #331,SR-54,Wisconsin Rapids,WI,44.38358,-89.81735,3.2623,3.2623,3.2623,1,city
4981,JOHNNYS MARKET,"I-94, EXIT 110 & US-27",Marshall,MI,42.27226,-84.96331,3.4990,3.4990,3.4990,1,city
4983,KWIK TRIP #603,"I-94, EXIT 28 & SR-128",Wilson,WI,44.95358,-92.17352,3.5490,3.5490,3.5490,1,city
4996,ZIP TRIP #54,"I-90, EXIT 452",Billings,MT,45.78329,-108.50069,3.5907,3.5907,3.5907,1,city
5003,TRAILWAY TRUCK STOP,US-301/SR-304,Centreville,MD,39.04178,-76.06633,3.2590,3.2590,3.2590,1,city
5006,SUNOCO,US-1/US-9,Linden,NJ,40.62205,-74.24459,3.7990,3.7990,3.7990,1,city
5024,I 55 MOTOR PLAZA,"I-55,  EXIT 180",Pevely,MO,38.28339,-90.39512,2.9907,2.9907,2.9907,1,city
5030,YESWAY #1030,US-63 & E MARY ST,Ottumwa,IA,41.02001,-92.4113,3.3990,3.3990,3.3990,1,city
5044,TA MOUNT VERNON TRAVEL CENTER,"I-44, EXIT 46 & SR-39/SR265",Mount Vernon,MO,37.10367,-93.81854,3.4090,3.4090,3.4090,1,city
5050,ROCK PORT TRUCK PLAZA,"I-29 & US-136, EXIT 110",Rock Port,MO,40.41111,-95.51693,3.0990,3.0990,3.0990,1,city
5056,TREX MART #16,"I-35, EXIT, 61 & US-69",Winston,MO,39.87,-94.13995,3.1190,3.1190,3.1190,1,city
5057,PHILLIPS 66,"I-35, EXIT 54 & I-35 BUS/US-36",Cameron,MO,39.74028,-94.24106,3.0990,3.0990,3.0990,1,city
5060,CRAZY FREDS TRUCK SHOP,"I-40, EXIT 44 & US-66",Kingman,AZ,35.18944,-114.05301,3.5390,3.5390,3.5390,1,city
5064,CLARK OIL #44,"I-59, EXIT 97",Laurel,MS,31.69405,-89.13061,2.8790,2.8790,2.8790,1,city
5079,FASTLANE TAYLOR 63,US-61 & SR-6,Taylor,MO,39.9381,-91.52377,3.0157,3.0157,3.0157,1,city
5085,K AN T TRUCKSTOP,"I-79, EXIT 137 & SR-310",Fairmont,WV,39.48508,-80.14258,3.3990,3.3990,3.3990,1,city
5111,CIRCLE K #2723385,"I-59, EXIT 67 & US-49/SR-42",Hattiesburg,MS,31.32712,-89.29034,3.1490,3.1490,3.1490,1,city
5117,CIRCLE K #4702361,"I-65, EXIT 130 & SR-334",Whitestown,IN,39.99726,-86.34583,3.2923,3.2923,3.2923,1,city
5128,CASEYS #2769,"I-80, EXIT 220 & SR-149",Williamsburg,IA,41.66112,-92.00907,3.1423,3.1423,3.1423,1,city
5131,TRAILS END TRUCK STOP,"I-29, EXIT 110 & US-136",Rock Port,MO,40.41111,-95.51693,3.4057,3.4057,3.4057,1,city
5132,Travel Centers of America,"I-44, EXIT 208 & SR-19",Cuba,MO,38.06282,-91.40348,3.2657,3.2657,3.2657,1,city
5160,FUEL MART #727,"I-70, EXIT 193",Quaker City,OH,39.97007,-81.29928,3.1657,3.1657,3.1657,1,city
5163,Blue Sky #733,"US-78, EXIT 81 & SR-178",Belden,MS,34.31038,-88.78839,2.9390,2.9390,2.9390,1,city
5165,ONE9 #046,"I-65, EXIT 6 & SR-100",Franklin,KY,36.72226,-86.57722,3.0857,3.0857,3.0857,1,city
5167,SPEEDWAY #7575,"I-65, EXIT 255",Hobart,IN,41.53226,-87.25504,3.6323,3.6323,3.6323,1,city
5170,FLYING J #516,"I-76, EXIT 161 & I-70",Breezewood,PA,39.99925,-78.23862,5.0990,5.0990,5.0990,1,city
5183,PETRO STOPPING CENTER #74,I-95 & EXIT 106,Kenly,NC,35.59627,-78.12416,3.7090,3.7090,3.7090,1,city
5191,NORTH POINT PLAZA,"I-90 & I-94, EXIT 115",Poynette,WI,43.39026,-89.4029,3.1723,3.1723,3.1723,1,city
5202,Chevron #306185,US-30,Montpelier,ID,42.32215,-111.2977,3.6990,3.6990,3.6990,1,city
5203,OASIS TRAVEL CENTER,"I-10, EXIT 53",Robertsdale,AL,30.5538,-87.71193,3.4690,3.4690,3.4690,1,city
5207,JJ TRAVEL PLAZA,"I-70, EXIT 70 & US-83",Oakley,KS,39.13334,-100.86376,3.6157,3.6157,3.6157,1,city
5227,PILOT TRAVEL CENTERS #900,"I-95, EXIT 75",Dunn,NC,35.30627,-78.6089,3.7090,3.7090,3.7090,1,city
5230,ONE9 #496,"I-80, EXIT 265",Atalissa,IA,41.57114,-91.16599,3.0157,3.0157,3.0157,1,city
5232,CM EUNICE,US-190,Eunice,LA,30.49437,-92.41763,3.3990,3.3990,3.3990,1,city
5234,SINCLAIR,SR-37,Monett,MO,36.92895,-93.92771,3.2907,3.2907,3.2907,1,city
5236,FLYING J #875,"I-95,  EXIT 109",Elkton,MD,39.60678,-75.83327,4.1990,4.1990,4.1990,1,city
5245,CASEYS #3842,US-36 & US-283,Norton,KS,39.83389,-99.89151,3.1573,3.1573,3.1573,1,city
5247,EDGERTON TRAVEL PLAZA,"I-90, EXIT 160 & US-51",Edgerton,WI,42.83528,-89.06761,3.1990,3.1990,3.1990,1,city
5249,Taylor's Stateline Travel Center,US-67 & SR-278,Neelyville,MO,36.56172,-90.50622,2.9990,2.9990,2.9990,1,city
5254,TA CANDLER TRAVEL CENTER,"I-40, EXIT 37",Candler,NC,35.5365,-82.69291,3.7990,3.7990,3.7990,1,city
5255,7-ELEVEN #35788,"I-35, EXIT 215",Olathe,KS,38.8814,-94.81913,3.3390,3.3390,3.3390,1,city
5258,PT TRUCK STOP,"I-12, EXIT 42",Hammond,LA,30.50463,-90.46293,3.2490,3.2490,3.2490,1,city
5282,CASEYS #3548,US-54 & US-61,Pratt,KS,37.64391,-98.73759,3.1407,3.1407,3.1407,1,city
5285,TULLO TRUCK STOP,"I-95, EXIT 15E & US-1/US-9",Kearny,NJ,40.76843,-74.14542,3.7990,3.7990,3.7990,1,city
5297,ERNIES TRUCK STOP,"I-90,  EXIT 179 & I-90 BUS/SR-17",Moses Lake,WA,47.13014,-119.27808,3.9990,3.9490,4.1790,3,city
5299,Sudden Service #62,"I-65, EXIT 6 & SR-100",Franklin,KY,36.72226,-86.57722,3.0840,3.0840,3.0840,1,city
5302,ONE9 #258,"I-81, EXIT 150 & US-220 ALT & US-11",Troutville,VA,37.41819,-79.87476,3.0323,3.0323,3.0323,1,city
5306,PILOT TRAVEL CENTERS #11,"I-76, EXIT 232",North Lima,OH,40.94839,-80.65896,3.7990,3.7990,3.7990,1,city
5309,NEWBORN TRUCK STOP,I-20 EXIT 5,Tallapoosa,GA,33.74455,-85.28801,3.4073,3.4073,3.4073,1,city
5310,FLYING J #576,"I-35, EXIT 69",Northfield,MN,44.4583,-93.1616,3.8590,3.8590,3.8590,1,city
5324,HY-MILER #2245,SR-53,Fremont,OH,41.35033,-83.12186,3.3823,3.3823,3.3823,1,city
5341,KWIK STAR #1160,"US-75, EXIT 118 & SR-3",Le Mars,IA,42.79416,-96.16558,3.2990,3.2990,3.2990,1,city
5349,JET FOOD STORE #17,US-1/SR=4/SR-540 & US-220/SR-47,Wrens,GA,33.20765,-82.39179,3.4157,3.4157,3.4157,1,city
5363,SPEEDWAY #6767,"I-75, EXIT 20",Manheim,PA,40.16343,-76.39496,4.4990,4.4990,4.4990,1,city
5389,FLYING J TRAVEL PLAZA #744,"I-15, EXIT 343",Ogden,UT,41.223,-111.97383,3.7490,3.7490,3.7490,1,city
5391,PWI #605,"I-10, EXIT 378",San Simon,AZ,32.26786,-109.22756,2.9590,2.9590,2.9590,1,city
5399,FLYING J TRAVEL PLAZA #750,"I-81 & I-77, EXIT 80",Max Meadows,VA,36.9704,-80.94953,3.5490,3.5490,3.5490,1,city
5407,CASEYS #4535,US 81,Concordia,KS,39.57084,-97.66254,2.9123,2.9123,2.9123,1,city
5414,Pride Travel Center dba One9 #1216,"I-10 ,EXIT 200 & SR-84",Eloy,AZ,32.7559,-111.55484,3.1990,3.1990,3.1990,2,city
5419,USA TRAVEL CENTER,"I-40, EXIT 48 & US-93",Kingman,AZ,35.18944,-114.05301,3.3990,3.3990,3.3990,1,city
5422,K AND H TRUCK PLAZA,"I-57, EXIT 283 & US-24",Gilman,IL,40.7667,-87.99226,3.1290,3.0990,3.1590,2,city
5424,WK TRUCK STOP,"US-231 & SR-9001, EXIT 75",Beaver Dam,KY,37.40199,-86.87583,3.3990,3.3990,3.3990,1,city
5435,MEADE AUTO AND TRUCK PLAZA,US-54,Meade,KS,37.28558,-100.34015,3.7990,3.7990,3.7990,1,city
5436,PARKWAY MARATHON,"US-79, EXIT 94",Caneyville,KY,37.42422,-86.48831,3.7323,3.7323,3.7323,1,city
5446,PETRO STOPPING CENTER #308,"I-20, EXIT 8 & SR-526",Shreveport,LA,32.52515,-93.75018,3.1757,3.1757,3.1757,1,city
5462,BOOZER KWIK STOP,"I-15, EXIT 118",Idaho Falls,ID,43.46658,-112.03414,3.4473,3.4473,3.4473,1,city
5464,PILOT TRAVEL CENTERS #48,"I-65, EXIT 86",Glendale,KY,37.60173,-85.90552,3.6090,3.6090,3.6090,1,city
5474,One9 #88,"I-95/SR-9, EXIT 201 & SR-520",Cocoa,FL,28.38612,-80.742,3.3757,3.3757,3.3757,1,city
5477,CHEVRON #383766,"I-5, EXIT 216",Halsey,OR,44.38401,-123.10981,3.0990,3.0990,3.0990,1,city
5479,PILOT TRAVEL CENTERS #94,"I-75, EXIT 161",Punta Gorda,FL,26.92978,-82.04537,3.7990,3.7990,3.7990,2,city
5491,49ER FUEL CENTER,"I-75, EXIT 49",East Bernstadt,KY,37.18953,-84.11771,2.9990,2.9990,2.9990,1,city
5492,BFS FOODS #68,"I-70, EXIT 3",Hancock,MD,39.69898,-78.17973,4.1290,4.1290,4.1290,1,city
5522,ONE9 #301,"I-55,  EXIT 40",Marston,MO,36.51895,-89.61258,3.1090,3.1090,3.1090,1,city
5523,TA LIMON TRAVEL CENTER,"I-70, EXIT 359 & US-24",Limon,CO,39.26388,-103.69217,3.9207,3.9207,3.9207,1,city
5529,FLYING J #549,"I-77, EXIT 100 & 101",Mount Airy,NC,36.4993,-80.60729,3.5990,3.5990,3.5990,1,city
5537,HUCKS TRAVEL CENTER #51 DBA FLYING J #889,"I-57/I-64, EXIT 95 & SR-15",Mount Vernon,IL,38.31727,-88.90312,3.4590,3.3590,3.5990,5,city
5554,Southfork TRUCK STOP,"I-30, EXIT 63 & SR-53",Gurdon,AR,33.92094,-93.15406,3.4590,3.4590,3.4590,1,city
5560,MIDWAY TRAVEL PLAZA,I-70 EXIT 121 & US-40,Columbia,MO,38.95171,-92.33407,3.5390,3.5390,3.5390,1,city
5569,TA EXPRESS NORWOOD #0450,US-60,Norwood,MO,37.10839,-92.41489,3.4490,3.4490,3.4490,1,city
5570,PETRO STOPPING CENTER #310,"I-12, EXIT 40 & US-51 BUS",Hammond,LA,30.50463,-90.46293,3.2490,3.2490,3.2490,1,city
5579,SAPP BROS TRAVEL CENTER,US-30,Columbus,NE,41.42973,-97.36838,3.2190,3.2190,3.2190,1,city
5592,TA COLUMBIA NORTH,"I-20, EXIT 71 & US-21",Columbia,SC,34.00071,-81.03481,3.4390,3.4390,3.4390,1,city
5597,CM LAKE CHARLES FUEL STOP 36,"I-10, EXIT 36 & SR-397",Lake Charles,LA,30.21309,-93.2044,3.2990,3.2990,3.2990,1,city
5601,BP,"I-24, EXIT 16",Paducah,KY,37.08339,-88.60005,3.4290,3.4290,3.4290,1,city
5603,TA NORTH CANTON TRAVEL CENTER,"I-77, EXIT 111",North Canton,OH,40.87589,-81.40234,3.6240,3.6240,3.6240,1,city
5606,FLYING J #511,"I-94, EXIT 147",Mandan,ND,46.82666,-100.88958,3.9523,3.9523,3.9523,1,city
5607,RICE MART,"I-45 & FM 1603, EXIT 238",Rice,TX,32.24376,-96.4986,3.0190,3.0190,3.0190,1,city
5608,SHOP A LOTT  #3,US-84 & US-171,Mansfield,LA,32.03766,-93.70018,3.1357,3.1357,3.1357,1,city
5613,CHEVRON #381108,"I-82, EXIT 36",Yakima,WA,46.60207,-120.5059,3.9990,3.9990,3.9990,1,city
5618,MCCLURE OIL #52,"I-65/US-52, EXIT 140 & SR-32",Lebanon,IN,40.04837,-86.46917,3.5840,3.5840,3.5840,1,city
5649,Fast Stop,"I-10, EXIT 182 & SR-22",Sorrento,LA,30.18436,-90.85926,3.6990,3.6990,3.6990,1,city
5651,LOVES TRAVEL STOP #303,"I-64, EXIT 43 & SR-395",Waddy,KY,38.13702,-85.0744,3.7490,3.7490,3.7490,1,city
5659,TEX-BEST #526,US-59 & US-281,George West,TX,28.3325,-98.11751,3.2990,3.2990,3.2990,1,city
5660,Pride Convenience Store,"I-90, EXIT 51 & I-291",Chicopee,MA,42.1487,-72.60787,3.5090,3.5090,3.5090,1,city
5661,TA Express #287,"I-40, EXIT 288 & SR-111",Cookeville,TN,36.16284,-85.50164,3.2990,3.2990,3.2990,1,city
5667,PILOT TRAVEL CENTERS #393,"I-40, EXIT 24 & SR-209",Waynesville,NC,35.48871,-82.98875,3.7590,3.7590,3.7590,1,city
5669,KWIK TRIP #497,I-90 EXIT 266 & CR-12,Dakota,MN,43.91358,-91.35986,3.4740,3.4740,3.4740,1,city
5670,TA MOUNT VERNON TRAVEL CENTER,"I-57 & I-64, EXIT 95",Mount Vernon,IL,38.31727,-88.90312,3.4990,3.4490,3.5390,3,city
5674,TA MADISON TRAVEL CENTER,"I-20, EXIT 114 & US-441",Madison,GA,33.59568,-83.46794,3.8907,3.8907,3.8907,1,city
5677,YESWAY #1178,CR-13,Kadoka,SD,43.83388,-101.50987,3.1890,3.1890,3.1890,1,city
5691,Pilot Travel Center #666,"I-94, EXIT 30",Benton Harbor,MI,42.11671,-86.45419,3.0590,3.0590,3.0590,1,city
5700,BEACON & BRIDGE #18,US-131 BUS,Big Rapids,MI,43.69808,-85.48366,3.3390,3.3190,3.5590,3,city
5718,TOOT N TOTUM #104,US-287,Dalhart,TX,36.05948,-102.51325,3.1990,3.1990,3.1990,1,city
5721,TA BALTIMORE SOUTH TRAVEL CENTER,"I-95, EXIT 41A & SR-175 & US-1",Jessup,MD,39.14927,-76.77525,4.5990,4.5990,4.5990,1,city
5729,MENOMONIE FARMERS UNION,"I-94, EXIT 45 & CR-B",Menomonie,WI,44.87552,-91.91934,3.6490,3.6490,3.6490,1,city
5730,SCOTTS QUICK STOP,SR-53 & SR-46,Marlette,MI,43.32697,-83.08022,3.3990,3.3990,3.3990,1,city
5739,PILOT TRAVEL CENTERS #284,"I-75, EXIT 18",Monroe,MI,41.91643,-83.39771,3.3990,3.2490,3.5590,5,city
5751,TA LAKE PARK TRAVEL CENTER,"I-75,  EXIT 2",Lake Park,GA,30.68215,-83.17959,3.3157,3.3157,3.3157,1,city
5754,ROAD TRIP OASIS PERRY,"I-69, EXIT 105 & SR-52",Perry,MI,42.82642,-84.21941,3.7490,3.6990,3.7990,2,city
5758,SPEEDY Q MARKET #8206,"I-94, EXIT 274",Port Huron,MI,42.97086,-82.42491,3.8990,3.8990,3.8990,1,city
5770,Kwik Trip # 1281,"I-43, EXIT 107",Belgium,WI,43.49972,-87.85037,3.2557,3.2557,3.2557,1,city
5771,DUNES AUTO TRUCK PLAZA,"I-94, EXIT 12",Sawyer,MI,41.88532,-86.58947,3.5490,3.4990,3.5990,2,city
5774,PJ TRAVEL PLAZA,"I-80, EXIT 192 & SR-880",Loganton,PA,41.03424,-77.30664,3.4790,3.4790,3.4790,1,city
5780,BILLS TRUCKSTOP,"I-85, EXIT 86",Linwood,NC,35.75069,-80.31783,3.4490,3.4490,3.4490,1,city
5799,STAPLES OIL,"I-90, EXIT 146",Alden,MN,43.67023,-93.57605,3.2990,3.2990,3.2990,1,city
5801,TA WYTHEVILLE TRAVEL CENTER,"I-81, EXIT 72 & I-77, EXIT 41",Wytheville,VA,36.94845,-81.08481,3.5190,3.5190,3.5190,1,city
5821,TA PORTLAND TRAVEL CENTER,"I-5,  EXIT 278",Aurora,OR,45.23095,-122.75593,4.0323,4.0323,4.0323,1,city
5823,ENMARKET #863,"I-95, EXIT 8 & SR-88",Hardeeville,SC,32.28714,-81.08067,3.0823,3.0823,3.0823,1,city
5830,115 TRUCKSTOP #5001,"I-94, EXIT 115",Marshall,MI,42.27226,-84.96331,3.4990,3.4290,3.5890,3,city
5842,PETRO STOPPING CENTER #6367,"I-57,  EXIT 335",Monee,IL,41.42003,-87.74171,3.4590,3.3990,3.4990,3,city
5860,SPEEDWAY #4610,"I-35, EXIT 59 & SR-21",Faribault,MN,44.29496,-93.26883,3.7590,3.7590,3.7590,1,city
5873,SOUTHERN VALLEY COOP,ST 14 BYPASS,Mankato,MN,44.15906,-94.00915,3.4990,3.4990,3.4990,1,city
5901,ROTHSAY TRUCK STOP,"I-94, EXIT 38",Rothsay,MN,46.47496,-96.28062,3.2090,3.2090,3.2090,1,city
5903,Circle K #2746447,I-94/US-52 EXIT 127 & US-71/SR-28,Sauk Centre,MN,45.73747,-94.95252,3.1890,3.1890,3.1890,1,city
5907,SPEEDWAY #4035,CR-101,Shakopee,MN,44.79802,-93.5269,3.5990,3.5990,3.5990,1,city
5909,SINCLAIR,"I-90, EXIT 233",Saint Charles,MN,43.96941,-92.06433,3.5290,3.5290,3.5290,1,city
5927,HARRISONBURG TRAVEL CENTER,"I-81,  EXIT 243 & US-11",Harrisonburg,VA,38.44957,-78.86892,2.8990,2.8990,2.8990,1,city
5935,WESTHAMPTON VALERO,I-295 EXIT 47A,Mount Holly,NJ,39.99289,-74.78766,3.3290,3.3290,3.3290,1,city
5942,EXPRESS MART TRUCK STOP,"I-55, EXIT 185 & US-67/US-61",Barnhart,MO,38.34422,-90.39345,2.9973,2.9973,2.9973,1,city
5944,LAKE MILLS TRAVEL PLAZA,"I-94, EXIT 259 & SR- 89/CR-G",Lake Mills,WI,43.08139,-88.91177,3.3607,3.3607,3.3607,1,city
5946,PILOT TRAVEL CENTERS #918,I-90 EXIT 55,Rapid City,SD,44.08054,-103.23101,3.9990,3.9990,3.9990,1,city
5949,EXXON,US-59 & LOOP 151,Texarkana,TX,33.42513,-94.04769,3.1657,3.1657,3.1657,1,city
5951,ROAD RANGER #157,I-64 EXIT 41,Okawville,IL,38.43422,-89.55037,3.7990,3.7990,3.7990,1,city
5963,OZONA ONE STOP,"I-10, EXIT 372",Ozona,TX,30.71017,-101.20067,2.9823,2.9823,2.9823,1,city
5965,TRUCK TOWNE,I-29 EXIT 47 & SR-46,Beresford,SD,43.08054,-96.77366,3.1590,3.1590,3.1590,1,city
5971,WACO TRAVEL CENTER,SR-19,Perry,FL,30.11766,-83.58274,3.6990,3.6990,3.6990,1,city
5979,TA LAFAYETTE TRAVEL CENTER,"I-10 & SR-182, EXIT 101",Lafayette,LA,30.22409,-92.01984,3.1340,3.1340,3.1340,1,city
5980,THRIFT MART TRUCK PLAZA,"I-85/US-460, EXIT 63A & US-1/US-460 BUS",Petersburg,VA,37.22793,-77.40193,3.1990,3.1990,3.1990,1,city
5990,360 TRUCK STOP,US-360,Amelia Court House,VA,37.34293,-77.98056,3.5990,3.5990,3.5990,1,city
5996,Fast Stop Travel Centers #1134,"I-80/US-30, EXIT 99 & US-191/SR-373",Rock Springs,WY,41.58746,-109.2029,3.4990,3.4990,3.4990,1,city
5999,PILOT TRAVEL CENTER #492,"I-30, EXIT 78 & SR-7",Arkadelphia,AR,34.12093,-93.05378,3.5290,3.4990,3.5590,2,city
6001,ALLSUPS #2392,US-70 & US-285,Roswell,NM,33.39437,-104.52491,3.1990,3.1990,3.1990,1,city
6009,CASEYS #2652,US-65 & US-36,Chillicothe,MO,39.79529,-93.55244,3.2890,3.2890,3.2890,1,city
6010,SEGOVIA TRUCK STOP,"I-10, EXIT 465",Junction,TX,30.48936,-99.77201,2.9990,2.9990,2.9990,1,city
6018,TA BLOOMINGTON TRAVEL CENTER,"I-55, I-74 & I-39 , EXIT 160",Bloomington,IL,40.4842,-88.99369,3.5990,3.4490,3.6490,5,city
6033,EMERY'S,US-54,Deerfield,MO,37.83865,-94.50607,3.3490,3.3490,3.3490,1,city
6037,CRYSTAL OIL,"I-129/US-20/US-75,  EXIT 2",South Sioux City,NE,42.47388,-96.41364,3.5490,3.5490,3.5490,1,city
6041,COCKERHAM FUEL CENTER #4,"I-77, EXIT 14 & US-58/US-221",Hillsville,VA,36.76263,-80.73479,3.2823,3.2823,3.2823,1,city
6047,FAST LANE #26,US-61,Eolia,MO,39.23588,-91.00819,3.0990,3.0990,3.0990,1,city
6051,CIRCLE K #2709846,"I-25, EXIT 240",Longmont,CO,40.16721,-105.10193,3.0573,3.0573,3.0573,1,city
6057,PILOT TRAVEL CENTERS #903,"I-70/US-40, EXIT 252",Salina,KS,38.84028,-97.61142,3.7690,3.7590,3.7790,2,city
6058,MOTOR INN AUTO TRUCK STOP,I-75 EXIT 110,Mendon,OH,40.67338,-84.51884,3.1990,3.1990,3.1990,1,city
6068,AYERCO #24,US-61 & CR MM,Hannibal,MO,39.70838,-91.35848,3.0990,3.0990,3.0990,1,city
6082,Palmetto Truck Plaza,US-27/SR-25 & SR-826,Hialeah,FL,25.8576,-80.27811,3.3990,3.3990,3.3990,1,city
6083,BP,"I-35, EXIT 33",Holt,MO,39.45278,-94.34217,3.0490,3.0490,3.0490,1,city
6087,BREAK TIME #3173,US-54 & CR-HH,Fulton,MO,38.84671,-91.94796,3.2990,3.2990,3.2990,1,city
6093,ONE9 #901,"I-80 & US-183, EXIT 257",Elm Creek,NE,40.71945,-99.37204,2.9657,2.9657,2.9657,1,city
6096,Waverly Travel Center,US-23,Waverly,OH,39.12673,-82.98546,3.4157,3.4157,3.4157,1,city
6097,SAPP BROS TRAVEL CENTER,"I-80, EXIT 263",Elm Creek,NE,40.71945,-99.37204,3.1873,3.1873,3.1873,1,city
6106,TA HUNTINGTON,"I-84, EXIT 353",Huntington,OR,44.35127,-117.26657,3.6390,3.6390,3.6390,1,city
6111,HAWGS EXXON,US-167/SR-25,Batesville,AR,35.7698,-91.64097,3.3590,3.3590,3.3590,1,city
6150,CIRCLE K #2723707,"I-81,  EXIT 150",Troutville,VA,37.41819,-79.87476,3.0657,3.0657,3.0657,1,city
6154,TA MOBILE TRAVEL CENTER,"I-10,  EXIT 4",Grand Bay,AL,30.47631,-88.34223,3.1357,3.1357,3.1357,1,city
6164,PILOT TRAVEL CENTERS #268,"I-80/US-6, EXIT 284",Walcott,IA,41.58475,-90.77209,3.8723,3.8590,3.8857,2,city
6165,TEMP STOP #117,I-70 & GRAIN VALLEY RD EXIT 24,Grain Valley,MO,39.01501,-94.19856,2.9590,2.9590,2.9590,1,city
6167,PILOT TRAVEL CENTERS #167,US-71,Nevada,MO,37.83921,-94.35467,3.4957,3.4957,3.4957,1,city
6172,SPEEDWAY #2319,"I-96, EXIT 77",Portland,MI,42.8692,-84.90305,3.6240,3.5490,3.6990,2,city
6173,PILOT TRAVEL CENTERS #21,"I-94, EXIT 167",Dexter,MI,42.33834,-83.88954,3.6240,3.5790,3.6590,4,city
6175,ONVO TRAVEL PLAZA - MIFFLINTOWN,US-322/US-22 & SR-35,Mifflintown,PA,40.5698,-77.39693,3.4790,3.4790,3.4790,1,city
6179,HENDERSON TRAVEL PLAZA,"I-10, EXIT 115 & SR-347",Breaux Bridge,LA,30.27353,-91.89928,3.3857,3.3857,3.3857,1,city
6180,Circle #4703923,"I-24, EXIT 180B & US-27",Chattanooga,TN,35.04563,-85.30968,2.7857,2.7857,2.7857,1,city
6182,Exxon,"I-20, EXIT 205 & SR-46",Heflin,AL,33.64899,-85.58746,3.0157,3.0157,3.0157,1,city
6188,SIGNAL FOOD STORE #112,US-65 & SR-J,Ozark,MO,37.02089,-93.20602,2.9990,2.9990,2.9990,1,city
6198,DAVIS TRAVEL CENTER #102,"I-95/US-301, EXIT 33 & SR-602",Stony Creek,VA,36.94793,-77.40081,3.0657,3.0657,3.0657,1,city
6200,KWIK FILL #388,"I-80, EXIT 29 & SR-8",Harrisville,PA,41.13673,-80.00922,3.4040,3.4040,3.4040,1,city
6206,PETRO PORTAGE,"I-90 & I-94, EXIT 108-A",Portage,WI,43.53915,-89.46262,3.8073,3.8073,3.8073,1,city
6212,MR FUEL,"I-55, EXIT 180",Pevely,MO,38.28339,-90.39512,3.0157,3.0157,3.0157,1,city
6214,PIONEER Travel Plaza,"I-41, EXIT 60 & SR-145",Richfield,WI,43.25612,-88.19398,3.2157,3.2157,3.2157,1,city
6215,FUEL HUB,"I-87, EXIT 21B",West Coxsackie,NY,42.36064,-73.81679,3.5990,3.5990,3.5990,1,city
6218,LOVES TRAVEL STOP #215,"I-40, EXIT 16 & US-40 BUS/US-66",Gallup,NM,35.52808,-108.74258,3.4373,3.4373,3.4373,1,city
6219,SCHATZ CROSSROADS,US-2 /US-52,Minot,ND,48.23251,-101.29627,3.5490,3.5490,3.5490,1,city
6221,LOVES TRAVEL STOP #214,I-10 EXIT 37,El Paso,TX,31.75872,-106.48693,3.0757,3.0757,3.0757,1,city
6222,QUIKTRIP #236,"I-29/US-71, EXIT 18 & SR-92",Platte City,MO,39.37028,-94.78246,2.9990,2.9990,2.9990,1,city
6227,MARLOWS FUEL CENTER,"I-20, EXIT 479",Dallas,TX,32.78306,-96.80667,3.2407,3.2407,3.2407,1,city
6229,FUEL MART #764,"I-70, EXIT 66 & SR- 54",South Vienna,OH,39.927,-83.61242,3.1290,3.1290,3.1290,1,city
6232,OASIS TRUCK STOP,"I-44 & SR-133, MM 145",Richland,MO,37.85698,-92.40434,3.3240,3.3240,3.3240,1,city
6242,TA FORISTELL TRAVEL CENTER,"I-70, EXIT 203",Foristell,MO,38.81505,-90.95597,3.0190,3.0190,3.0190,1,city
6243,GARDEN INN TRAVEL PLAZA,US-60/US-63,Cabool,MO,37.12394,-92.10127,3.2990,3.2990,3.2990,1,city
6251,BREAUX BRIDGE VALERO #1408,"I-10 & SR-347, EXIT 115",Breaux Bridge,LA,30.27353,-91.89928,3.4990,3.4990,3.4990,1,city
6252,PILOT TRAVEL CENTERS #12,I-80 & I-90 EXIT 71,Perrysburg,OH,41.557,-83.62716,3.7590,3.7590,3.7590,1,city
6258,CASEYS #6342,"I-29, EXIT 144 & US-169",Saint Joseph,MO,39.76861,-94.84663,3.1690,3.1690,3.1690,1,city
6271,TA DENTON TRAVEL CENTER,"I-35, EXIT 471 & US-77",Denton,TX,33.21484,-97.13307,3.2540,3.2540,3.2540,1,city
6275,TA SEATTLE EAST TRAVEL CENTER,"I-90, EXIT 34",North Bend,WA,47.49566,-121.78678,3.8990,3.8590,3.9590,3,city
6284,7-ELEVEN #40513,I-90/80-IN TOLL RD MM 22W,Portage,IN,41.57587,-87.17615,3.9990,3.9990,3.9990,1,city
6286,APPLE MARKET #526,"I-64, EXIT 94",Winchester,KY,37.99008,-84.17965,2.9157,2.9157,2.9157,1,city
6290,FUEL KING NAPOLEON TRAVEL CENTER,"US-6/US-24/SR/CR-3, EXIT 41",Napoleon,OH,41.39227,-84.12522,3.4390,3.4390,3.4390,1,city
6293,PETRO STOPPING CENTER #313,"I-40, EXIT 79",Milan,NM,35.16976,-107.89089,3.5707,3.5707,3.5707,1,city
6296,GRAY TRUCK STOP,US-71/US-136,Maryville,MO,40.3461,-94.87247,3.2657,3.2657,3.2657,1,city
6299,HWY 34 TRUCKSTOP,"US-34, EXIT 258",West Burlington,IA,40.82504,-91.15654,3.3740,3.3740,3.3740,1,city
6305,I-95 Fuel Stop,"I-95, EXIT 126 & US-17/US-1",Fredericksburg,VA,38.30318,-77.46054,3.2640,3.2640,3.2640,1,city
6307,QUIKTRIP #608,"I-70, MID RIVERS MALL",Saint Peters,MO,38.80033,-90.62651,2.9040,2.9040,2.9040,1,city
6308,Pilot Travel Centers #354,"I-64, EXIT 28",Simpsonville,KY,38.22257,-85.35523,3.7590,3.7590,3.7590,1,city
6309,WINNERS CIRCLE #1,"I-30 & US-270, EXIT 98A",Malvern,AR,34.36231,-92.81295,3.3523,3.3523,3.3523,1,city
6310,CIRCLE K #2707515,US-27/SR-25 & US-98/US-700/SR-700/SR-66,Sebring,FL,27.49559,-81.44091,3.3890,3.3890,3.3890,1,city
6315,AYERCO #25,US-24,Taylor,MO,39.9381,-91.52377,3.0157,3.0157,3.0157,1,city
6318,Chisholm Corner #15,"I-35, EXIT 72 & US-19",Pauls Valley,OK,34.74008,-97.22225,3.3873,3.3873,3.3873,1,city
6326,KANZA TRAVEL PLAZA,"I-35, EXIT 231 AND US-177",Braman,OK,36.92364,-97.33366,3.0273,3.0273,3.0273,1,city
6327,PETRO STOPPING CENTER #312,"I-40 & I-75, EXIT 369",Knoxville,TN,35.96064,-83.92074,3.4257,3.4257,3.4257,1,city
6330,TA EDINBURG TRAVEL CENTER,I-69C/US-281 & FM-2812,Edinburg,TX,26.30174,-98.16334,3.0107,3.0107,3.0107,1,city
6334,231 PLAZA AND TRUCK STOP,US-231/SR-75 & SR-20,Youngstown,FL,30.36436,-85.43826,3.4940,3.4940,3.4940,1,city
6341,TA RAWLINS TRAVEL CENTER,"I-80, EXIT 214",Rawlins,WY,41.79107,-107.23866,3.7223,3.7223,3.7223,1,city
6346,SPEEDWAY #4710,US-71/SR-60,Windom,MN,43.86635,-95.11694,3.2990,3.2990,3.2990,1,city
6351,FLYING J TRAVEL PLAZA #608,"I-10, EXIT 1",Ehrenberg,AZ,33.60419,-114.52523,3.9590,3.9590,3.9590,1,city
6356,CIRCLE K #2721536,ST 6 EAST,Batesville,MS,34.3115,-89.94426,3.2407,3.2407,3.2407,1,city
6370,TA ROCKWALL TRAVEL CENTER,"I-30/US-67, EXIT 68 & SR-205",Rockwall,TX,32.93123,-96.45971,3.1373,3.1373,3.1373,1,city
6374,TA ELGIN WEST TRAVEL CENTER,I-90 &  US-20,Hampshire,IL,42.0978,-88.53036,3.4990,3.4590,3.5990,5,city
6387,FLYING J FRANCHISE #966,"I-80, EXIT 229",Battle Mountain,NV,40.64213,-116.93427,3.7923,3.7923,3.7923,1,city
6391,TOOT N TOTUM #106,US-287,Dumas,TX,35.86559,-101.97324,3.0057,3.0057,3.0057,1,city
6393,PILOT TRAVEL CENTERS #478,"I-64, EXIT 92",Leavenworth,IN,38.19979,-86.34414,3.9590,3.9590,3.9590,2,city
6401,CIRCLE K #2723457,"I-10, EXIT 34-B",Gulfport,MS,30.36742,-89.09282,2.9890,2.9890,2.9890,1,city
6434,AMPRIDE ALL ROUND TRUCK STOP,US-20,Fort Dodge,IA,42.49747,-94.16802,3.2990,3.2990,3.2990,1,city
6441,GRAND OIL,"I-75, EXIT 41 & SR-80",London,KY,37.12898,-84.08326,3.4990,3.4990,3.4990,1,city
6442,CLARK OIL #49,US-84,Laurel,MS,31.69405,-89.13061,2.9990,2.9990,2.9990,1,city
6448,CIRCLE K #2723392,"I-59, EXIT 97 & US-84",Laurel,MS,31.69405,-89.13061,2.9523,2.9523,2.9523,1,city
6462,ARCO #471770,US-281 & SR-5,Dunseith,ND,48.81306,-100.06097,3.4990,3.4990,3.4990,1,city
6468,TA SAYRE TRAVEL CENTER,"I-40 & CEMETARY RD, EXIT 26",Sayre,OK,35.29116,-99.6401,3.0640,3.0640,3.0640,1,city
6480,FLYING J #934,"I-84, EXIT 265",La Grande,OR,45.32458,-118.08772,3.5357,3.5357,3.5357,1,city
6492,FLICKS,US-49,Richland,MS,32.23904,-90.15842,2.9990,2.9990,2.9990,1,city
6496,SPEEDY EXPRESS #38,"I-35, EXIT 305",Mathis,TX,28.09446,-97.82805,3.1990,3.1990,3.1990,1,city
6502,SQUAW CREEK TRAVEL PLAZA,"I-29, EXIT 79 & US-159",Forest City,MO,39.9825,-95.19192,3.3390,3.3390,3.3390,1,city
6517,HARDYS #5,"I-80, EXIT 4   4",Wendover,UT,40.73715,-114.03751,3.4990,3.4990,3.4990,1,city
6518,TOWN PUMP FOOD STORE #310,"I-15, EXIT 164",Boulder,MT,46.23659,-112.12083,3.5590,3.5590,3.5590,1,city
6526,TULIP CITY TRUCK STOP,"I-196 & SR-40, EXIT 49",Holland,MI,42.78752,-86.10893,3.7390,3.7390,3.7390,1,city
6527,ZIP TRIP #50,"I-90, EXIT 426",Park City,MT,45.63272,-108.91793,3.5840,3.5840,3.5840,1,city
6547,FLYING J TRAVEL PLAZA #762,"I-90, EXIT 126 & SR-59",Gillette,WY,44.29109,-105.50222,3.8990,3.8990,3.8990,1,city
6562,PILOT #1323,"I-29, EXIT 35",Faucett,MO,39.6,-94.79746,3.2723,3.2723,3.2723,1,city
6563,Road Ranger #282,"I-35, EXIT 500",Gainesville,TX,33.62594,-97.13335,3.1757,3.1757,3.1757,1,city
6564,FLYING J FRANCHISE #970,US-395,Pasco,WA,46.23958,-119.10057,4.5990,4.5990,4.5990,1,city
6565,TA Greeneville Travel Center,"I-81,  EXIT 36",Greeneville,TN,36.16316,-82.83099,3.5523,3.5523,3.5523,1,city
6567,YELLOWSTONE TRUCK SHOP,"I-90, EXIT 330",Livingston,MT,45.66244,-110.56104,3.6490,3.6490,3.6490,1,city
6577,AC & T TRAVEL CENTER,"I-81, EXIT 5 W",Hagerstown,MD,39.64176,-77.71999,3.6590,3.6590,3.6590,1,city
6578,PILOT TRAVEL CENTER #909- TOWN PUMP,"I-15 & US-2, EXIT 363",Shelby,MT,48.50526,-111.85697,3.6357,3.6357,3.6357,1,city
6588,TOWN PUMP FOOD STORE #4300,"I-90, EXIT 249",Whitehall,MT,45.87076,-112.09749,3.6590,3.6590,3.6590,1,city
6593,LITTLE AMERICA TRAVEL CENTER,"I-40, EXIT 198",Flagstaff,AZ,35.19807,-111.65127,3.5390,3.5390,3.5390,1,city
6607,TRANSIT TRUCK STOP,"I-97, EXIT 10",Millersville,MD,39.05955,-76.64802,3.4657,3.4657,3.4657,1,city
6608,7-ELEVEN #35560,SR-16,Charlotte,NC,35.22709,-80.84313,3.9990,3.9990,3.9990,1,city
6628,FLYING J TRAVEL PLAZA #682,"I-85, EXIT 150",Haw River,NC,36.09153,-79.36419,3.9423,3.9423,3.9423,1,city
6632,TA SAVANNAH TRAVEL CENTER,"I-95/SR-405,  EXIT 87 & US-17/SR-25",Richmond Hill,GA,31.93827,-81.30344,3.3507,3.3507,3.3507,1,city
6633,BAKER TRUCK CORRAL,"I-84, EXIT 304",Baker City,OR,44.77487,-117.83438,3.4257,3.4257,3.4257,1,city
6640,PETRO STOPPING CENTER JOHNSTOWN,"I-25, EXIT 254",Johnstown,CO,40.33693,-104.9122,3.4273,3.4273,3.4273,1,city
6642,TA VERO BEACH TRAVEL CENTER #197,"I-95/SR-9, EXIT 147 & SR-60",Vero Beach,FL,27.63864,-80.39727,3.4840,3.4840,3.4840,1,city
6646,FAMILY EXPRESS #35 (DISCOUNT AVAILABLE),"I-65, EXIT 215 & SR-114",Rensselaer,IN,40.9367,-87.15086,3.1323,3.1323,3.1323,1,city
6655,BP DBA TA ELKTON TRAVEL CENTER,"I-95,  EXIT 109B",Elkton,MD,39.60678,-75.83327,4.9690,4.9690,4.9690,1,city
6659,GURNEE TRUCK STOP,US-41,Gurnee,IL,42.3703,-87.90202,3.3340,3.2890,3.3790,2,city
6661,TA FRANKLIN TRAVEL CENTER,"I-65, EXIT 61",Franklin,TN,35.92506,-86.86889,3.8390,3.8390,3.8390,1,city
6663,TA of Mocksville,"I-40, EXIT 170 & US-601",Mocksville,NC,35.89403,-80.56145,3.6990,3.6990,3.6990,1,city
6677,ROADWAY TRAVEL CENTER,"I-29, EXIT 73",Sioux Falls,SD,43.54369,-96.72796,3.1990,3.1990,3.1990,1,city
6693,SAPP BROS TRAVEL CENTER,US-77,Fremont,NE,41.43333,-96.49808,3.3457,3.3457,3.3457,1,city
6701,JACKS TRUCK STOP,"I-65, EXIT 304 & SR-69",Cullman,AL,34.17482,-86.84361,3.9990,3.9990,3.9990,1,city
6704,FL Roberts,"I-91, EXIT 24",Whately,MA,42.43981,-72.63481,3.5590,3.5590,3.5590,1,city
6716,MARATHON,"I-29/US-81, EXIT 65 & I-94 BUS/US-10",Fargo,ND,46.87719,-96.7898,3.4490,3.4490,3.4490,1,city
6721,STAMART 1222,"I-29, EXIT 64",Fargo,ND,46.87719,-96.7898,3.3857,3.3857,3.3857,1,city
6725,TA EXPRESS GRAND FORKS #948,"I-29, EXIT 141 & US-2",Grand Forks,ND,47.92526,-97.03285,3.5390,3.5390,3.5390,1,city
6734,TOMAHAWK TRUCK STOP,"I-25, EXIT 128",Fountain,CO,38.68222,-104.70081,3.2990,3.2990,3.2990,1,city
6736,EAGLEVILLE TRAVEL CENTER,"I-35 & ROUTE N, EXIT 106",Eagleville,MO,40.46917,-93.98717,2.9357,2.9357,2.9357,1,city
6742,Holiday #3810,"I-94/US-52, EXIT 178 & SR-24",Clearwater,MN,45.41941,-94.04887,3.2207,3.2207,3.2207,1,city
6744,FLYING J #550,US-2/US-52,Minot,ND,48.23251,-101.29627,3.9357,3.9357,3.9357,1,city
6745,TIGER TRUCK STOP,"I-10, EXIT 139",Grosse Tete,LA,30.41103,-91.43372,3.0590,3.0590,3.0590,1,city
6755,PETRO STOPPING CENTER #326,"I-40, EXIT 161 & SR-391",North Little Rock,AR,34.76954,-92.26709,3.2073,3.2073,3.2073,1,city
6760,BETTY BEAVERS TRUCKSTOP,"I-87, EXIT 32",Lewis,NY,44.27505,-73.56569,3.6690,3.6190,3.7190,2,city
6765,CIRCLE C TRAVEL PLAZA,"I-95, EXIT 68 & SR-61",Walterboro,SC,32.90517,-80.66677,3.0790,3.0790,3.0790,1,city
6806,Onvo Travel Plaza,"I-78/US-22, EXIT 45 & SR-863",Kutztown,PA,40.51732,-75.77742,3.3273,3.3273,3.3273,1,city
6810,TA RICHMOND,"I-95, EXIT 89 & SR-802",Ashland,VA,37.75903,-77.47998,3.6057,3.6057,3.6057,1,city
6811,PUMP & PANTRY #24,US-6/CR-74,Hastings,NE,40.58612,-98.38839,3.3990,3.3990,3.3990,1,city
6823,PETRO STOPPING CENTER #301,"I-10, EXIT 37",El Paso,TX,31.75872,-106.48693,3.1240,3.1240,3.1240,1,city
6840,PETRO DEMING,"I-10, EXIT 68",Deming,NM,32.2687,-107.75864,3.3857,3.3857,3.3857,1,city
6842,FLYNNS TRUCK PLAZA,"US-20, EXIT 11 & SR-140",Shrewsbury,MA,42.29593,-71.71285,3.6157,3.6157,3.6157,1,city
6845,NEBRASKALAND TIRE SHOP,"I-80, EXIT 237 & US-283",Lexington,NE,40.78084,-99.7415,2.9990,2.9990,2.9990,1,city
6850,BROKEN WHEEL TRUCK STOP,"I-25, EXIT 135",Douglas,WY,42.75969,-105.38221,3.7590,3.7590,3.7590,1,city
6857,TA SPARKS TRAVEL CENTER,"I-80, EXIT 19 & SR-659",Sparks,NV,39.53491,-119.75269,3.8990,3.8990,3.8990,1,city
6859,PRIME STOP,US-81,Norfolk,NE,42.02834,-97.417,3.2290,3.2290,3.2290,1,city
6864,JJS TRUCK STOP,"I-30, EXIT 106",Malvern,AR,34.36231,-92.81295,3.3157,3.3157,3.3157,1,city
6869,TA WHEELING TRAVEL CENTER,"I-70, EXIT 11 & CR-41",Valley Grove,WV,40.08757,-80.57035,3.5290,3.5290,3.5290,1,city
6883,PILOT TRAVEL CENTERS #517,US- 22 & SR-322,Duncannon,PA,40.39814,-77.02303,4.1990,4.1990,4.1990,1,city
6885,GO MART FOOD STORE #31,"I-77, EXIT 95 & SR-61",Charleston,WV,38.34982,-81.63262,3.4990,3.4990,3.4990,1,city
6886,PWI #535,"I-70, EXIT 47",Palisade,CO,39.11026,-108.35092,3.3790,3.3790,3.3790,1,city
6897,Speedee Mart #2890,US-20 & US-83,Valentine,NE,42.87278,-100.55097,3.3290,3.3290,3.3290,1,city
6901,PRIME STOP,US-275,Wisner,NE,41.98722,-96.91421,3.2590,3.2590,3.2590,1,city
6915,FLITE LINE SUNOCO,"I-95, EXIT 3",Portsmouth,NH,43.07704,-70.75766,3.6957,3.6957,3.6957,1,city
6927,TORCH 85 TRUCK PLAZA,"I-85, EXIT 42",Tuskegee,AL,32.42415,-85.69096,3.2723,3.2723,3.2723,1,city
6944,CROSSROADS TRUCK STOP,"I-82, EXIT 1 & US-730",Umatilla,OR,45.91735,-119.34252,3.2390,3.2390,3.2390,1,city
6948,PILOT #4563,"I-8I, EXIT 77",Harrisburg,PA,40.2737,-76.88442,3.8690,3.8690,3.8690,1,city
6951,ARROWHEAD TRAVEL PLAZA,"I-84, EXIT 216 & SR 331,",Pendleton,OR,45.67207,-118.7886,3.2590,3.2590,3.2590,1,city
6954,BOLLA MARKET #198,SR-17MAHWA,Mahwah,NJ,41.08871,-74.14376,3.5857,3.5857,3.5857,1,city
6960,FLYING J TRAVEL PLAZA #761,"I-80 & US-189, EXIT 3",Evanston,WY,41.26828,-110.96324,3.6990,3.6990,3.6990,1,city
6961,LITTLE AMERICA,"I-80, EXIT 358 & I-25, EXIT 9 & US-30",Cheyenne,WY,41.13998,-104.82025,3.7090,3.7090,3.7090,1,city
6962,LITTLE AMERICA TRAVEL CENTER,"I-80, EXIT 68 & SR-374",Little America,WY,41.54357,-109.85903,3.5257,3.5257,3.5257,1,city
6963,Atlantis Fresh Market #553,"I-84, EXIT 1",Montague,NJ,41.30315,-74.7935,3.5090,3.5090,3.5090,1,city
6968,R STORE #4513,US-41,Fond Du Lac,WI,43.775,-88.43883,3.2990,3.2990,3.2990,1,city
6970,TA Twin City East Travel Center,I-94  EXIT 4 & US-12,Hudson,WI,44.97469,-92.75687,3.5473,3.5473,3.5473,1,city
6971,KWIK TRIP #1013,"I-41, EXIT 57 & SR-167",Richfield,WI,43.25612,-88.19398,3.3907,3.3907,3.3907,1,city
6975,TRUCKERS INN STOP,"I-90/I-94, EXIT 132 & US-51",De Forest,WI,43.24777,-89.34373,3.1990,3.1990,3.1990,1,fuzzy
6976,MOASIS TRUCK CENTER,US-41,Little Chute,WI,44.27999,-88.31844,3.1990,3.1990,3.1990,1,city
6980,TA MADISON TRAVEL CENTER,"I-90/I-94/I-39, EXIT 132 & US-51",De Forest,WI,43.24777,-89.34373,3.8390,3.8390,3.8390,1,fuzzy
6981,Kwik Trip #1197,"US-151, EXIT 26",Belmont,WI,42.73611,-90.33429,3.5640,3.5640,3.5640,1,city
6984,TA HURRICANE TRAVEL CENTER,"I-64, EXIT 39 & SR-34",Hurricane,WV,38.43259,-82.02014,3.6323,3.6323,3.6323,1,city
6986,LOVES TRAVEL STOPS #448,"I-5, EXIT 136B, SR-509",Tacoma,WA,47.25288,-122.44429,4.5890,4.5890,4.5890,2,city
6987,One9 #965,"I-90, EXIT 109 & US-97",Ellensburg,WA,46.99651,-120.54785,3.8590,3.8390,3.8990,3,city
6992,FLYING J #1169,"I-5, EXIT 99",Tumwater,WA,47.00732,-122.90931,4.5990,4.5990,4.5990,1,city
6994,FLYING J FRANCHISE #967,"I-90, EXIT 286",Spokane,WA,47.65966,-117.42908,4.0290,3.9290,4.1590,5,city
6999,SIMMONS TRAVEL CENTER,"I-85, EXIT 4 & SR-93/SR-903",Bracey,VA,36.59959,-78.14305,3.0990,3.0990,3.0990,1,city
7003,TA ASHLAND TRAVEL CENTER,"I-95, EXIT 92 & SR-54",Ashland,VA,37.75903,-77.47998,3.6423,3.6423,3.6423,1,city
7004,FRANKS TRUCKING CENTER,"I-264, EXIT 13B",Chesapeake,VA,36.81904,-76.27494,3.4490,3.4490,3.4490,1,city
7005,PETRO STOPPING CENTER,"I-81 & I-64, EXIT 205",Raphine,VA,37.93735,-79.23281,3.6590,3.6590,3.6590,1,city
7007,KUM & GO #0201,"I-80, EXIT 242",Coralville,IA,41.6764,-91.58045,3.2940,3.2940,3.2940,1,city
7013,ERNIES TRUCK PLAZA,"I-15, EXIT 112",Beaver,UT,38.27691,-112.64105,3.3990,3.3990,3.3990,1,city
7016,TA SALT LAKE CITY TRAVEL CENTER,"I-80, EXIT 99",Tooele,UT,40.53078,-112.29828,3.7690,3.7690,3.7690,1,city
7018,FLYING J TRAVEL PLAZA #746,"I-15 & I-80 SR 201, EXIT 305",Salt Lake City,UT,40.76078,-111.89105,3.7323,3.7323,3.7323,1,city
7023,TA AMARILLO WEST TRAVEL CENTER,"I-40, EXIT 74",Amarillo,TX,35.222,-101.8313,3.2790,3.2790,3.2790,1,city
7037,SAMS TRUCK STOP,"I-10, EXIT 138",Van Horn,TX,31.04029,-104.83073,3.9990,3.9990,3.9990,1,city
7045,BUBBLE CITY TRUCK STOP,US-64,Farmington,NM,36.72806,-108.21869,3.7057,3.7057,3.7057,1,city
7051,PILOT #887,US-84 & US-180,Snyder,TX,32.71789,-100.91762,3.2457,3.2457,3.2457,1,city
7056,TA SWEETWATER TRAVEL CENTER,"I-20, EXIT 242",Sweetwater,TX,32.47095,-100.40594,3.1523,3.1523,3.1523,1,city
7058,YESWAY #1125,"I-27, EXIT 1C",Lubbock,TX,33.57786,-101.85517,2.9690,2.9690,2.9690,1,city
7059,TA BIG SPRING TRAVEL CENTER,"I-20, EXIT 177 & US-87",Big Spring,TX,32.2504,-101.47874,3.6990,3.6990,3.6990,1,city
7064,SPEEDWAY #9804,"I-10, EXIT 25",El Paso,TX,31.75872,-106.48693,3.4157,3.4157,3.4157,1,city
7066,REFUEL #328,"I-35,  EXIT 204",San Marcos,TX,29.88327,-97.94139,2.9990,2.9990,2.9990,1,city
7072,TA ANTIOCH TRAVEL CENTER,"I-24, EXIT 62",Antioch,TN,35.78979,-88.97423,3.5057,3.5057,3.5057,1,city
7077,THE TENNESSEAN TRUCKSTOP,"I-65, EXIT 22 & US-31 ALT/SR-11",Cornersville,TN,35.36146,-86.83972,3.7990,3.7990,3.7990,1,city
7078,TA DENMARK TRAVEL CENTER,"I-40 & SR-138, EXIT 68",Denmark,TN,36.33839,-87.72919,3.5390,3.5390,3.5390,1,city
7080,ONE9 #1422,"I-40, EXIT 197",Moriarty,NM,34.99005,-106.04919,3.1157,3.1157,3.1157,1,city
7082,Chevron,"I-65, EXIT 6",Ardmore,TN,34.99203,-86.84667,3.5990,3.5990,3.5990,1,city
7084,Holiday StationStore #2746500,US-12 & US-281,Aberdeen,SD,45.4647,-98.48648,3.1140,3.1140,3.1140,1,city
7087,PILOT #599,"I-90, EXIT 192 & I-90 BUS/US-83",Murdo,SD,43.88832,-100.71291,3.7990,3.7990,3.7990,1,city
7088,FLYING J FRANCHISE #931,"I-90, EXIT 61",Rapid City,SD,44.08054,-103.23101,3.1573,3.1573,3.1573,1,city
7092,LOVES TRAVEL STOP #445,I-90 EXIT 399 & SR 115,Sioux Falls,SD,43.54369,-96.72796,3.8890,3.8890,3.8890,1,city
7095,TA MANNING TRAVEL CENTER,"I-95, EXIT 119",Manning,SC,33.69516,-80.21091,3.5173,3.5173,3.5173,1,city
7106,PILOT DEALER #1163,"I-80, EXIT 42",Emlenton,PA,41.17728,-79.70783,4.0357,4.0357,4.0357,1,city
7112,TA HARRISBURG TRAVEL CENTER,"I-81, EXIT 77 & SR-39",Harrisburg,PA,40.2737,-76.88442,3.8157,3.8157,3.8157,1,city
7116,TA MILESBURG TRAVEL CENTER,"I-80, EXIT 158",Milesburg,PA,40.94173,-77.785,4.0490,4.0490,4.0490,1,city
7121,TA BLOOMSBURG TRAVEL CENTER,"I-80, EXIT 232",Bloomsburg,PA,41.0037,-76.45495,3.9573,3.9573,3.9573,1,city
7126,SAPP BROS TRAVEL CENTER,"I-80, EXIT 120",Clearfield,PA,41.02728,-78.43919,3.8990,3.8990,3.8990,1,city
7128,FLYING J #518,"I-78, EXIT 10 (PA 645)",Myerstown,PA,40.37454,-76.30273,3.8690,3.8690,3.8690,1,city
7129,TA BROOKVILLE TRAVEL CENTER,"I-80 EXIT 78, & SR-36",Brookville,PA,41.16117,-79.08309,4.0290,4.0290,4.0290,1,city
7131,TA BREEZEWOOD TRAVEL CENTER,"I-76 & US30, EXIT 161",Breezewood,PA,39.99925,-78.23862,4.2990,4.2990,4.2990,1,city
7132,Terrible Herbst dba/One9 #1395,"I-15, EXIT 12",Jean,NV,35.77887,-115.32388,3.4590,3.4590,3.4590,1,city
7135,PETRO STOPPING CENTER #336,"I-81, EXIT 52 & I-76, EXIT 226",Carlisle,PA,40.20148,-77.18887,4.1490,4.1490,4.1490,1,city
7136,TA LAMAR TRAVEL CENTER,"I-80, EXIT 173 & SR-64",Lamar,PA,41.01618,-77.5311,4.0357,4.0357,4.0357,1,city
7137,TA BARKEYVILLE TRAVEL CENTER,"I-80, EXIT 29 & SR-8",Harrisville,PA,41.13673,-80.00922,4.0440,4.0440,4.0440,1,city
7147,JUBITZ TRAVEL PLAZA,"I-5, EXIT 307",Portland,OR,45.52345,-122.67621,3.8590,3.8590,3.8590,1,city
7148,TA TROUTDALE TRAVEL CENTER,"I-84, EXIT 17",Troutdale,OR,45.53929,-122.38731,3.9323,3.9323,3.9323,1,city
7154,TA OKLAHOMA CITY WEST TRAVEL CENTER,"I-40, EXIT 140",Oklahoma City,OK,35.46756,-97.51643,3.3023,3.3023,3.3023,1,city
7156,TA OKLAHOMA CITY EAST TRAVEL CENTER,"I-40, EXIT 142",Oklahoma City,OK,35.46756,-97.51643,3.3007,3.3007,3.3007,1,city
7166,TA London Travel Center,"I-70 & US-42, EXIT 79",London,OH,39.88645,-83.44825,3.4923,3.4923,3.4923,1,city
7169,TA YOUNGSTOWN TRAVEL CENTER,"I-80 & SR 46, EXIT 223",Youngstown,OH,41.09978,-80.64952,3.4440,3.4440,3.4440,1,city
7170,TRUCK WORLD TRUCKSTOP,"I-80, EXIT 234",Hubbard,OH,41.15645,-80.56924,3.2590,3.2590,3.2590,1,city
7172,TA TOLEDO EAST TRAVEL CENTER,"I-80 & I-280, EXIT 71",Perrysburg,OH,41.557,-83.62716,3.7807,3.7807,3.7807,1,city
7173,SPEEDWAY #9954,"SR-17, EXIT 66",Apalachin,NY,42.06952,-76.15465,4.0490,3.9990,4.0990,2,city
7176,TA DAYTON TRAVEL CENTER,"I-70,  EXIT 10 & US-127",Eaton,OH,39.74394,-84.63662,3.4007,3.4007,3.4007,1,city
7179,JIMS TRUCK PLAZA,"I-90, EXIT 52E",Buffalo,NY,42.88645,-78.87837,3.7290,3.6590,3.7990,2,city
7180,TA HebronTravel Center,"I-70, EXIT 126 & SR-37",Hebron,OH,39.96173,-82.49127,3.3823,3.3823,3.3823,1,city
7183,TA KINGSVILLE TRAVEL CENTER,"I-90, EXIT 235 & SR-193",Kingsville,OH,41.89089,-80.67619,3.8823,3.8823,3.8823,1,city
7184,TA JEFFERSONVILLE EAST TRAVEL CENTER,"I-71, EXIT 65 & SR-435 & US-35",Jeffersonville,OH,39.65367,-83.56381,3.3273,3.3273,3.3273,1,city
7189,S and R Truck Plaza,"I-94, EXIT 260",Jamestown,ND,46.91054,-98.70844,3.5857,3.5857,3.5857,1,city
7190,Tower Travel Center,"I-94, EXIT 307",Tower City,ND,46.92275,-97.67399,3.5157,3.5157,3.5157,1,city
7196,SALUDA TRUCK PLAZA,"I-26, EXIT 28",Saluda,NC,35.23623,-82.34928,3.0990,3.0990,3.0990,1,city
7197,7-ELEVEN #35115,"I-90, EXIT 42",Phelps,NY,42.95756,-77.05747,4.0340,4.0190,4.0490,2,city
7198,LOVES TRAVEL STOP #507,"I-85, EXIT 71",Salisbury,NC,35.67097,-80.47423,3.5107,3.5107,3.5107,1,city
7212,ONVO TRAVEL PLAZA,"I-90 & RTE 22, EXIT B-3",Canaan,NY,42.41203,-73.44706,3.4190,3.3990,3.4390,2,city
7213,SENECA ONE STOP,"I-90, EXIT 58",Irving,NY,42.56756,-79.11282,2.9490,2.8990,2.9990,2,city
7215,TA FULTONVILLE TRAVEL CENTER,"I-90, EXIT 28",Fultonville,NY,42.94785,-74.37041,4.0390,4.0390,4.0390,1,city
7216,ONVO TRAVEL PLAZA - LOUNSBERRY,"SR-17, EXIT 63",Nichols,NY,42.02174,-76.36688,3.4190,3.3990,3.4390,2,city
7220,CUMBERLAND FARMS #001662,US-9W/SR-32,Glenmont,NY,42.6048,-73.76957,3.7740,3.7490,3.7990,2,city
7222,TA SANTA ROSA TRAVEL CENTER,"I-40/US-54, EXIT 277 & US-84",Santa Rosa,NM,34.93867,-104.68249,3.4523,3.4523,3.4523,1,city
7225,LOVES TRAVEL STOP #329,US-60,Clovis,NM,34.4048,-103.20523,4.0890,4.0890,4.0890,1,city
7226,TA LAS CRUCES TRAVEL CENTER,"I-10, EXIT 139",Las Cruces,NM,32.31232,-106.77834,3.1407,3.1407,3.1407,1,city
7227,NATIONAL TRUCK STOP,"I-10, VADO EXIT 155",Vado,NM,32.11176,-106.6625,2.9990,2.9990,2.9990,1,city
7228,MAVERIK COUNTRY STORE #638,"I-40, EXIT 159D & I-25/US-85, EXIT 227",Albuquerque,NM,35.08449,-106.65114,3.2073,3.2073,3.2073,1,city
7229,TA GALLUP TRAVEL CENTER,"I-40, EXIT 16 & HWY 66",Gallup,NM,35.52808,-108.74258,3.4323,3.4323,3.4323,1,city
7230,DEMING TRUCK STOP,"I-10, EXIT 81",Deming,NM,32.2687,-107.75864,2.8990,2.8990,2.8990,1,city
7231,TA ALBUQUERQUE TRAVEL CENTER,"I-25, EXIT 227 OR 225",Albuquerque,NM,35.08449,-106.65114,3.5873,3.5873,3.5873,1,city
7234,TA BLOOMSBURY TRAVEL CENTER,"I-78/US-22, EXIT 7 & SR-173",Bloomsbury,NJ,40.65399,-75.08656,3.7907,3.7907,3.7907,1,city
7237,TA COLUMBIA TRAVEL CENTER,"I-80, EXIT 4 & SR-94",Columbia,NJ,40.92621,-75.09268,4.0990,4.0990,4.0990,1,city
7239,TA PAULSBORO TRAVELCENTER,"I-295, EXIT 18A",Paulsboro,NJ,39.83039,-75.24046,3.9990,3.9990,3.9990,1,city
7240,Pilot Travel Centers #190,"I-78, EXIT 12 & US-22",Hampton,NJ,40.70704,-74.956,3.8090,3.8090,3.8090,1,city
7244,TA LAS VEGAS TRAVEL CENTER,"I-15, EXIT 33",Las Vegas,NV,36.17497,-115.13722,3.7357,3.7357,3.7357,1,city
7248,WILD WILD WEST TRAVEL PLAZA,"I-15, EXIT 37",Las Vegas,NV,36.17497,-115.13722,3.7673,3.7673,3.7673,1,city
7263,FLYING J #904,"I-80, EXIT 107",Big Springs,NE,41.06138,-102.07435,3.4823,3.4823,3.4823,1,city
7264,TA GRAND ISLAND WEST TRAVEL CENTER,"I-80, EXIT 305",Alda,NE,40.87112,-98.46812,3.1690,3.1690,3.1690,1,city
7265,Fast Stop Travel Centers #1151,"I-80, EXIT 164 & CR-56C",Hershey,NE,41.15861,-101.00265,3.4990,3.4990,3.4990,1,city
7267,TA OGALLALA TRAVEL CENTER,"I-80, EXIT 126",Ogallala,NE,41.12805,-101.71962,3.4657,3.4657,3.4657,1,city
7268,SAPP BROS TRAVEL CENTER,"I-80, EXIT 440 & SR-50, EXIT 440",Omaha,NE,41.25626,-95.94043,3.2807,3.2807,3.2807,1,city
7269,GRAND ISLAND TRAVEL CENTER,"I-80, EXIT 312 & US-281/US-34",Grand Island,NE,40.92501,-98.34201,3.2657,3.2657,3.2657,1,city
7282,ALLTOWN FRESH,"I-87, EXIT 17N & US-9",Fort Edward,NY,43.26702,-73.58456,3.7690,3.7590,3.7790,2,city
7284,MURALTS TRUCK PLAZA,"I-90, EXIT 96 & US-93/SR-200",Missoula,MT,46.87215,-113.994,3.6090,3.6090,3.6090,1,city
7285,SENECA ONE STOP,"SR-17, EXIT 20",Salamanca,NY,42.15784,-78.71503,3.3090,3.3090,3.3090,1,city
7286,TA MISSOULA,"I-90, EXIT 96 & US-93",Missoula,MT,46.87215,-113.994,3.6990,3.6990,3.6990,1,city
7288,TA LAUREL,"I-90, EXIT 437",Laurel,MT,45.66912,-108.77153,3.6123,3.6123,3.6123,1,city
7289,TA STRAFFORD,"I-44, EXIT 88 & SR-125",Strafford,MO,37.26838,-93.11713,3.3657,3.3657,3.3657,1,city
7291,TA OAK GROVE TRAVEL CENTER,"I-70, EXIT 28",Oak Grove,MO,39.00501,-94.12939,3.2223,3.2223,3.2223,1,city
7293,TA Matthews Travel Center,"I-55, EXIT 58 & SR-80",Matthews,MO,36.75922,-89.58675,3.2057,3.2057,3.2057,1,city
7299,GASPERS - FAST LANE,"I-70, EXIT 148 & US-54",Kingdom City,MO,38.95282,-91.93907,2.9590,2.9590,2.9590,1,city
7300,B AND D AUTO TRUCK PLAZA,"I-44, EXIT 127",Lebanon,MO,37.6806,-92.66379,3.0990,3.0990,3.0990,1,city
7310,AAA HOSPITALITY,"I-55, EXIT 220",Tillatoba,MS,33.98484,-89.89676,2.7840,2.7840,2.7840,1,city
7312,208 FUEL PLAZA,"I-70, EXIT 208",Belmont,OH,39.7295,-84.13966,3.4190,3.4190,3.4190,1,city
7314,TA MERIDIAN TRAVEL CENTER,"I-20 & I-59, EXIT 160",Meridian,MS,32.36431,-88.70366,2.9123,2.9123,2.9123,1,city
7323,TRUCKERS INN,"I-94/US-52, EXIT 127 & US-71",Sauk Centre,MN,45.73747,-94.95252,3.2257,3.2257,3.2257,1,city
7326,PETRO STOP #398,"I-35 & I-90, EXIT 11",Albert Lea,MN,43.64801,-93.36827,4.0990,4.0990,4.0990,1,city
7327,TA TEKONSHA,"I-69,EXIT 25 & SR-60",Tekonsha,MI,42.09338,-84.98581,3.5990,3.5890,3.6990,3,city
7331,SPEEDWAY #9266,US-52 & SR-234,Ironton,OH,38.53675,-82.68294,3.6990,3.6990,3.6990,1,city
7332,FLYING J #895,"I-75, EXIT 32A",Trenton,MI,42.13949,-83.17826,3.3490,3.2490,3.5590,5,city
7335,TA SAWYER TRAVEL CENTER,"I-94, EXIT 12",Sawyer,MI,41.88532,-86.58947,3.6940,3.6890,3.6990,2,city
7337,TA BATTLE CREEK,"I-94, EXIT 104",Battle Creek,MI,42.3173,-85.17816,3.9940,3.9790,4.0390,4,city
7341,INTERSTATE TRAVEL PLAZA,"I-495, EXIT 14A & US-1",Wrentham,MA,42.06677,-71.32811,3.6990,3.6990,3.6990,1,city
7344,BEST QUICK STOP,US-1,Peabody,MA,42.52787,-70.92866,3.6157,3.6157,3.6157,1,city
7353,DYSARTS SERVICE,"I-95, EXIT 44",Bangor,ME,44.79884,-68.77265,3.7990,3.7990,3.7990,1,city
7354,CIRCLE K #4707065,"I-95, EXIT 2",Kittery,ME,43.08814,-70.73616,3.8990,3.8990,3.8990,1,city
7357,TA SLIDELL TRAVEL CENTER,"I-10, EXIT 266 & US-190",Slidell,LA,30.27519,-89.78117,3.1540,3.1540,3.1540,1,city
7360,KINGS TRUCK STOP,ST 103,Port Barre,LA,30.5602,-91.95401,3.1890,3.1890,3.1890,1,city
7364,Petro Stopping Center,"I-80, EXIT 226",Girard,OH,41.15395,-80.70147,3.4523,3.4523,3.4523,1,city
7370,TA SMITHS GROVE,"I-65, EXIT 38 & SR-101",Smiths Grove,KY,37.05255,-86.20776,3.4323,3.4323,3.4323,1,city
7371,One9 #392,"I-65, EXIT 81 & SR-84",Sonora,KY,37.52423,-85.89302,3.1957,3.1957,3.1957,1,city
7372,TA WALTON #28,"I-75/I-71, EXIT 175 & SR-338",Walton,KY,38.87562,-84.61022,3.0023,3.0023,3.0023,1,city
7379,KEYSTOP TRAVEL CENTER,"I-65, EXIT 2 & US-31W",Franklin,KY,36.72226,-86.57722,2.8990,2.8990,2.8990,1,city
7382,TA FLORENCE TRAVEL CENTER,"I-75, EXIT 181",Florence,KY,38.99895,-84.62661,3.0707,3.0707,3.0707,1,city
7385,WAKEENEY 24 7 STORE #3,"I-70/US-40, EXIT 127 & US-283",Wakeeney,KS,39.02501,-99.87957,3.0907,3.0907,3.0907,1,city
7387,TA Oakley,"I-70, EXIT 76 & US-40/US-83",Oakley,KS,39.13334,-100.86376,3.6490,3.6490,3.6490,1,city
7389,GO MART FOOD STORE #58,"I-77, EXIT 1 & SR-7",Marietta,OH,39.41535,-81.45484,3.7990,3.7990,3.7990,1,city
7396,7-ELEVEN #36180,US-20/SR-18,Monroeville,OH,41.24422,-82.69629,3.6140,3.6140,3.6140,1,city
7398,FLYING J TRAVEL PLAZA #913,"I-80, EXIT 142 & US-65",Altoona,IA,41.64416,-93.46466,3.3490,3.3423,3.3557,2,city
7403,FUEL MART #714,"I-75, EXIT 168",North Baltimore,OH,41.18283,-83.67827,3.1123,3.1123,3.1123,1,city
7406,PILOT TRAVEL CENTER #594,"I-29, EXIT 143",Sioux City,IA,42.49999,-96.40031,3.6523,3.6057,3.6990,2,city
7407,TA IOWA 80 TRAVEL PLAZA,"I-80, EXIT 284",Walcott,IA,41.58475,-90.77209,3.9023,3.9023,3.9023,1,city
7408,FRIENDSHIP FOOD MART #99,US-224 & SR-61/SR-598,Willard,OH,41.05311,-82.72629,3.6323,3.6323,3.6323,1,city
7410,PILOT TRAVEL CENTERS #373,"I-35 & I-80, EXIT 126",Urbandale,IA,41.62666,-93.71217,3.3490,3.3423,3.3557,2,city
7412,PETRO STOPPING CENTER #374,"I-69, EXIT 245 & SR-28",Gaston,IN,40.31393,-85.50053,3.5357,3.5357,3.5357,1,city
7416,GOOD TO GO #40,"I-65, EXIT 215 & SR-114",Rensselaer,IN,40.9367,-87.15086,3.2007,3.2007,3.2007,1,city
7417,SKY CITGO,US-30 & SR-23,Grovertown,IN,41.37504,-86.50473,3.4990,3.4990,3.4990,1,city
7418,JJS TRAVEL PLAZA,US-31 & US-24,Peru,IN,40.75365,-86.06888,3.4440,3.4440,3.4440,1,city
7421,MIDLAND #1901,"I-70, EXIT 137 AT MILE 137",Cambridge City,IN,39.81255,-85.17163,3.4323,3.4323,3.4323,1,city
7425,Petro Brazil,"I-70,  EXIT 23",Brazil,IN,39.52365,-87.12502,3.9890,3.9890,3.9890,1,city
7429,TA CLAYTON,"I-70, EXIT 59 & SR-39",Clayton,IN,39.68921,-86.5225,3.9390,3.9390,3.9390,1,city
7435,PETRO STOPPING CENTER #375,"I-65, EXIT 201 & US-231/US-24",Remington,IN,40.76087,-87.15085,3.6990,3.6990,3.6990,1,city
7436,TA WHITESTOWN,"I-65/US-52, EXIT 130",Whitestown,IN,39.99726,-86.34583,3.5707,3.5707,3.5707,1,city
7437,PETRO STOPPING CENTER #379,"I-74,  EXIT 143",Greensburg,IN,39.33727,-85.48358,3.9990,3.9990,3.9990,1,city
7457,TA EFFINGHAM TRAVEL CENTER,"I-57 & I-70, EXIT 160",Effingham,IL,39.12004,-88.54338,3.4190,3.3490,3.5490,4,city
7459,TA Morris Travel Center,"I-80, EXIT 112 & SR-47",Morris,IL,41.35725,-88.42118,3.8490,3.8490,3.8490,1,city
7466,PILOT TRAVEL CENTER #595,"I-57, EXIT 54B & SR-13",Marion,IL,37.73061,-88.93313,3.7590,3.7590,3.7590,2,city
7469,PILOT TRAVEL CENTERS #313,"I-70/I-55, EXIT 4 & SR-203",East Saint Louis,IL,38.6245,-90.15094,3.5090,3.3790,3.6990,4,city
7471,ROAD RANGER #185,"I-55, EXIT 145 & US-136",Mc Lean,IL,40.31448,-89.16981,3.3990,3.3490,3.4490,2,fuzzy
7482,TA BOISE TRAVEL CENTER,"I-84, EXIT 54",Boise,ID,43.6135,-116.20345,3.7707,3.7707,3.7707,1,city
7492,Mobil dba One9 #1365,"I-85, EXIT 70",Cusseta,AL,32.78485,-85.30578,2.9990,2.9990,2.9990,2,city
7495,RACETRAC #2574,"I-75, EXIT 237, SR-331 & US-41",Forest Park,GA,33.62205,-84.36909,3.1090,3.1090,3.1090,1,city
7504,TEXACO,"I-75, EXIT 306 & SR-140",Adairsville,GA,34.3687,-84.93411,3.1057,3.1057,3.1057,1,city
7506,CHAPMANS TRUCK STOP,"I-85 & SR-219, EXIT 13",Lagrange,GA,33.03929,-85.03133,3.9157,3.9157,3.9157,1,city
7523,EXPRESS STOP FOOD STORE #4644,"I-75, EXIT 181",Pinconning,MI,43.85363,-83.96499,3.6390,3.6390,3.6390,1,city
7533,TA WILDWOOD TRAVEL CENTER,"I-75, EXIT 329 & SR-44",Wildwood,FL,28.86542,-82.04058,3.2140,3.2140,3.2140,1,city
7534,TA BALDWIN TRAVEL CENTER,"I-10, EXIT 343 & US-301",Jacksonville,FL,30.33218,-81.65565,3.8990,3.8990,3.8990,1,city
7535,GIANT #198,"I-4/SR-400, EXIT 7 & US-301/SR-41",Tampa,FL,27.94752,-82.45843,3.2573,3.2573,3.2573,1,city
7543,TA NEW HAVEN TRAVEL CENTER,"I-95, EXIT 56",Branford,CT,41.27954,-72.8151,5.0690,5.0690,5.0690,1,city
7545,CITGO,"I-95, EXIT 40",Milford,CT,41.22232,-73.0565,3.3990,3.3990,3.3990,1,city
7546,SHELL DBA PILOT DEALER #882,"I-95, EXIT 93 & SR-216",North Stonington,CT,41.44093,-71.88118,4.2990,4.2990,4.2990,2,city
7551,PWI #525,"I-70, EXIT 295",Watkins,CO,39.74526,-104.60747,3.1390,3.1390,3.1390,1,city
7552,TA DENVER WEST TRAVEL CENTER,"I-70, EXIT 266",Wheat Ridge,CO,39.7661,-105.07721,3.4157,3.4157,3.4157,1,city
7553,BRUSH TRAVEL PLAZA,"I-76, EXIT 90B & SR-71",Brush,CO,40.25887,-103.62384,3.6990,3.6990,3.6990,1,city
7574,108 FOOD AND FUEL,"I-40, EXIT 108 & US-66/US-281 BUS",Calumet,OK,35.60116,-98.11867,3.1357,3.1357,3.1357,1,city
7611,LOVES TRAVEL STOP #167,"I-44, EXIT 83",Chickasha,OK,35.05257,-97.93643,3.1657,3.1657,3.1657,1,city
7615,HOPI TRAVEL PLAZA CONOCO DBA ONE9 #1270,"I-40, EXIT 292",Holbrook,AZ,34.90225,-110.15818,3.1790,3.1390,3.2190,2,city
7617,TUCSON TRUCK TERMINAL,"I-10, EXIT 268",Tucson,AZ,32.22174,-110.92648,3.2223,3.2223,3.2223,1,city
7622,COPAN TRUCK STOP,US-75,Copan,OK,36.89758,-95.92609,3.1190,3.1190,3.1190,1,city
7624,WILLCOX TRUCK PLAZA,"I-10, EXIT 340",Willcox,AZ,32.25285,-109.83201,3.3407,3.3407,3.3407,1,city
7625,LOVES TRAVEL STOP #248,"I-40, EXIT 71",Clinton,OK,35.51561,-98.96731,3.1723,3.1723,3.1723,1,city
7627,DAVIS TRADING POST,"I-35, EXIT 55",Davis,OK,34.50453,-97.11946,2.9790,2.9790,2.9790,1,city
7629,ARNOLDS TRUCK STOP,US-72/SR-20/SR-157 & CR-59,Tuscumbia,AL,34.7312,-87.70253,3.1690,3.1690,3.1690,1,city
7635,TA MONTGOMERY TRAVEL CENTER,"I-65, EXIT 168 & US-80/US-82/SR-6/SR-8",Montgomery,AL,32.36681,-86.29997,3.2523,3.2523,3.2523,1,city
7636,PILOT TRAVEL CENTERS #76,"I-20 & I-59, EXIT 76",Tuscaloosa,AL,33.20984,-87.56917,3.0490,2.9990,3.0990,2,city
7655,LOVES TRAVEL STOP #253,I-40 EXIT 7 & SR 30,Erick,OK,35.21533,-99.86649,3.2057,3.2057,3.2057,1,city
7705,FLYING J TRAVEL PLAZA #610,"I-40, EXIT 53",Kingman,AZ,35.18944,-114.05301,3.8823,3.8823,3.8823,1,city
7708,PILOT TRAVEL CENTERS #352,"I-75, EXIT 139",Fort Myers,FL,26.62168,-81.84059,3.7990,3.7990,3.7990,2,city
7715,LONDON AUTO TRUCK CENTER,"I-75, EXIT 41 & SR-80",London,KY,37.12898,-84.08326,3.3990,3.3990,3.3990,1,city
7718,MR FUEL #717,"I-44, EXIT 251",Villa Ridge,MO,38.47255,-90.8868,3.0157,3.0157,3.0157,1,city
7719,FLYING J TRAVEL PLAZA #674,"I-70, EXIT 188",Warrenton,MO,38.81144,-91.14154,3.1157,3.1157,3.1157,1,city
7721,TRAIL STAR TRUCK STOP,"ST 16, EXIT 213",Glendive,MT,47.10529,-104.71246,3.4590,3.4590,3.4590,1,city
7722,SAPP BROS TRAVEL CENTER,"I-80, EXIT 353 & US-81",York,NE,40.86807,-97.592,3.3240,3.3240,3.3240,1,city
7724,FUEL MART #767,US-6 & US-23,Bradner,OH,41.32422,-83.43854,3.4073,3.4073,3.4073,1,city
7725,BELL STORES #48,US-30 & SR-94,Dalton,OH,40.79894,-81.69541,3.3857,3.3857,3.3857,1,city
7733,FLYING J TRAVEL PLAZA #723,"I-40, EXIT 76",Amarillo,TX,35.222,-101.8313,3.2657,3.2657,3.2657,1,city
7746,PILOT TRAVEL CENTER #888,"I-27, EXIT 74",Tulia,TX,34.53589,-101.75852,3.3407,3.3407,3.3407,1,city
7753,LOVES TRAVEL STOP #166,SR-351,Muskogee,OK,35.74788,-95.36969,3.3373,3.3373,3.3373,1,city
7767,FLYING J TRAVEL PLAZA #759,"I-25, EXIT 7",Cheyenne,WY,41.13998,-104.82025,3.7090,3.7090,3.7090,1,city
7768,BIG D #30,"I-25/US-87, EXIT 9 & I-80, EXIT 359C & I-80 BUS/US-30",Cheyenne,WY,41.13998,-104.82025,3.2040,3.2040,3.2040,1,city
7792,FLYING J TRAVEL PLAZA #630,"I-75/SR-401, EXIT 201 & SR-36",Jackson,GA,33.29457,-83.96602,3.3840,3.3840,3.3840,1,city
7798,CIRCLE K #2745100,"I-95, EXIT 7",Woodbine,GA,30.96396,-81.72416,3.2323,3.2323,3.2323,1,city
7825,PILOT TRAVEL CENTERS #356,"I-65, EXIT 121",Shepherdsville,KY,37.9884,-85.71579,3.6090,3.6090,3.6090,1,city
7838,PILOT #581,"US-52/SR-55, & 117TH ST, MM300",Inver Grove Heights,MN,44.84802,-93.04272,3.5790,3.5790,3.5790,1,city
7871,STRIPES 7FLEET #42454,"US-60, US-70 & US-84",Texico,NM,34.38869,-103.05134,3.8290,3.8290,3.8290,1,city
7873,One9 #387,"I-80, EXIT 280 & SR- 278",Carlin,NV,40.71381,-116.10397,3.4390,3.4390,3.4390,1,city
7886,PETRO STOPPING CENTER #357,"I-70, EXIT 156B & US-40",New Paris,OH,39.85699,-84.79329,3.4873,3.4873,3.4873,1,city
7930,I 24 TRUCK PLAZA,"I-24, EXIT 114 & US-41",Manchester,TN,35.48174,-86.0886,3.0990,3.0990,3.0990,1,city
7946,PILOT TRAVEL CENTERS #289,"I-90/I-39, EXIT 158 & I-43/SR-81, EXIT 1",Beloit,WI,42.50835,-89.03178,3.7990,3.7990,3.7990,1,city
7959,SPF #45,"I-25/US-87, EXIT 7 & US-212",Cheyenne,WY,41.13998,-104.82025,3.2257,3.2257,3.2257,1,city
8840,LOVES TRAVEL STOP #211,"I-35, EXIT 120",Oklahoma City,OK,35.46756,-97.51643,3.2557,3.2557,3.2557,1,city
8895,PAULS VALLEY TRAVEL CENTER,"I-35, EXIT 72  & SR-19",Pauls Valley,OK,34.74008,-97.22225,2.9990,2.9990,2.9990,1,city
8927,LOVES TRAVEL STOP #219,"I-40, EXIT 200",Seminole,OK,35.22452,-96.67057,3.3623,3.3623,3.3623,1,city
8936,CIRCLE K #107,US-220 & CR-902,Ridgeway,VA,36.98931,-79.48253,3.3990,3.3990,3.3990,1,city
8948,PARK N PUMP CIRCLE C,"I-15, EXIT 222",Nephi,UT,39.71023,-111.83632,3.4490,3.4490,3.4490,1,city
8961,FLYING J TRAVEL PLAZA #736,"I-20, EXIT 42 & US-285",Pecos,TX,31.42291,-103.49323,3.4657,3.4657,3.4657,1,city
8977,LOVES TRAVEL STOP #168,"I-44, EXIT 20",Walters,OK,34.35981,-98.30783,3.1940,3.1940,3.1940,1,city
8987,LOVES TRAVEL STOP #255,"I-40, EXIT 287 & SR-100",Webbers Falls,OK,35.51093,-95.12996,3.7890,3.7890,3.7890,1,city
9160,PILOT TRAVEL CENTERS #912,"I-80, EXIT 300 & SR-40D",Wood River,NE,40.82057,-98.60007,3.2823,3.2823,3.2823,1,city
9161,TREXLER PLAZA TRUCK STOP,I-78/US-22,Allentown,PA,40.60843,-75.49018,3.6323,3.6323,3.6323,1,city
9206,CIRCLE K #4707005,US-2 & SR-4,Farmington,ME,44.67062,-70.15117,3.8990,3.8990,3.8990,1,city
9216,309 TRUCK STOP,SR-309,Coopersburg,PA,40.51149,-75.39046,3.7590,3.7590,3.7590,1,city
9241,7-ELEVEN #40286,"I-76,  EXIT 23/312",Elverson,PA,40.15676,-75.83271,3.8890,3.8890,3.8890,1,city
9280,ONVO TRAVEL PLAZA - LAKEWOOD,"I-84, EXIT 20 & SR-507",Greentown,PA,41.32176,-75.30546,3.5457,3.5457,3.5457,1,city
9289,ONVO EXPRESS,"I-81, EXIT 217 & SR-547",Harford,PA,41.7823,-75.70158,3.6090,3.6090,3.6090,1,city
9340,LANCASTER TRAVEL PLAZA,US-30,Ronks,PA,40.02621,-76.16857,3.8990,3.8990,3.8990,1,city
9354,BFS FOODS TRUCK PLAZA,"I-79, EXIT 1",Mount Morris,PA,39.73313,-80.06784,4.4990,4.4990,4.4990,1,city
9365,FLYING J TRAVEL PLAZA #713,"I-95, EXIT 181",Latta,SC,34.3371,-79.43116,3.3490,3.3490,3.3490,1,city
9381,SCOTT FUEL TRAVEL PLAZA,"I-81, EXIT 199",Dalton,PA,41.53424,-75.73603,3.5990,3.5990,3.5990,1,city
9382,PILOT TRAVEL CENTERS #286,"I-70, EXIT 10 & SR-127",Eaton,OH,39.74394,-84.63662,3.4623,3.4623,3.4623,1,city
9383,PILOT TRAVEL CENTERS #285,"I-70, EXIT 126 & SR-37",Hebron,OH,39.96173,-82.49127,3.4457,3.4457,3.4457,1,city
9386,PETRO STOPPING CENTER #325,"I-75,  EXIT 167",North Baltimore,OH,41.18283,-83.67827,3.2707,3.2707,3.2707,1,city
9403,PILOT TRAVEL CENTERS #280,"I-78, EXIT 7 & SR-173",Bloomsbury,NJ,40.65399,-75.08656,3.8090,3.8090,3.8090,1,city
9415,7-ELEVEN #40287,"I-76, EXIT 24A/326",Wayne,PA,40.044,-75.38769,3.8890,3.8890,3.8890,1,city
9423,PETRO STOPPING CENTER #318,"I-70, EXIT 148",Kingdom City,MO,38.95282,-91.93907,3.0573,3.0573,3.0573,1,city
9449,CORNER PANTRY #127,"I-26, EXIT 115 & US-321",West Columbia,SC,33.99349,-81.07398,3.4123,3.4123,3.4123,1,city
9451,TA BETO JUNCTION TRAVEL CENTER,"I-35, EXIT 155 & US-75",Lebo,KS,38.41668,-95.85304,3.2307,3.2307,3.2307,1,city
9467,TA PORTER TRAVEL CENTERS,"I-94, EXIT 22B & US-20",Chesterton,IN,41.61059,-87.0642,3.8490,3.8490,3.8490,1,city
9468,TA LAKE STATION,"I-80 & I-94, EXIT 15B",Lake Station,IN,41.57504,-87.23892,3.8490,3.8490,3.8490,1,city
9469,TA EXPRESS COWPENS #477,"I-85, EXIT 83 & SR-110",Cowpens,SC,35.01679,-81.80399,3.3990,3.3990,3.3990,1,city
9485,PILOT TRAVEL CENTER #4559,"I-20, EXIT 26",Villa Rica,GA,33.73205,-84.91911,3.4190,3.3890,3.4490,2,city
9513,CIRCLE K #2705350,"I-20, EXIT 5 & US-25",North Augusta,SC,33.5018,-81.96512,3.1590,3.1590,3.1590,1,city
9525,SCOTCHMAN #3891,"I-77, EXIT 65 & SR-9",Richburg,SC,34.71597,-81.01953,3.1090,3.1090,3.1090,1,city
9528,GO MART FOOD STORE #43,"I-64, EXIT 39 & SR-34",Teays,WV,38.44176,-81.95291,3.4990,3.4990,3.4990,1,city
9542,SPINX #266,"I-26, EXIT 104",Columbia,SC,34.00071,-81.03481,3.1323,3.1323,3.1323,1,city
9550,Mauston Interstate BP,"I-90/I-94, EXIT 69 & SR-82",Mauston,WI,43.79719,-90.07735,3.2273,3.2273,3.2273,1,city
9553,LYNDON STATION BP,I-90 & 94 EXIT 79,Lyndon Station,WI,43.7122,-89.89957,3.1770,3.1770,3.1770,1,city
9554,BIG D OIL #2,US-85 & US-34,Belle Fourche,SD,44.67137,-103.85215,3.2273,3.2273,3.2273,1,city
9614,DITTYS,"I-90, EXIT 284 & SR-45",Kimball,SD,43.74667,-98.95843,3.0890,3.0890,3.0890,1,city
9618,FLYING J #477,US-75,Anna,TX,33.349,-96.5486,3.2390,3.2390,3.2390,1,city
9638,PILOT TRAVEL CENTERS #62,"I-95, EXIT 170 & SR-327",Florence,SC,34.19543,-79.76256,3.3490,3.3490,3.3490,1,city
9668,COFFEE CUP FUEL STOP #4,"I-90, EXIT 310 & SR-281",Plankinton,SD,43.71555,-98.48509,3.0273,3.0273,3.0273,1,city
9675,FLYING J TRAVEL PLAZA #722,"I-75 & I-40, EXIT 369",Knoxville,TN,35.96064,-83.92074,3.4390,3.4390,3.4390,1,city
9699,SPEEDWAY #9400,US-30/US-62 & SR-297,Canton,OH,40.79895,-81.37845,3.3690,3.3690,3.3690,1,city
9703,PILOT TRAVEL CENTERS #2,"I-90, EXIT 223 & SR-45",Austinburg,OH,41.772,-80.85453,3.8590,3.8590,3.8590,1,city
9712,TA GREENSBORO TRAVEL CENTER,"I-40 & I-85, EXIT 138 & SR-61",Whitsett,NC,36.07125,-79.56447,3.9973,3.9973,3.9973,1,city
9713,TA Express Vermillion #275,"I-29, EXIT 26 & SR-50",Burbank,SD,42.74528,-96.82921,3.0990,3.0990,3.0990,1,city
9717,COFFEE CUP FUEL STOP #8,"I-90, EXIT 212 & SR-83",Vivian,SD,43.92693,-100.29208,3.0973,3.0973,3.0973,1,city
9724,One9 #1339,"I-81,  EXIT 34",Parish,NY,43.40618,-76.12576,3.7990,3.7990,3.7990,1,city
9746,TA MILL CITY TRAVEL CENTER,"I-80, EXIT 151",Imlay,NV,40.66074,-118.15042,3.7940,3.7940,3.7940,1,city
9747,GOOD TO GO TRAVEL CENTER,"I-80, EXIT 353 & US-81",York,NE,40.86807,-97.592,3.3173,3.3173,3.3173,1,city
9763,DELUXE TRUCK STOP,SR-759,Saint Joseph,MO,39.76861,-94.84663,3.1490,3.1490,3.1490,1,city
9783,KANGAROO CROSSING #1101,"I-55, EXIT 144",Pickens,MS,32.88374,-89.97147,3.0990,3.0990,3.0990,1,city
9803,TA KNOXVILLE WEST TRAVEL CENTER,"I-40 & I-75, EXIT 369",Knoxville,TN,35.96064,-83.92074,3.4257,3.4257,3.4257,1,city
9808,TA ANN ARBOR TRAVEL CENTER,"I-94, EXIT 167",Dexter,MI,42.33834,-83.88954,3.6390,3.4990,3.6990,4,city
9812,LEES FOOD MART #1398,"I-40, EXIT 398",Knoxville,TN,35.96064,-83.92074,3.2990,3.2990,3.2990,1,city
9818,CIRCLE K #4707002,"I-95, EXIT 157",Newport,ME,44.83534,-69.27394,3.8990,3.8990,3.8990,1,city
9821,PILOT TRAVEL CENTERS #52,"I-24, EXIT 64",La Vergne,TN,36.01562,-86.58194,3.4723,3.4723,3.4723,1,city
9842,Petes #03,US-59 & US-54,Moran,KS,37.91615,-95.17025,3.2657,3.2657,3.2657,1,city
9843,MAPLE HILL TRUCK STOP,"I-70, EXIT 341",Maple Hill,KS,39.08472,-96.02805,3.0523,3.0523,3.0523,1,city
9851,KWIK STOP #86,US-151/US-52/US-61,Dubuque,IA,42.50056,-90.66457,3.4890,3.4890,3.4890,1,city
9855,PILOT TRAVEL CENTERS #37,"I-65, EXIT 95",Whiteland,IN,39.55005,-86.07971,3.9590,3.9590,3.9590,2,city
9860,PARADISE AUTO TRUCK PLAZA,US-31,Rochester,IN,41.06476,-86.21583,3.4057,3.4057,3.4057,1,city
9862,PILOT TRAVEL CENTERS #271,"I-80, EXIT 6",Gary,IN,41.59337,-87.34643,3.8140,3.7990,3.8290,2,city
9887,7-ELEVEN #40354,"I-95, EXIT 173",Palm Bay,FL,28.03446,-80.58866,3.2157,3.2157,3.2157,1,city
9941,FLYING J TRAVEL PLAZA #609,"I-10, EXIT 208-A",Eloy,AZ,32.7559,-111.55484,3.4523,3.4523,3.4523,1,city
9945,CIRCLE K #2706690,"I-85/US-29, EXIT 62 & US-280/US-431/SR-38/SR-1",Opelika,AL,32.64541,-85.37828,2.9990,2.9990,2.9990,1,city
9959,FLYING J #876,"I-95, EXIT 104",Ruther Glen,VA,37.92875,-77.45582,3.6190,3.6190,3.6190,1,city
9962,STRIPES #40673,"I-45, EXIT 179",Mcallen,TX,26.20341,-98.23001,3.2890,3.2890,3.2890,1,city
9971,TA DANSVILLE TRAVEL CENTER,"I-390 & COMMERCE, EXIT 5",Dansville,NY,42.5609,-77.69611,4.4990,4.4990,4.4990,1,city
9973,BOLLA MARKET,"I-287, EXIT 66",Mahwah,NJ,41.08871,-74.14376,3.5323,3.5323,3.5323,1,city
9990,JIMS  BEST STOP,US-45 & US-64,Selmer,TN,35.17008,-88.59227,3.1740,3.1740,3.1740,1,city
9995,LOVES TRAVEL STOP #411,"I-35 & I-80, EXIT 125 & US-6",Clive,IA,41.60304,-93.72411,3.3407,3.3407,3.3407,1,city
9997,Circle K #2723687,"I-20, EXIT 11 & US-27/SR-1",Bremen,GA,33.72122,-85.1455,3.0873,3.0873,3.0873,1,city
10006,FLINT HILLS FUEL MART,US-50 & US-77,Florence,KS,38.24446,-96.92808,3.4990,3.4990,3.4990,1,city
10007,CIRCLE K #2705346,SR-307,Savannah,GA,32.08354,-81.09983,3.0323,3.0323,3.0323,1,city
10014,Sudden Service #6604,"I-40, EXIT 212",Nashville,TN,36.16589,-86.78444,3.3990,3.3990,3.3990,1,city
10015,Loves Travel Stop #429,"I-65 & I-24, EXIT 87",Nashville,TN,36.16589,-86.78444,3.4623,3.4623,3.4623,1,city
10020,Maplefields,"US-4, EXIT 2 & SR-22A",Fair Haven,VT,43.59479,-73.26567,3.5990,3.5990,3.5990,1,city
10024,MILLERS TRAVEL CENTER,US-6 & US-50,Wellington,UT,39.54247,-110.73543,3.6590,3.6590,3.6590,1,city
10028,GOOD TO GO #10,US-35,Winamac,IN,41.05143,-86.60306,3.9140,3.9140,3.9140,1,city
10030,LOVES TRAVEL STOP #715,I-77 EXIT 58 & SR-666 & US-52,Bastian,VA,37.15206,-81.15009,3.5973,3.5973,3.5973,1,city
10033,SHELL,"I-95, EXIT 133 & US-17 BUS",Fredericksburg,VA,38.30318,-77.46054,3.2557,3.2557,3.2557,1,city
10047,TOWN PUMP FOOD STORE #8929,"I-15, EXIT 339",Conrad,MT,48.17025,-111.94613,3.5990,3.5990,3.5990,1,city
10053,BECKS #27,"I-39/US-51, EXIT 72 & US-34",Mendota,IL,41.54725,-89.11759,3.2690,3.2690,3.2690,1,city
10057,Flying J Travel Plaza #649,"I-465, EXIT 4",Indianapolis,IN,39.76838,-86.15804,3.8990,3.8990,3.8990,2,city
10058,CITGO,US-431/SR-1 & SR-27,Abbeville,AL,31.57184,-85.25049,3.3990,3.3990,3.3990,1,city
10065,ROAD MART,US-71/US-59,Ashdown,AR,33.67429,-94.13131,3.2990,3.2990,3.2990,1,city
10077,FLYING J TRAVEL PLAZA #607,"I-55, EXIT 4 & I-40, EXIT 280",West Memphis,AR,35.14648,-90.18454,3.1507,3.1507,3.1507,1,city
10085,EL CENTRO TRAVEL CENTER,"I-8, EXIT 115 & SR-86",El Centro,CA,32.792,-115.56305,4.4990,4.4990,4.4990,1,city
10101,PILOT TRAVEL CENTERS #65,"I-20, EXIT 194",Augusta,GA,33.47097,-81.97484,3.8590,3.8590,3.8590,2,city
10104,GEO H GREEN OIL,"I-85/SR-403, EXIT 41 & US-27 ALT",Newnan,GA,33.38067,-84.79966,3.1990,3.1990,3.1990,1,city
10109,GIT N GO CONVENIENCE STORE #34,"US-30, EXIT 185 & SR-14",Marshalltown,IA,42.04943,-92.90798,3.1190,3.1190,3.1190,1,city
10110,JACKSON'S FOODS DBA ONE9 #1427,"I-84, EXIT 36",Nampa,ID,43.54072,-116.56346,3.3707,3.3707,3.3707,1,city
10116,Petro Stopping Center #359,"I-39/US-51, EXIT 99 & SR-38",Rochelle,IL,41.92392,-89.06871,3.7590,3.7590,3.7590,1,city
10122,LOVES TRAVEL STOP #417,"I-80 & I-94, EXIT 9A",Gary,IN,41.59337,-87.34643,3.8090,3.8090,3.8090,1,city
10126,PILOT TRAVEL CENTERS #152,"I-65, EXIT 16 & MEMPHIS RD",Memphis,IN,38.4834,-85.76163,3.9590,3.9590,3.9590,2,city
10128,PETES #20,US-54/SR-7 & US-69,Fort Scott,KS,37.83976,-94.7083,3.1990,3.1990,3.1990,1,city
10135,YESWAY #1116,"I-35, EXIT 60",Mcpherson,KS,38.37084,-97.66421,3.2590,3.2590,3.2590,1,city
10142,PILOT TRAVEL CENTERS #438,"I-65, EXIT 6 & SR-100",Franklin,KY,36.72226,-86.57722,3.1690,3.1690,3.1690,1,city
10144,PILOT TRAVEL CENTERS #358,"I-24 & US-305, EXIT 3",Paducah,KY,37.08339,-88.60005,3.6990,3.6990,3.6990,1,city
10146,PILOT TRAVEL CENTERS #437,"I-75, EXIT 11 & SR-92",Williamsburg,KY,36.74342,-84.15966,3.6090,3.6090,3.6090,1,city
10150,PILOT TRAVEL CENTERS #300,"I-12, EXIT 40",Hammond,LA,30.50463,-90.46293,3.2323,3.2323,3.2323,1,city
10154,I 49 TRUCK STOP,"I-49, EXIT 23 & US-167",Opelousas,LA,30.53353,-92.08151,3.1990,3.1990,3.1990,1,city
10157,J AND  H OIL,"US-131, EXIT 72",Byron Center,MI,42.81225,-85.72281,3.5490,3.4990,3.5990,2,city
10161,SPEEDWAY #8740,"I-69, EXIT 87",Dewitt,MI,42.84226,-84.56915,3.6790,3.5990,3.7590,2,city
10168,Express Stop,"I-94, EXIT 145",Jackson,MI,42.24587,-84.40135,3.5890,3.5890,3.5890,1,city
10172,EXPRESS STOP FOOD STORE #4647,"I-75, EXIT 151 & SR- 81",Saginaw,MI,43.41947,-83.95081,3.3990,3.3990,3.3990,1,city
10181,QUIKTRIP #611,I-55 EXIT 178,Herculaneum,MO,38.26839,-90.38012,2.9907,2.9907,2.9907,1,city
10184,CIRCLE K #2721544,"I-55, EXIT 243 & US-278/SR-6",Batesville,MS,34.3115,-89.94426,3.3090,3.3090,3.3090,1,city
10192,INTERSTATE STATION #8,"I-55, EXIT 78",Natchez,MS,31.56017,-91.40329,3.3990,3.3990,3.3990,1,city
20000,BIG BOYS TRUCK STOP,"I-95, EXIT 105",Kenly,NC,35.59627,-78.12416,3.2990,3.2990,3.2990,1,city
20003,PILOT #7976,"I-77, EXIT 42",Troutman,NC,35.70069,-80.88813,3.6590,3.6590,3.6590,1,city
20006,CENEX C STORE,US-52,Kenmare,ND,48.67475,-102.08266,3.4673,3.4673,3.4673,1,city
20009,BIG SPRINGS TRUCK AND TRAVEL,"I-80, EXIT 107",Big Springs,NE,41.06138,-102.07435,3.0740,3.0740,3.0740,1,city
20011,CUBBYS #111,US-81,Norfolk,NE,42.02834,-97.417,3.2090,3.2090,3.2090,1,city
20012,FLYING J TRAVEL PLAZA #686,"I-80, EXIT 432",Gretna,NE,41.14083,-96.23974,3.2823,3.2823,3.2823,1,city
20014,SIMONS EXIT 16,"I-89, EXIT 16",Enfield,NH,43.64063,-72.14398,3.4990,3.4990,3.4990,1,city
20019,SUNOCO,"I-295, EXIT 2C & SR-140",Penns Grove,NJ,39.72956,-75.46797,3.4590,3.4590,3.4590,1,city
20024,LOVES TRAVEL STOP #259,"I-10 & AIRPORT RD, EXIT 132",Las Cruces,NM,32.31232,-106.77834,3.2140,3.2140,3.2140,1,city
20027,LOVES TRAVEL STOP #262,"I-40, EXIT 333",Tucumcari,NM,35.17191,-103.72686,3.8890,3.8890,3.8890,1,city
20028,MORTONS TRUCK STOP,"I-15, EXIT 46",North Las Vegas,NV,36.19886,-115.1175,3.3990,3.3990,3.3990,1,city
20031,FLYING J TRAVEL PLAZA #770,"I-80, EXIT 176",Winnemucca,NV,40.97296,-117.73568,3.7773,3.7773,3.7773,1,city
20033,LOVES TRAVEL STOP #772,"I-86 & SR-17, EXIT 37",Bath,NY,42.33702,-77.31776,4.4890,4.4890,4.4890,1,city
20036,SMOKIN JOES,I-90 EXIT 24,Sanborn,NY,43.13672,-78.88476,3.6990,3.6990,3.6990,1,city
20042,FLYING J TRAVEL PLAZA #700,I-80 & I-90 EXIT 71,Perrysburg,OH,41.557,-83.62716,3.7590,3.7590,3.7590,1,city
20043,FRIENDSHIP FOOD MART #70,SR-2 & SR-53,Port Clinton,OH,41.512,-82.93769,3.9390,3.9390,3.9390,1,city
20045,PILOT TRAVEL CENTERS #281,"I-80, EXIT 226",Girard,OH,41.15395,-80.70147,3.4523,3.4523,3.4523,1,city
20049,LOVES TRAVEL STOP #263,"I-44, EXIT 45 & SR-49",Lawton,OK,34.60869,-98.39033,3.2173,3.2173,3.2173,1,city
20050,LOVES TRAVEL STOP #260,"I-35, EXIT 106 & SR-9 W",Norman,OK,35.22257,-97.43948,3.2540,3.2540,3.2540,1,city
20054,Jacksons Food Stores,"I-84, EXIT 261",La Grande,OR,45.32458,-118.08772,3.6870,3.6870,3.6870,1,city
20062,PILOT TRAVEL CENTERS #298,"I-80, EXIT 256 & SR-93",Drums,PA,41.01814,-75.99493,3.9757,3.9757,3.9757,1,city
20066,KWIK FILL #228,"I-90, EXIT 45 & US-20",North East,PA,42.21561,-79.83422,4.0890,4.0890,4.0890,1,city
20070,ONVO TRAVEL PLAZA - PROMISED LAND,"I-84, EXIT 26 & SR-390",Tafton,PA,41.40453,-75.18295,3.5457,3.5457,3.5457,1,city
20072,PILOT TRAVEL CENTERS #310,"I-85, EXIT 63 & SR-290",Duncan,SC,34.9379,-82.14511,3.4323,3.4323,3.4323,1,city
20079,PETRO KINGSTON SPRINGS #349,"I-40, EXIT 188",Kingston Springs,TN,36.102,-87.11501,3.2323,3.2323,3.2323,1,city
20082,GOLDEN EXPRESS TRUCK STOP,US-287/US-81 & CR-1595,Alvord,TX,33.35845,-97.69475,3.0490,3.0490,3.0490,1,city
20083,FLYING J TRAVEL PLAZA #724,"I-10, EXIT 0",Anthony,TX,31.99927,-106.60555,3.4590,3.4590,3.4590,1,city
20086,LOVES TRAVEL STOP #609,"I-35, EXIT 471 & US-77",Denton,TX,33.21484,-97.13307,3.2473,3.2473,3.2473,1,city
20105,CEFCO #1050,"I-30, EXIT 146 & US-37",Mount Vernon,TX,33.18873,-95.22133,2.9423,2.9423,2.9423,1,city
20108,TEX-BEST #501,"I-37, EXIT 125",Elmendorf,TX,29.25607,-98.33279,2.9490,2.9490,2.9490,1,city
20109,PILOT TRAVEL CENTERS #306,"I-10, EXIT 582",San Antonio,TX,29.42412,-98.49363,3.2140,3.2140,3.2140,1,city
20114,CROSSROADS,"I-10, EXIT 829 & SR-124",Winnie,TX,29.82022,-94.38408,4.2490,4.2490,4.2490,1,city
20118,KWIK TRIP #648,"I-94, EXIT 116 & SR-54",Black River Falls,WI,44.29468,-90.85153,3.2373,3.2373,3.2373,1,city
20119,FREMONT CITGO,US-10 & SR-110,Fremont,WI,44.2597,-88.86483,3.3990,3.3990,3.3990,1,city
20121,GO MART FOOD STORE #50,"I-77/I-64, EXIT 44 & SR-3",Beckley,WV,37.77817,-81.18816,3.5990,3.5990,3.5990,1,city
44228,I-69 TRUCKSTOP TRAVEL CENTER,"I-69, EXIT 184 & SR-19",Memphis,MI,42.89642,-82.76881,3.5490,3.4990,3.5990,3,city
52040,REBEL TRUCK STOP,"I-5, EXIT 27",Kalama,WA,46.00767,-122.84436,4.4990,4.4990,4.4990,1,city
52048,PILOT TRAVEL CENTERS #302,"I-10, EXIT 13 & CR-30",Theodore,AL,30.54769,-88.17528,3.1790,3.1590,3.1990,2,city
52052,EXPRESSWAY MOBIL,US-63 & US-167,El Dorado,AR,33.20763,-92.66627,3.5990,3.5990,3.5990,1,city
52065,76 DBA ONE9 #1415,"I-75, EXIT 49",Lake Panasoffkee,FL,28.777,-82.12,3.1723,3.1723,3.1723,1,city
52067,PETRO STOPPING CENTER #322,"I-285, EXIT 12",Atlanta,GA,33.749,-84.38798,3.4457,3.4457,3.4457,1,city
52070,FRIENDLY EXPRESS #31,US-1 & US-301,Folkston,GA,30.83095,-82.01131,3.0990,3.0990,3.0990,1,city
52081,MCCLURE OIL #9,US-31 & SR-18,Kokomo,IN,40.48643,-86.1336,3.8390,3.8390,3.8390,1,city
52085,RUSSELL 24/7,"I-70, EXIT 184",Russell,KS,38.89527,-98.86103,3.0073,3.0073,3.0073,1,city
52088,CASEYS #4459,"I-64, EXIT 265",Mayfield,KY,36.74172,-88.63672,3.2490,3.2490,3.2490,1,city
52089,SHELL,US-84 & SR-28,Jonesville,LA,31.62656,-91.81818,3.3990,3.3990,3.3990,1,city
52090,SHOP A LOTT #10,"I-49, EXIT 138 & SR-6",Natchitoches,LA,31.76072,-93.08627,3.1257,3.1257,3.1257,1,city
52099,BEACON & BRIDGE #7,"I-75, EXIT 126",Mount Morris,MI,43.11864,-83.69496,3.3790,3.3790,3.3790,1,city
52103,SPRINT MART #27,US-45 & US-72,Corinth,MS,34.93425,-88.52227,3.0557,3.0557,3.0557,1,city
52104,BLUE SKY #734,SR-1,Saltillo,MS,34.37649,-88.68172,3.0823,3.0823,3.0823,1,city
52106,FLYING J TRAVEL PLAZA #923 -TOWN PUMP,"I-90, EXIT 455",Billings,MT,45.78329,-108.50069,3.5807,3.5807,3.5807,1,city
52107,PILOT #7983,"I-85,  EXIT 71",Salisbury,NC,35.67097,-80.47423,3.4990,3.4990,3.4990,1,city
52112,SROKAS SERVICE CENTER,SR-149,Fort Ann,NY,43.41424,-73.48761,3.8990,3.7990,3.9990,3,city
52128,Sudden Service #8087,I-40 EXIT 238,Lebanon,TN,36.20811,-86.2911,3.1990,3.1990,3.1990,1,city
52140,Sinclair,"I-82, EXIT 69",Sunnyside,WA,46.32374,-120.00865,4.5990,4.5990,4.5990,1,city
52142,PILOT TRAVEL CENTERS #296,"I-94 & BAKER RD, EXIT 167",Dexter,MI,42.33834,-83.88954,3.6140,3.4990,3.6590,4,city
52143,One9 #319,"I-75, EXIT 328",Dalton,GA,34.7698,-84.97022,3.0157,3.0157,3.0157,1,city
52145,Pilot Travel Center #318,"I-465/I-74/US-52/US-40/SR-67, EXIT 4 & SR-37",Indianapolis,IN,39.76838,-86.15804,3.8990,3.8990,3.8990,2,city
52146,FLYING J TRAVEL PLAZA #758,"I-25, EXIT 185 & SR-258",Casper,WY,42.86663,-106.31308,3.9990,3.9990,3.9990,1,city
52149,PILOT TRAVEL CENTERS #321,"I-75/71, EXIT 175 & SR-338",Walton,KY,38.87562,-84.61022,3.0857,3.0857,3.0857,1,city
52150,PILOT TRAVEL CENTERS #311,"I-90, EXIT 27 & SR-97",Erie,PA,42.12922,-80.08506,4.2157,4.2157,4.2157,1,city
52152,PILOT TRAVEL CENTERS #308,"I-80 , EXIT 310",Laramie,WY,41.31137,-105.5911,3.6090,3.6090,3.6090,1,city
52153,PILOT TRAVEL CENTER #1412,"I-94 & RUSSELL RD, EXIT 1",Wadsworth,IL,42.42863,-87.92397,3.7690,3.7690,3.8290,3,city
52155,TA SOUTHINGTON TRAVEL CENTER,"I-84, EXIT 28 & US-65",Milldale,CT,41.56593,-72.89177,5.1990,5.1990,5.1990,1,city
52163,PILOT TRAVEL CENTERS #67,"I-75, EXIT 296",Cartersville,GA,34.16533,-84.80231,3.5573,3.5490,3.5657,2,city
52212,FLYING J TRAVEL PLAZA #763,"I-80, EXIT 209",Rawlins,WY,41.79107,-107.23866,3.7490,3.7490,3.7490,1,city
52221,FLYING J TRAVEL PLAZA #726,"I-20, EXIT 472",Dallas,TX,32.78306,-96.80667,3.1823,3.1823,3.1823,1,city
52222,FLYING J TRAVEL PLAZA #735,"I-10, EXIT 873 & SR-62",Orange,TX,30.09299,-93.73655,3.3090,3.3090,3.3090,1,city
52230,ONE9 #294,"I-15 & I-84, EXIT 344 SR-39",Ogden,UT,41.223,-111.97383,3.3257,3.3257,3.3257,1,city
52233,SPEEDWAY #2953,"US-80, EXIT 3",Yuma,AZ,32.72532,-114.6244,3.4657,3.4657,3.4657,1,city
52235,PETRO STOPPING CENTER #303,"I-80, EXIT 310",Laramie,WY,41.31137,-105.5911,3.5757,3.5757,3.5757,1,city
52236,CHEVRON,US-60,Globe,AZ,33.39422,-110.7865,4.2990,4.2990,4.2990,1,city
52239,PILOT TRAVEL CENTERS #192,"I-75, EXIT 60",Tifton,GA,31.45046,-83.5085,3.6090,3.5990,3.6190,2,city
52241,Rocket,"I-25/US-85/US-87, EXIT 161 & SR-105",Monument,CO,39.09166,-104.87276,3.1950,3.1950,3.1950,1,city
52250,PILOT TRAVEL CENTERS #222,I-84 EXIT 1,Sturbridge,MA,42.10843,-72.07869,4.1590,4.1590,4.1590,1,city
52255,GREATER CHICAGO I 55,"I-55, EXIT 267 & SR-53",Bolingbrook,IL,41.69864,-88.0684,3.4640,3.3190,3.6090,2,city
52262,CIRCLE K #2721577,US-84 & SR-21,Monroeville,AL,31.52794,-87.32471,3.4340,3.4340,3.4340,1,city
52278,NEIGHBORS EXPRESS,US-25/SR-121/SR-23/SR-67,Millen,GA,32.80405,-81.94928,3.3823,3.3823,3.3823,1,city
52297,IGA EXPRESS SHELL #874,"I-65, EXIT 20",Bowling Green,KY,36.99032,-86.4436,2.9990,2.9990,2.9990,1,city
52299,415 TRUCK STOP,"I-10, EXIT 151 & SR-415",Port Allen,LA,30.45214,-91.21011,3.0890,3.0890,3.0890,1,city
52302,LONGHORN TRUCK AND CAR PLAZA,"I-10, EXIT 4",Vinton,LA,30.19076,-93.58127,3.2740,3.2740,3.2740,1,city
52304,Fast Stop,"I-10, EXIT 182 & SR-22",Sorrento,LA,30.18436,-90.85926,3.6990,3.6990,3.6990,1,city
52307,CASEYS #3002,SR-60 & SR-30/SR-4,Saint James,MN,43.98246,-94.62692,3.2190,3.2190,3.2190,1,city
52313,CIRCLE K #2723445,"I-20, EXIT 5A & US-61/SR-27",Vicksburg,MS,32.35265,-90.87788,2.9590,2.9590,2.9590,1,city
52322,BOLLA MARKET,"I-95, EXIT 13",Elizabeth,NJ,40.66399,-74.2107,3.0990,3.0990,3.0990,1,city
52323,POWER,"I-78, EXIT 58 & SR-9/SR-1",Newark,NJ,40.73566,-74.17237,4.2990,4.2990,4.2990,1,city
52325,MIRABITO #69,"I-88, EXIT 15 & SR-23",Oneonta,NY,42.45286,-75.06377,3.9990,3.9990,3.9990,1,city
52326,MR FUEL #715,"I-70, EXIT 203",Foristell,MO,38.81505,-90.95597,2.9257,2.9257,2.9257,1,city
52334,KWIK TRIP #775,"I-90, EXIT 69 & SR-82",Mauston,WI,43.79719,-90.07735,3.2873,3.2873,3.2873,1,city
52335,SHELL,"I-295, EXIT 3",Disputanta,VA,37.12432,-77.22581,3.0290,3.0290,3.0290,1,city
52340,KWIK FILL #249,US-22,Duncansville,PA,40.42341,-78.4339,4.0723,4.0723,4.0723,1,city
52344,STAMART 1224,"I-94, EXIT 166",Bismarck,ND,46.80833,-100.78374,3.6157,3.6157,3.6157,1,city
52346,QUARLES #4436,"I-695, EXIT 41 & SR-151",Dundalk,MD,39.25066,-76.52052,3.6990,3.6990,3.6990,1,city
52348,SHELL,"I-75, EXIT47 & SR-85",Detroit,MI,42.33143,-83.04575,3.6990,3.6990,3.6990,1,city
52361,PAYLESS FUEL TRAVEL CENTER,"I-20, EXIT 470",Dallas,TX,32.78306,-96.80667,2.9857,2.9857,2.9857,1,city
52363,SPEEDWAY #2376,US-131 & SR-46,Cedar Springs,MI,43.22336,-85.55142,3.8990,3.8990,3.8990,1,city
52364,PILOT TRAVEL CENTERS #335,"I-20 & SR-137, EXIT 138",Rayville,LA,32.47736,-91.75485,3.2123,3.2123,3.2123,1,city
52365,MOORES SUPER STORE,US-43/US-278/SR-171,Hamilton,AL,34.14232,-87.98864,3.7990,3.7990,3.7990,1,city
52366,ALMA TRAVEL MART,"I-40, EXIT 13 & US-71",Alma,AR,35.47787,-94.22188,3.3323,3.3323,3.3323,1,city
52367,DOSWELL TRUCK STOP,"I-95, EXIT 98 & SR-30",Doswell,VA,37.86014,-77.46415,2.8990,2.8990,2.8990,1,city
52383,FLYING J TRAVEL PLAZA #601,"I-20/I-59, EXIT 104",Mc Calla,AL,33.34872,-87.01416,3.1707,3.1707,3.1707,1,fuzzy
52384,PILOT TRAVEL CENTERS #337,"I-95, EXIT 164 & US-52",Florence,SC,34.19543,-79.76256,3.3490,3.3490,3.3490,1,city
52385,Flying J Travel Plaza #696,"I-71, EXIT 131",Sunbury,OH,40.24256,-82.85907,3.7190,3.7190,3.7190,1,city
52387,MARATHON,"I-55, EXIT 265 & SR-4",Senatobia,MS,34.6176,-89.9687,3.1990,3.1990,3.1990,1,city
52388,FLYING J TRAVEL PLAZA #711,"I-85, EXIT 102",Blacksburg,SC,35.12124,-81.51592,3.4290,3.4290,3.4290,1,city
52393,CASEYS #3004,SR-15 & CR-52,Truman,MN,43.82773,-94.43719,3.2990,3.2990,3.2990,1,city
52400,PILOT TRAVEL CENTERS #324,"I-94/US-41, EXIT 329",Franksville,WI,42.76002,-87.91341,3.8890,3.8890,3.8890,1,city
52401,LOVES TRAVEL STOP #267,"I-40, EXIT 107 & SR-95",Morrilton,AR,35.15092,-92.74405,3.3607,3.3607,3.3607,1,city
52402,FLYING J TRAVEL PLAZA #665,"I-20, EXIT 3 & SR-79",Greenwood,LA,32.44293,-93.97296,3.1457,3.1457,3.1457,1,city
52403,FLYING J TRAVEL PLAZA #676,"I-10, EXIT 31",Gulfport,MS,30.36742,-89.09282,3.1457,3.1457,3.1457,1,city
52404,PETRO WELLS,"I-80, EXIT 352",Wells,NV,41.11159,-114.96449,3.7323,3.7323,3.7323,1,city
52405,FLYING J TRAVEL PLAZA #636,"I-80, EXIT 292",Davenport,IA,41.52364,-90.57764,3.8723,3.8723,3.8723,1,city
52411,SAPP BROS TRAVEL CENTER,"I-215, EXIT 21",Salt Lake City,UT,40.76078,-111.89105,3.3990,3.3990,3.3990,1,city
52413,PILOT TRAVEL CENTERS #360,"I-75 & SR-613, EXIT 164",Findlay,OH,41.04422,-83.64993,3.3157,3.3157,3.3157,1,city
52414,Mobil dba ONE9 #1341,"I-5, EXIT 208",Arlington,WA,48.19871,-122.12514,3.7990,3.7990,3.7990,1,city
52421,SHEETZ #194,"I-80, EXIT 97",Falls Creek,PA,41.14506,-78.80447,3.3073,3.3073,3.3073,1,city
52422,KWIK TRIP #674,"I-94, EXIT 45 & US-12/SR-29",Menomonie,WI,44.87552,-91.91934,3.4990,3.4990,3.4990,1,city
52423,PILOT TRAVEL CENTER #908- TOWN PUMP,"I-15 & I-90, EXIT 122",Butte,MT,46.00382,-112.53474,3.5657,3.5657,3.5657,1,city
52426,J MART #322,"I-65, EXIT 322",Falkville,AL,34.36843,-86.90862,3.1990,3.1990,3.1990,1,city
52427,PILOT TRAVEL CENTERS #340,"I-80, EXIT 46",Fernley,NV,39.60797,-119.25183,3.9157,3.9157,3.9157,1,city
52428,PILOT TRAVEL CENTERS #338,"I-26, EXIT 115 & US-321",West Columbia,SC,33.99349,-81.07398,3.4990,3.4990,3.4990,1,city
52430,CHEVRON FOOD MART,"I-75, EXIT 350 & SR-2",Ringgold,GA,34.91591,-85.10912,2.8590,2.8590,2.8590,1,city
52431,WOODBINE TRAVEL CENTER,"I-95, EXIT 14",Woodbine,GA,30.96396,-81.72416,3.0323,3.0323,3.0323,1,city
52435,CM WINNERS CHOICE,"I-10 & SR-108, EXIT 23",Sulphur,LA,30.23659,-93.37738,3.2990,3.2990,3.2990,1,city
52438,NEW MADRID,"I-55, EXIT 52/SR-P",New Madrid,MO,36.58645,-89.52785,3.2690,3.2690,3.2690,1,city
52439,CIRCLE K #2723395,US-11,Hattiesburg,MS,31.32712,-89.29034,3.1990,3.1990,3.1990,1,city
52441,PILOT #6990,"I-95, EXIT 106",Kenly,NC,35.59627,-78.12416,3.7090,3.7090,3.7090,1,city
52450,PILOT #1290,"I-35, EXIT 410 & US-77",Red Oak,TX,32.51764,-96.80444,3.2990,3.2990,3.2990,1,city
52452,PLAINVIEW TRAVEL PLAZA,"US-41, EXIT 113 & SR-26",Oshkosh,WI,44.02471,-88.54261,3.1990,3.1990,3.1990,1,city
52454,PILOT TRAVEL CENTERS #6,"I-70, EXIT 178 & SR-209",Cambridge,OH,40.03118,-81.58846,3.5090,3.5090,3.5090,1,city
52455,LOVES TRAVEL STOP #266,"I-35, EXIT 32",Ardmore,OK,34.17426,-97.14363,3.6490,3.6490,3.6490,1,city
52456,PILOT TRAVEL CENTERS #317,"I-44, EXIT 4 (ST 435)",Joplin,MO,37.08423,-94.51328,3.4123,3.4123,3.4123,1,city
52458,PILOT TRAVEL CENTERS #332,"I-40, EXIT 161 & SR-391",North Little Rock,AR,34.76954,-92.26709,3.2380,3.2370,3.2390,2,city
52461,FLORENCE VALERO,US-130,Burlington,NJ,40.07122,-74.86489,3.1357,3.1357,3.1357,1,city
52463,PILOT TRAVEL CENTERS #341,"I-15, EXIT 48",North Las Vegas,NV,36.19886,-115.1175,3.6957,3.6957,3.6957,1,city
52464,7-ELEVEN #40118,ST 220 & I-180,Muncy,PA,41.20564,-76.78552,4.3590,4.3590,4.3590,1,city
52465,FLYING J TRAVEL PLAZA #605,"I-40, EXIT 84",Russellville,AR,35.27842,-93.13379,3.3690,3.3690,3.3690,1,city
52466,FLYING J TRAVEL PLAZA #784,"I-95, EXIT 100 & SR-272",North East,MD,39.60011,-75.94133,4.1990,4.1990,4.1990,1,city
52467,FLYING J TRAVEL PLAZA #712,"I-20, EXIT 70",Columbia,SC,34.00071,-81.03481,3.4323,3.4323,3.4323,1,city
52468,FLYING J TRAVEL PLAZA #703,"I-40, EXIT 140",Oklahoma City,OK,35.46756,-97.51643,3.3090,3.3090,3.3090,1,city
52469,LOVES TRAVEL STOPS #269,US-287/US-82/SR-79 & US-281,Wichita Falls,TX,33.91371,-98.49339,3.1360,3.1230,3.1490,2,city
52470,QUIKTRIP #562,"I-80, EXIT 136",Des Moines,IA,41.60054,-93.60911,3.0473,3.0473,3.0473,1,city
52471,FLYING J TRAVEL PLAZA #695,"I-75, EXIT 135",Beaverdam,OH,40.83339,-83.97661,3.3307,3.3307,3.3307,1,city
52472,FLYING J TRAVEL PLAZA #708,"I-81, EXIT 52",Carlisle,PA,40.20148,-77.18887,4.1090,4.1090,4.1090,1,city
52473,FLYING J TRAVEL PLAZA #743,"I-15, EXIT 222",Nephi,UT,39.71023,-111.83632,3.7157,3.7157,3.7157,1,city
52474,PILOT TRAVEL CENTERS #17,"I-94, EXIT 104",Battle Creek,MI,42.3173,-85.17816,3.9790,3.9590,3.9990,3,city
52477,PETRO FARGO #361,"I-94, EXIT 348",Fargo,ND,46.87719,-96.7898,3.4990,3.4990,3.4990,1,city
52478,LOVES TRAVEL STOP #418,"I-64, EXIT 172",Grayson,KY,38.33258,-82.9485,3.7557,3.7557,3.7557,1,city
52479,PETRO CARNESVILLE #377,"I-85, EXIT 160",Carnesville,GA,34.36983,-83.23516,3.1540,3.1540,3.1540,1,city
52480,LOVES TRAVEL STOP #268,US6-9 & US-75,Atoka,OK,34.38593,-96.12833,3.4890,3.4890,3.4890,1,city
52482,KING TRAVEL PLAZA,"I-95, EXIT 6",Kingsland,GA,30.79996,-81.68983,3.1090,3.1090,3.1090,1,city
52483,FLYING J TRAVEL PLAZA #659,"I-70, EXIT 253",Salina,KS,38.84028,-97.61142,3.7723,3.7723,3.7723,1,city
52484,KWIK STAR #303,"I-80, EXIT 201 & US-21",Brooklyn,IA,41.73361,-92.44546,3.1290,3.1290,3.1290,1,city
52510,Valero,SR-9,Maysville,KY,38.64119,-83.74437,3.5990,3.5990,3.5990,1,city
52511,JOES JUNCTION #9,"I-65, RAYMOND EXIT",Indianapolis,IN,39.76838,-86.15804,3.4590,3.4590,3.4590,1,city
52512,LOVES TRAVEL STOPS #270,"I-20, EXIT 349",Ranger,TX,32.46985,-98.67895,3.2010,3.1890,3.2130,2,city
52513,FLYING J TRAVEL PLAZA #678,"I-20 & I-55, EXIT 47",Pearl,MS,32.27459,-90.13203,3.1490,3.1490,3.1490,1,city
52514,FLYING J TRAVEL PLAZA #671,"I-55, EXIT 58",Matthews,MO,36.75922,-89.58675,3.2390,3.2390,3.2390,1,city
52516,FLYING J TRAVEL PLAZA #612,"I-40, EXIT 255",Winslow,AZ,35.02419,-110.69736,3.6240,3.6240,3.6240,1,city
52517,STRIPES 7FLEET #42562,US-84 & US-385,Littlefield,TX,33.91731,-102.3249,3.1990,3.1990,3.1990,1,city
52520,DANDY MINI MART #19,"ROUTE 17, EXIT 59-A",Sayre,PA,41.97896,-76.5155,3.9923,3.9923,3.9923,1,city
52527,PETRO STOPPING CENTER #323,"I-75, EXIT 368",Reddick,FL,29.36664,-82.19732,3.3523,3.3523,3.3523,1,city
52528,QUIKTRIP #150,"I-70, EXIT 28",Oak Grove,MO,39.00501,-94.12939,2.9590,2.9590,2.9590,1,city
52529,BIG SKY TRUCK STOP,"I-15, EXIT 56 N",Dillon,MT,45.21631,-112.63752,3.6890,3.6890,3.6890,1,city
52531,FLYING J FUEL STOP #768,"I-435, EXIT 57",Kansas City,MO,39.09973,-94.57857,3.3823,3.3823,3.3823,1,city
52534,LEES FOOD MART #1122,"I-75, EXIT 122 & SR-61",Clinton,TN,36.10341,-84.13186,2.9690,2.9690,2.9690,1,city
52535,PWI #115,"I-45, EXIT 178",Buffalo,TX,31.46379,-96.05802,2.8990,2.8990,2.8990,1,city
52537,TA Express Osseo #431,"I-94, EXIT 88",Osseo,WI,44.57218,-91.22738,3.4690,3.4690,3.4690,1,city
52539,PILOT TRAVEL CENTERS #331,"I-285 , EXIT 51",Atlanta,GA,33.749,-84.38798,3.5990,3.5990,3.5990,2,city
52541,PANTRY TRUCKSTOP,US-2/US-41,Rapid River,MI,45.92691,-86.96708,3.3990,3.3190,3.4990,3,city
52542,FLYING J TRAVEL PLAZA #624,"I-75, EXIT 285 & SR-52",San Antonio,FL,28.33611,-82.27453,3.5990,3.5990,3.5990,1,city
52546,CIRCLE K #2723910,US-84 & US-27,Bainbridge,GA,30.9038,-84.57547,3.5990,3.5990,3.5990,1,city
52548,Henderson Fuel Mart,"I-80, EXIT 342",Henderson,NE,40.77973,-97.81227,2.8990,2.8990,2.8990,1,city
52549,SPEEDWAY #3328,"I-77, EXIT 159 A",Cleveland,OH,41.4995,-81.69541,3.7990,3.7990,3.7990,1,city
52550,PILOT TRAVEL CENTERS #404,"I-24, EXIT 81 SE",Murfreesboro,TN,35.84562,-86.39027,3.4723,3.4723,3.4723,1,city
52551,PILOT TRAVEL CENTERS #374,"I-10, EXIT 142 & SR-71",Marianna,FL,30.77436,-85.22687,3.5990,3.5990,3.5990,2,city
52552,FLYING J TRAVEL PLAZA #672,"I-49/US-71, EXIT167 & CR-J",Peculiar,MO,38.71918,-94.45856,3.4223,3.4223,3.4223,1,city
52553,FLYING J TRAVEL PLAZA #689,"I-40, EXIT 153",Albuquerque,NM,35.08449,-106.65114,3.5490,3.5490,3.5490,1,city
52557,SPRINT MART #40,US-72 & SR-247,Tuscumbia,AL,34.7312,-87.70253,3.1890,3.1890,3.1890,1,city
52558,LOVES TRAVEL STOP #271,"I-40, EXIT 37 & US-219",Ozark,AR,35.48703,-93.8277,3.3923,3.3923,3.3923,1,city
52562,MOBIL,"I-87, EXIT 36",Plattsburgh,NY,44.69949,-73.45291,3.7990,3.7990,3.7990,1,city
52563,FLYING J TRAVEL PLAZA #631,"I-75, EXIT 2",Lake Park,GA,30.68215,-83.17959,3.3223,3.3223,3.3223,1,city
52564,FLYING J TRAVEL PLAZA #669,"I-44, EXIT 11A & US-71/SR-249 & SR-FF",Joplin,MO,37.08423,-94.51328,3.4123,3.4123,3.4123,1,city
52565,PILOT TRAVEL CENTERS #377,"I-35, EXIT 13",Laredo,TX,27.50641,-99.50754,3.5990,3.5990,3.5990,1,city
52566,YUMM,"I-35, EXIT 8",Laredo,TX,27.50641,-99.50754,2.8757,2.8757,2.8757,1,city
52575,PILOT TRAVEL CENTERS #775,"I-15, EXIT 4",Saint George,UT,37.10415,-113.58412,3.6757,3.6757,3.6757,1,city
52577,PILOT TRAVEL CENTERS #329,"I-29 & I-80, EXIT 1B",Council Bluffs,IA,41.26194,-95.86083,3.6590,3.6590,3.6590,2,city
52580,LOVES TRAVEL STOPS #405,"I-95, EXIT 29",Brunswick,GA,31.15013,-81.49147,3.3550,3.3210,3.3890,2,city
52581,TA WILLCOX TRAVEL CENTER,"I-10, EXIT 340",Willcox,AZ,32.25285,-109.83201,3.2823,3.2823,3.2823,1,city
52582,JRs Oasis,SR-50,Yankton,SD,42.87111,-97.39728,3.1490,3.1490,3.1490,1,city
52585,SUPERPUMPER #22,"I-94, EXIT 42",Belfield,ND,46.88529,-103.19962,3.5290,3.5290,3.5290,1,city
52587,PILOT TRAVEL CENTERS #380,"I-81, EXIT 25 & I-90, EXIT 36",Liverpool,NY,43.10646,-76.2177,4.1590,4.1590,4.1590,1,city
52588,STRIPES #42564,US-87,Lubbock,TX,33.57786,-101.85517,3.1990,3.1990,3.1990,1,city
52590,FLYING J TRAVEL PLAZA #661,"I-65, EXIT 2 & US-31W",Franklin,KY,36.72226,-86.57722,3.1690,3.1690,3.1690,1,city
52591,FLYING J TRAVEL PLAZA #749,"I-95, EXIT 104",Ruther Glen,VA,37.92875,-77.45582,3.6190,3.6190,3.6190,1,city
52594,PILOT TRAVEL CENTERS #348,"I-70, EXIT 32B",Bentleyville,PA,40.11674,-80.00839,4.1090,4.1090,4.1090,1,city
52595,7-ELEVEN #40281,"I-476,  EXIT 35/95",Jim Thorpe,PA,40.87592,-75.73241,3.5890,3.5890,3.5890,1,city
52597,7-ELEVEN #40278,"I-81, EXIT 44 & I-76",Plainfield,PA,40.20314,-77.28998,3.9673,3.9673,3.9673,1,city
52598,7-ELEVEN #40283,"I-76, EXIT 19/247",Middletown,PA,40.19981,-76.73108,3.9707,3.9707,3.9707,1,city
52599,7-ELEVEN #40285,"I-76, EXIT 21/286",Bowmansville,PA,40.19676,-76.01744,3.9707,3.9707,3.9707,1,city
52601,LOVES TRAVEL STOP #236,"I-40, EXIT 161 & SR-391",North Little Rock,AR,34.76954,-92.26709,3.2207,3.2207,3.2207,1,city
52602,7-ELEVEN #40277,"I-76, EXIT 16/226",Newburg,PA,40.13731,-77.55471,4.2990,4.2990,4.2990,1,city
52603,CASEYS #3364,US-281 & SR-200,Carrington,ND,47.44972,-99.12622,3.4390,3.4390,3.4390,1,city
52605,PILOT TRAVEL CENTERS #39,"I-57, EXIT 335",Monee,IL,41.42003,-87.74171,3.4390,3.3990,3.5590,5,city
52607,PILOT TRAVEL CENTERS #409,"I-40, EXIT 172",Dickson,TN,36.077,-87.38779,3.1923,3.1923,3.1923,1,city
52608,PILOT #7971,"I-40, EXIT 133",Conover,NC,35.70652,-81.21869,3.6990,3.6990,3.6990,1,city
52610,TA HARBORCREEK TRAVEL CENTER,"I-90, EXIT 35",Erie,PA,42.12922,-80.08506,4.1990,4.1990,4.1990,1,city
52611,STRIPES #40530,SR-239,Del Rio,TX,29.36273,-100.89676,3.2290,3.2290,3.2290,1,city
52612,STRIPES 7FLEET #42568,US-60 & CR-G,Hereford,TX,34.81521,-102.39932,3.3507,3.3507,3.3507,1,city
52615,PILOT TRAVEL CENTERS #4,"I-90, EXIT 151",Avon,OH,41.45171,-82.03542,3.8790,3.8790,3.8790,1,city
52616,PILOT TRAVEL CENTERS #28,I-69 EXIT 234,Daleville,IN,40.12115,-85.55803,3.5840,3.5190,3.6490,2,city
52618,PILOT TRAVEL CENTERS #63,"I-85, EXIT 35",Piedmont,SC,34.70234,-82.46457,3.2223,3.2223,3.2223,1,city
52620,GOODLAND 24/7 STORE,"I-70, EXIT 19",Goodland,KS,39.35083,-101.71017,3.0873,3.0873,3.0873,1,city
52621,CORNER MARKET #111,"I-70, EXIT 27",Goodland,KS,39.35083,-101.71017,3.0590,3.0590,3.0590,1,city
52622,STRIPES 7FLEET #42567,I-20,Stanton,TX,32.12929,-101.78846,3.0157,3.0157,3.0157,1,city
52623,TA WILLINGTON TRAVEL CENTER,"I-84, EXIT 71",Willington,CT,41.872,-72.26,5.1990,5.1990,5.1990,1,manual
52624,PILOT TRAVEL CENTERS #390,"I-84, EXIT 188 & US-395",Stanfield,OR,45.78041,-119.21724,3.4690,3.4690,3.4690,1,city
52625,FLYING J TRAVEL PLAZA #673,"I-44, EXIT 226 & SR-85",Sullivan,MO,38.2081,-91.16042,3.3240,3.3240,3.3240,1,city
52626,FLYING J TRAVEL PLAZA #627,"I-95/SR-405, EXIT 29 & US-82/US-17/SR-25/SR-520",Brunswick,GA,31.15013,-81.49147,3.3957,3.3957,3.3957,1,city
52628,Pride Travel Center dba One9 #1215,"I-10, EXIT 45",Salome,AZ,33.78114,-113.61465,3.3690,3.3590,3.3790,2,city
52629,LOVES TRAVEL STOPS #413,"I-90, EXIT 106 & US-97",Ellensburg,WA,46.99651,-120.54785,3.8890,3.8290,3.9490,4,city
52630,PILOT TRAVEL CENTERS #386,"I-5, EXIT 263",Salem,OR,44.9429,-123.0351,3.8590,3.8590,3.8590,1,city
52632,LOVES TRAVEL STOP #451,"I-65, EXIT 95 & CR-500",Whiteland,IN,39.55005,-86.07971,3.9490,3.9490,3.9490,1,city
52633,PILOT TRAVEL CENTERS #57,"I-40 & I-85, EXIT 152",Mebane,NC,36.09597,-79.26696,3.9590,3.9590,3.9590,1,city
52634,PETRO STOPPING CENTER #362,"I-80, EXIT 353",York,NE,40.86807,-97.592,3.2990,3.2990,3.2990,1,city
52635,E EXPRESS at MLK,"I-40 & I-35, EXIT 127",Oklahoma City,OK,35.46756,-97.51643,2.8890,2.8890,2.8890,1,city
52636,LOVES TRAVEL STOP #414,"I-64, EXIT 25B & US-41",Haubstadt,IN,38.20504,-87.57419,3.9490,3.9490,3.9490,1,city
52638,STRIPES 7FLEET #42555,"I-20, EXIT 80 & SR-18",Monahans,TX,31.5943,-102.89265,2.9290,2.9290,2.9290,1,city
52640,SPEEDWAY #8316,US-30 & US-41,Dyer,IN,41.4942,-87.52171,3.6490,3.6490,3.6490,1,city
52641,PILOT TRAVEL CENTERS #71,"I-95, EXIT 109",Port Wentworth,GA,32.14909,-81.16317,3.3957,3.3723,3.4190,2,city
52642,One9 #61,"I-26, EXIT 52 & SR-56",Clinton,SC,34.47263,-81.88066,3.0990,3.0990,3.0990,1,city
52643,Minit Mart #3,HIGHWAY 277 & FM 1589,Eagle Pass,TX,28.70914,-100.49952,3.1990,3.1990,3.1990,1,city
52644,ONE9 #058,"I-95, EXIT 180 & SR-48",Pleasant Hill,NC,35.87347,-79.48169,3.3990,3.3990,3.3990,1,city
52646,FLYING J TRAVEL PLAZA #619,"I-70, EXIT 285",Aurora,CO,39.72943,-104.83192,3.3923,3.3923,3.3923,1,city
52647,FLYING J TRAVEL PLAZA #699,"I-70, EXIT 122",Millersport,OH,39.90006,-82.53405,3.4457,3.4457,3.4457,1,city
52648,Stripes #42566,US-67 & SR-158,Ballinger,TX,31.73821,-99.94731,3.0557,3.0557,3.0557,1,city
52649,FLYING J TRAVEL PLAZA #623,"I-10, EXIT 192 & US-90",Midway,FL,30.40648,-87.00553,3.7990,3.7990,3.7990,1,city
52651,TA NEW BRAUNFELS TRAVEL CENTER,"I-35, EXIT 193",New Braunfels,TX,29.703,-98.12445,3.4490,3.4490,3.4490,1,city
52652,PILOT TRAVEL CENTERS #47,"I-275, EXIT 129",Georgetown,KY,38.2098,-84.55883,3.2057,3.2057,3.2057,1,city
52656,TRAVELING TIGER CENTER,"I-10, EXIT 87",Sierra Blanca,TX,31.17457,-105.35718,3.1557,3.1557,3.1557,1,city
52658,LOVES TRAVEL STOP #274,"I-40, EXIT 221 & SR-27",Okemah,OK,35.43259,-96.30501,3.3557,3.3557,3.3557,1,city
52659,LOVES TRAVEL STOP #276,"I-10, EXIT 20",Lordsburg,NM,32.35036,-108.70866,3.4573,3.4573,3.4573,1,city
52661,LOVES TRAVEL STOP #281,"I-35 WEST, EXIT 40",Fort Worth,TX,32.72541,-97.32085,3.1873,3.1873,3.1873,1,city
52663,EXXON,"I-20/I-59, EXIT 17 & SR-28",Livingston,AL,32.5843,-88.18725,2.9790,2.9790,2.9790,1,city
52664,PETRO STOPPING CENTER #378,I-81 EXIT 178B,Pittston,PA,41.32591,-75.78936,4.1657,4.1657,4.1657,1,city
52667,EXPRESS LANE TRAVEL CENTER,"I-20, EXIT 100 & US-80",Lawrence,MS,32.32514,-89.23284,3.2990,3.2990,3.2990,1,city
52669,COLUMBIA TRUCK STOP,US-46,Columbia,NJ,40.92621,-75.09268,3.0790,3.0790,3.0790,1,city
52674,FLYING J TRAVEL PLAZA #738,"I-20/FM707, EXIT 277",Tye,TX,32.45762,-99.87148,3.1240,3.1240,3.1240,1,city
52675,PILOT TRAVEL CENTER #907- TOWN PUMP,"I-94, EXIT 138",Miles City,MT,46.40834,-105.84056,3.4990,3.4990,3.4990,1,city
52676,PILOT TRAVEL CENTERS #336,"I-80, EXIT 97 & US-219",Du Bois,PA,41.11923,-78.76003,4.0340,4.0340,4.0340,1,fuzzy
52678,STRIPES 7FLEET #42433,US-277,Bronte,TX,31.88737,-100.29176,3.4740,3.4740,3.4740,1,city
52679,LOVES TRAVEL STOP #404,"I-295, EXIT 56 & I-95, EXIT 7",Bordentown,NJ,40.14622,-74.71183,3.9790,3.9790,3.9790,1,city
52680,PILOT TRAVEL CENTERS #91,"I-95, EXIT 329",Saint Johns,FL,30.0815,-81.54774,3.4615,3.4240,3.4990,2,city
52683,PILOT TRAVEL CENTERS #145,"I-40/US-71/US-62, EXIT 72 AND US-412",Springdale,AR,36.18674,-94.12881,3.4610,3.4590,3.4630,2,city
52684,KWIK STAR #348,US-30/US-67,Clinton,IA,41.84447,-90.18874,3.6240,3.6240,3.6240,1,city
52685,LOVES TRAVEL STOP #275,"I-40/US-63, EXIT 233 & SR-261",Palestine,AR,34.97232,-90.90262,3.3157,3.3157,3.3157,1,city
52686,LOVES TRAVEL STOP #278,"I-40, EXIT 277",Joseph City,AZ,34.95586,-110.33401,3.6073,3.6073,3.6073,1,city
52687,LOVES TRAVEL STOP #286,"I-10, EXIT 17",Quartzsite,AZ,33.66391,-114.22995,3.9490,3.9490,3.9490,1,city
52690,LOVES TRAVEL STOP #415,"I-95 & OKEECHOBEE RD, EXIT 129",Fort Pierce,FL,27.44671,-80.32561,3.5057,3.5057,3.5057,1,city
52691,PILOT TRAVEL CENTERS #312,"I-20/SR-402, EXIT 5 & SR-100",Tallapoosa,GA,33.74455,-85.28801,3.4190,3.3890,3.4490,2,city
52692,PILOT TRAVEL CENTERS #249,"I-70/I-55, EXIT 18 & SR-162",Troy,IL,38.72921,-89.88315,3.4390,3.3790,3.6990,6,city
52697,FLYING J TRAVEL PLAZA #747,"I-15, EXIT 261",Springville,UT,40.16523,-111.61075,3.7657,3.7657,3.7657,1,city
60084,SUNSTOP #625,US-84,Ashford,AL,31.18296,-85.23632,3.5990,3.5990,3.5990,1,city
60106,SUNSTOP #619,US-84,Daleville,AL,31.31017,-85.71299,3.3990,3.3990,3.3990,1,city
60114,SUNSTOP #606,US-84/SR-167,Enterprise,AL,31.31517,-85.85522,3.6990,3.6990,3.6990,1,city
60136,HOBO PANTRY #18,US-431,Headland,AL,31.35128,-85.34216,3.5990,3.5990,3.5990,1,city
60145,OCS QUICK STOP,US-43/SR-13,Mount Vernon,AL,31.08518,-88.01333,3.6990,3.6990,3.6990,1,city
60147,HOP-IN FOOD STORES,US-82 & SR-22,Maplesville,AL,32.78897,-86.87353,3.3990,3.3990,3.3990,1,city
60191,PILOT TRAVEL CENTER #1180,"I-10, EXIT 94",Tonopah,AZ,33.49365,-112.93712,3.8990,3.8990,3.8990,2,city
60206,TA EXPRESS #649,"I-25, EXIT 52",Walsenburg,CO,37.62418,-104.78026,4.2590,4.2590,4.2590,1,city
60208,BERKSHIRE PETROLEUM,"I-91, EXIT 9",North Haven,CT,41.39093,-72.85954,3.5490,3.5490,3.5490,1,city
60220,ZELLWOOD TRUCK STOP,US-441,Zellwood,FL,28.73111,-81.60118,3.4990,3.4990,3.4990,1,city
60224,SUNSTOP #419,US-19,Camilla,GA,31.23129,-84.21046,3.4990,3.4990,3.4990,1,city
60226,CIRCLE K #2723903,US-82 & SR-520,Dawson,GA,31.77382,-84.448,3.4990,3.4990,3.4990,1,city
60229,96 TRAVEL PLAZA,"I-16, EXIT 24",Jeffersonville,GA,32.68765,-83.34656,3.3990,3.3990,3.3990,1,city
60230,CIRCLE K #2745152,US-19,Pelham,GA,31.12802,-84.15304,3.4990,3.4990,3.4990,1,city
60242,KWIK STAR #711,US-18/US-52,Monona,IA,43.05165,-91.3893,3.6240,3.6240,3.6240,1,city
60243,PETRO MART,"I-29, EXIT 112",Onawa,IA,42.02665,-96.09724,3.1573,3.1573,3.1573,1,city
60245,STINKER #74,"I-84, EXIT 137",Bliss,ID,42.92685,-114.94951,3.6340,3.6340,3.6340,1,city
60248,METRO,"I-95, EXIT 12",Avenel,NJ,40.58038,-74.28515,3.2990,3.2990,3.2990,1,city
60250,ELIZABETH TRUCK STOP,"I-95, EXIT 13A & SR-81",Elizabethport,NJ,40.6501,-74.18709,3.3990,3.3990,3.3990,1,city
60255,HUCKS FOOD & FUEL #186,US-51/CR-1450 & US-136,Heyworth,IL,40.31337,-88.97369,3.5140,3.4790,3.5490,2,city
60256,BOLLA MARKET,"I-84, EXIT 1",Montague,NJ,41.30315,-74.7935,3.5190,3.5190,3.5190,1,city
60270,CHUCKLES #27,SR-57,Washington,IN,38.65922,-87.17279,3.3390,3.3390,3.3390,1,city
60273,24-7,"I-70, EXIT 53 & SR-25",Colby,KS,39.39584,-101.05238,3.0557,3.0557,3.0557,1,city
60280,JUMP START #9,"I-35, EXIT 4",South Haven,KS,37.05197,-97.40532,3.0690,3.0690,3.0690,1,city
60282,CRVS #7,SR-96 & SR-27,Tribune,KS,38.46974,-101.75267,3.3990,3.3990,3.3990,1,city
60294,LITTLE CAPITOL EXXON,"I-10, EXIT 115",Breaux Bridge,LA,30.27353,-91.89928,3.8990,3.8990,3.8990,1,city
60295,EXIT 80 TRAVEL PLAZA,"I-10, EXIT 80",Crowley,LA,30.21409,-92.37458,3.1090,3.1090,3.1090,1,city
60298,BEAU CHENE TRUCK STOP,"I-49, EXIT 11",Grand Coteau,LA,30.41992,-92.04651,3.3990,3.3990,3.3990,1,city
60313,WHITE MARSH TRUCK STOP,US-40,White Marsh,MD,39.38372,-76.43218,3.3690,3.3690,3.3690,1,city
60316,CIRCLE K #4707001,"I-95, EXIT 264 & SR-158",Sherman,ME,45.87116,-68.41781,3.9323,3.9323,3.9323,1,city
60324,FUEL MART OF AMERICA,"I-75, EXIT 59",Detroit,MI,42.33143,-83.04575,3.4990,3.4990,3.4990,1,city
60326,SUNRISE CONVENIENCE STORE #29,"I-69, EXIT 184",Memphis,MI,42.89642,-82.76881,3.5290,3.4990,3.5590,2,city
60328,SPEEDWAY #8748,"I-69, EXIT 6",Flint,MI,43.01253,-83.68746,3.3390,3.3390,3.3390,1,city
60329,CHARLIES COUNTRY CORNER,"I-75, EXIT 271",Grayling,MI,44.6614,-84.71475,3.8490,3.7990,3.8990,2,city
60333,LAKESHORE BP,US-2,Manistique,MI,45.95775,-86.24625,3.4990,3.4990,3.4990,1,city
60341,SNAPPY FOOD MART,ST 60,Tekonsha,MI,42.09338,-84.98581,3.5890,3.5890,3.5890,1,city
60342,True North #254,US-31 & SR-37,Traverse City,MI,44.76306,-85.62063,3.7590,3.7290,3.7890,2,city
60344,DORR TRUCK STOP,"US-131, EXIT 68",Wayland,MI,42.67392,-85.64474,3.4990,3.4990,3.4990,1,city
60347,KWIK TRIP #875,"I-90, EXIT 157, BRIDGE ST ENTRANCE",Albert Lea,MN,43.64801,-93.36827,3.3240,3.3240,3.3240,1,city
60358,PETRO SERVE USA #54,US-10,Glyndon,MN,46.87524,-96.57896,3.4490,3.4490,3.4490,1,city
60372,FLYING W CONVENIENCE STORE,SR-96,Carthage,MO,37.17645,-94.31022,3.1990,3.1990,3.1990,1,city
60373,FLYING J #571,"I-57, EXIT 12 & US-60",Charleston,MO,36.92089,-89.35063,3.5590,3.5590,3.5590,1,city
60374,PILOT TRAVEL CENTERS #385,US-54 & SR-13,Collins,MO,37.89115,-93.62298,3.4957,3.4957,3.4957,1,city
60379,FAST LANE #50,US-54/SR-19,Laddonia,MO,39.24254,-91.64544,3.1573,3.1573,3.1573,1,city
60380,AMOCO,US-63/US-136,Lancaster,MO,40.52086,-92.52797,3.2490,3.2490,3.2490,1,city
60382,WINDSTARS #5101,"I-435, EXIT 57",Kansas City,MO,39.09973,-94.57857,3.0990,3.0990,3.0990,1,city
60383,CASEYS #4399,"I-70, EXIT 175",New Florence,MO,38.91032,-91.44822,2.9490,2.9490,2.9490,1,city
60392,Kangaroo Crossing #1107,"I-20, EXIT 68 & SR-43",Pelahatchie,MS,32.31292,-89.79841,3.1990,3.1990,3.1990,1,city
60398,TOWN PUMP FOOD STORE #610,"I-90, EXIT 333",Livingston,MT,45.66244,-110.56104,3.6440,3.6440,3.6440,1,city
60400,CAN AM C STORE,SR-16,Plentywood,MT,48.77475,-104.56246,3.4990,3.4990,3.4990,1,city
60416,MINUTEMAN FOOD MART #20,US-74 & US-76,Whiteville,NC,34.33878,-78.70307,3.4607,3.4607,3.4607,1,city
60420,PUMP & PANTRY #35,US-183,Alma,NE,40.09751,-99.36204,3.4590,3.4590,3.4590,1,city
60426,BONS BONS MOBIL,US-3,Merrimack,NH,42.86509,-71.4934,3.6990,3.6990,3.6990,1,city
60434,ENRITE,US-9,Linden,NJ,40.62205,-74.24459,3.3423,3.3423,3.3423,1,city
60442,Circle K #4706716,SR-71 & SR-47,Yorkville,IL,41.64114,-88.44729,3.5990,3.4990,3.7990,3,city
60460,HAHN OIL,US-36,Coshocton,OH,40.27202,-81.85958,3.2990,3.2990,3.2990,1,city
60461,TRUE NORTH #704,"I-75, EXIT 56A",Dayton,OH,39.75895,-84.19161,3.7990,3.7990,3.7990,1,city
60463,Anna Truck Stop,"I-75, EXIT 99",Anna,OH,40.39449,-84.17272,3.0157,3.0157,3.0157,1,city
60465,MOTOMART #4129,ST 309,Marion,OH,40.58867,-83.12852,3.3423,3.3423,3.3423,1,city
60471,FUEL MART #701,"I-480/I-271, EXIT 23 & SR-8",Bedford,OH,41.39311,-81.53651,3.5290,3.5290,3.5290,1,city
60473,BELL STORES #50,ST 3,Wooster,OH,40.80517,-81.93646,3.5990,3.5990,3.5990,1,city
60476,PETES #11,US-75,Dewey,OK,36.79592,-95.93554,3.1540,3.1540,3.1540,1,city
60508,FEGLEY VALERO,SR-309,Tamaqua,PA,40.79731,-75.96937,3.5990,3.5990,3.5990,1,city
60513,CIRCLE K #2723873,US-17,Georgetown,SC,33.37683,-79.2945,2.8990,2.8990,2.8990,1,city
60515,FLASH MARKET #302,SR-9 & SR-151,Pageland,SC,34.77321,-80.39173,3.3857,3.3857,3.3857,1,city
60516,ENMARKET #892,"I-95, EXIT 150",Harleyville,SC,33.21461,-80.44787,3.3990,3.3990,3.3990,1,city
60519,CORNER PANTRY #25,US-14,Huron,SD,44.36332,-98.21426,3.0790,3.0790,3.0790,1,city
60538,TEXACO #380031,ST 21W,Bryan,TX,30.67436,-96.36996,3.3990,3.3990,3.3990,1,city
60539,SHELL,US-96 & SR-62/FM-1004,Buna,TX,30.43298,-93.9624,3.1023,3.1023,3.1023,1,city
60540,CIRCLE K #2706340,"I-20, EXIT 533",Canton,TX,32.55652,-95.8633,2.7757,2.7757,2.7757,1,city
60551,CIRCLE K #2744522,"I-30, EXIT 201  I-30 & SR-8",New Boston,TX,33.45984,-94.41548,2.9423,2.9423,2.9423,1,city
60554,CEFCO #2070,"I-27, EXIT 49",Plainview,TX,34.18479,-101.70684,2.8323,2.8323,2.8323,1,city
60565,CEFCO #2006,"I-40, EXIT 163",Shamrock,TX,35.21422,-100.24901,3.0990,3.0990,3.0990,1,city
60579,SPEEDWAY #4633,US-220/US-221/US-460,Roanoke,VA,37.27097,-79.94143,3.3990,3.3990,3.3990,1,city
60587,BJS AUTO TRUCK PLAZA,SR-28,Rock Island,WA,47.37707,-120.14395,4.0490,3.9990,4.0990,2,city
60589,RIVER COUNTRY PLAZA,"SR-29, EXIT 91",Cadott,WI,44.94802,-91.1507,3.3973,3.3973,3.3973,1,city
60590,DARLINGTON MINI MART,SR-23 & SR-81,Darlington,WI,42.68306,-90.11763,3.3990,3.3990,3.3990,1,city
60601,HOLIDAY STATIONSTORE #2746229,US-53/US-2,Superior,WI,46.72077,-92.10408,3.3390,3.3390,3.3390,1,city
60635,EXXON ON THE RUN,US-62/US-412 & SR-126,Gassville,AR,36.28312,-92.49405,3.6950,3.6950,3.6950,1,city
60650,SHELL DBA ONE9 #1244,"I-8, EXIT 115",Gila Bend,AZ,32.94782,-112.71683,3.3090,3.2590,3.3590,2,city
60700,PWI #502,"I-70/US-40, EXIT 259",Golden,CO,39.75554,-105.2211,3.1990,3.1990,3.1990,1,city
60707,REATA TRAVEL STOP,"I-76, EXIT 125",Sterling,CO,40.62554,-103.20771,3.3990,3.3990,3.3990,1,city
60708,CRVS STORE #6,US-385,Wray,CO,40.07582,-102.22325,3.4490,3.4490,3.4490,1,city
60762,BP,US-1 & US-341,Baxley,GA,31.77825,-82.34846,3.5990,3.5990,3.5990,1,city
60768,GAS N GO FOOD STORE,"I-75, EXIT 290/US-41",Cartersville,GA,34.16533,-84.80231,2.9423,2.9423,2.9423,1,city
60773,NEIGHBORS EXPRESS,US-341/SR-27 & US-129 ALT/SR-340,Hawkinsville,GA,32.28377,-83.47212,3.3990,3.3990,3.3990,1,city
60779,Marathon,US-129,Eatonton,GA,33.3268,-83.3885,3.3990,3.3990,3.3990,1,city
60781,JP PERRY,"I-75, EXIT 138",Perry,GA,32.45821,-83.73157,3.0823,3.0823,3.0823,1,city
60783,CIRCLE K #2723324,US-441/US-23/SR-15 & SR-17A/SR-385,Clarkesville,GA,34.6126,-83.52489,3.4390,3.4390,3.4390,1,city
60787,MARATHON,"I-20, EXIT 11",Lithia Springs,GA,33.794,-84.66049,2.8723,2.8723,2.8723,1,city
60788,SPRINT FOODS #722,US-1/SR-4/SR-17 & SR-24,Louisville,GA,33.00154,-82.41124,4.0990,4.0990,4.0990,1,city
60791,MARATHON #9,"I-475, EXIT 1",Macon,GA,32.84069,-83.6324,3.0390,3.0390,3.0390,1,city
60795,CIRCLE K #2745080,US-319/US-129/SR-90/SR-11,Ocilla,GA,31.59447,-83.2513,3.6257,3.6257,3.6257,1,city
60797,EVANS FOOD MART,SR-20,Rome,GA,34.25704,-85.16467,3.6990,3.6990,3.6990,1,city
60804,JET FOOD STORE #4,US-1 & SR-78,Wadley,GA,32.86682,-82.40402,3.4157,3.4157,3.4157,1,city
60807,BATAVIA GARDENS AND GAS,"US-34, EXIT 203",Batavia,IA,40.99418,-92.1674,3.3790,3.3790,3.3790,1,city
60817,KWIK STAR #712,US-218 & SR-27,Janesville,IA,42.64609,-92.46296,3.5990,3.5990,3.5990,1,city
60822,CASEYS #3639,US-18/US-52,Postville,IA,43.0847,-91.5682,3.5990,3.5990,3.5990,1,city
60829,BARRY TRAVEL PLAZA,"I-72, EXIT 20",Barry,IL,39.69421,-91.03902,3.5990,3.5990,3.5990,1,city
60833,SPEEDWAY #5400,CR-11 & CR-23,Bloomingdale,IL,41.95753,-88.0809,3.7590,3.7590,3.7590,1,city
60834,SPEEDWAY #7422,SR-43,Burbank,IL,41.73392,-87.7795,3.6190,3.6190,3.6190,1,city
60839,FREEDOM OIL #18,"I-74, EXIT 82",Edwards,IL,40.74587,-89.74427,3.4990,3.3990,3.8990,3,city
60846,EXPRESS LANE #50,"I-88, EXIT 10",Hillsdale,IL,41.61364,-90.1729,3.7990,3.6990,3.9990,3,city
60851,SPEEDWAY #7382,I-355 & SR-64,Lombard,IL,41.88003,-88.00784,3.2990,3.2490,3.3490,3,city
60857,RED ROOSTER TERMINAL,US-50/SR-250 & SR-130,Olney,IL,38.73088,-88.08532,3.2990,3.1890,3.3990,6,city
60865,Truckquest,"I-55, EXIT 286",Cicero,IL,41.84559,-87.75394,3.6240,3.5990,3.6490,2,city
60871,WENONA BP,"I-39/US-51, EXIT 35 & SR-17",Wenona,IL,41.05253,-89.05036,3.4990,3.4990,3.4990,1,city
60881,GAS AND STUFF,"I-64, EXIT 118",Georgetown,IN,40.7406,-86.50473,3.7990,3.7990,3.7990,1,city
60882,SPEEDWAY #6666,US-33,Goshen,IN,41.58227,-85.83444,3.8157,3.8157,3.8157,1,city
60887,STERNBERG CITGO TRUCK STOP,"I-64, EXIT 57",Jasper,IN,38.39144,-86.93111,3.7590,3.7590,3.7590,1,city
60890,JACK FLASH,I-57 EXIT 135,Farina,IL,38.83421,-88.77228,3.1490,3.0990,3.1990,2,city
60900,7-ELEVEN #40504,"I-80/I=90, MM 56 EB",Rolling Prairie,IN,41.67088,-86.61585,3.9990,3.9990,3.9990,1,city
60902,SPEEDWAY #6674,"I-80/I-90, EXIT 72 & SR-31",South Bend,IN,41.68338,-86.25001,3.6907,3.6907,3.6907,1,city
60913,J Mart #1,"HWY 50 E, HWY 83 N",Garden City,KS,37.97169,-100.87266,3.5290,3.5290,3.5290,1,city
60926,CENEX,US-36 & US-83,Oberlin,KS,39.81834,-100.5282,3.1590,3.1590,3.1590,1,city
60958,NORTH WEST TRUCK STOP,US-90 & SR-3211,Franklin,LA,29.79604,-91.5015,3.3990,3.3990,3.3990,1,city
60979,TOBACCO PLUS #5,"I-10, EXIT 4 & US-90",Vinton,LA,30.19076,-93.58127,2.9990,2.9990,2.9990,1,city
60988,GULF OIL LP #5020,"I-90, MM291",Blandford,MA,42.18065,-72.92732,3.9140,3.9140,3.9140,1,city
60989,Blandford Service Plaza Westbound,"I-90, EXIT MM29",Blandford,MA,42.18065,-72.92732,3.9190,3.9190,3.9190,1,city
60993,GULF #5165,"I-90, EXIT 12",Framingham,MA,42.27926,-71.41617,4.0657,4.0657,4.0657,1,city
60997,GULF OIL #5035,I-90 MM 66.7,Ludlow,MA,42.16009,-72.47592,3.9140,3.9140,3.9140,1,city
60998,GULF OIL #5030,"I-90, EXIT 7",Ludlow,MA,42.16009,-72.47592,3.9090,3.9090,3.9090,1,city
61004,Applegreen,SR-15,Sturbridge,MA,42.10843,-72.07869,3.9990,3.9990,3.9990,1,city
61006,GULF OIL LP #5155,"I-90, EXIT 11",Westborough,MA,42.26954,-71.61618,3.9090,3.9090,3.9090,1,city
61019,MARDELA GOOSE CREEK FOOD STORE,US-50,Mardela Springs,MD,38.45984,-75.7591,3.9790,3.9790,3.9790,1,city
61021,WESTOVER GOOSE CREEK,US-13 & SR-673,Westover,MD,38.12401,-75.70632,3.2590,3.2590,3.2590,1,city
61028,MARATHON,"US-10, EXIT 137",Bay City,MI,43.59447,-83.88886,3.2290,3.1990,3.2590,2,city
61030,HAGGERTY JOY MOBIL,I-275,Canton,MI,42.30865,-83.48216,3.6990,3.6990,3.6990,1,city
61032,MARATHON,US-10/US-127,Clare,MI,43.81947,-84.76863,3.2940,3.2890,3.2990,2,city
61034,MOTOR CITY TRUCK STOP,"I-75, EXIT 43",Detroit,MI,42.33143,-83.04575,3.4990,3.4990,3.4990,1,city
61037,HEARTLAND MOBIL,US-23,Fenton,MI,42.79781,-83.70495,3.8490,3.8490,3.8490,1,city
61038,SPEEDWAY #8753,"I-475, EXIT 4",Burton,MI,42.99947,-83.61634,3.2740,3.0890,3.3990,4,city
61042,CITGO,"US-131, EXIT 44",Kalamazoo,MI,42.29171,-85.58723,3.4990,3.4990,3.4990,1,city
61057,CIRCLE K #2746537,US-2 & US-41,Rapid River,MI,45.92691,-86.96708,3.4240,3.3190,3.4990,4,city
61063,PS Food Mart,I-69 EXIT 25,Tekonsha,MI,42.09338,-84.98581,3.5540,3.5190,3.5890,2,city
61076,Holiday StationStore #2746408,"I-35, EXIT 129",Forest Lake,MN,45.27886,-92.98522,3.3990,3.3990,3.3990,1,city
61080,CO-OP SERVICE,US-10 & CR-67,New York Mills,MN,46.51802,-95.37615,3.4990,3.4990,3.4990,1,city
61090,Northdale Oil,US-59 & SR-1,Thief River Falls,MN,48.11914,-96.18115,3.2390,3.2390,3.2390,1,city
61093,CIRCLE K #2746501,"I-90, EXIT 45 & SR-60",Worthington,MN,43.61996,-95.5964,3.1423,3.1423,3.1423,1,city
61099,LOVES TRAVEL STOP #488,"I-55, EXIT 157 & SR-32",Bloomsdale,MO,38.0095,-90.2179,3.3823,3.3823,3.3823,1,city
61102,FAST LANE #54,US-63,Columbia,MO,38.95171,-92.33407,3.2073,3.2073,3.2073,1,city
61106,TEMP STOP #102,US-54 & SR-52,Eldon,MO,38.34836,-92.58158,3.1990,3.1990,3.1990,1,city
61110,HB OF RANDOLPH,"I-435, EXIT 55B & SR-210",Kansas City,MO,39.09973,-94.57857,3.1490,3.1490,3.1490,1,city
61111,Caseys #4540,"I-35, EXIT 40 & SR-116",Lathrop,MO,39.54834,-94.32995,3.0757,3.0757,3.0757,1,city
61115,BREAK TIME #3071,US-24 & US-63,Moberly,MO,39.41837,-92.43824,3.4690,3.4690,3.4690,1,city
61118,MIDWEST PETROLEUM #21,"I-55, EXIT 129",Perryville,MO,37.72422,-89.86122,2.9907,2.9907,2.9907,1,city
61145,TEXACO,US-49 & US-98,Hattiesburg,MS,31.32712,-89.29034,3.1990,3.1990,3.1990,1,city
61146,STUCKEYS EXPRESS #619,"I-59, EXIT 113 & SR-528",Heidelberg,MS,31.88682,-88.98394,3.4990,3.4990,3.4990,1,city
61149,CEFCO #501,US-45,Lauderdale,MS,32.52069,-88.5117,2.8990,2.8990,2.8990,1,city
61168,Blue Sky #717,US-72 & SR-15,Walnut,MS,34.9462,-88.89978,3.0990,3.0990,3.0990,1,city
61171,CHEVRON CURB STORE,US-49 & SR-26,Wiggins,MS,30.85824,-89.13533,3.4990,3.4990,3.4990,1,city
61176,TOWN PUMP FOOD STORE #8947,US-2,Chinook,MT,48.59,-109.23128,3.6290,3.6290,3.6290,1,city
61182,TOWN PUMP FOOD STORE #3000,US-87,Lewistown,MT,47.06247,-109.42824,3.5990,3.5990,3.5990,1,city
61193,SPEEDWAY #8502,"I-75, EXIT 161 & CR-99",Findlay,OH,41.04422,-83.64993,3.2990,3.2990,3.2990,1,city
61195,MINUTEMAN FOOD MART #06,SR-24,Clinton,NC,34.99795,-78.32333,3.6490,3.6490,3.6490,1,city
61205,SPEEDWAY #6961,"I-40, EXIT 303",Garner,NC,35.71126,-78.61417,2.9207,2.9207,2.9207,1,city
61210,SHEETZ #548,US-29,Greensboro,NC,36.07264,-79.79198,2.8590,2.8590,2.8590,1,city
61254,7-ELEVEN #36075,"I-77, EXIT 65 & SR-901",Union Grove,NC,35.66516,-76.6091,2.8590,2.8590,2.8590,1,city
61266,CENEX CONVENIENCE STORE,US-2 & SR-19,Devils Lake,ND,48.11278,-98.86512,3.2490,3.2490,3.2490,1,city
61269,FLYING J #489,"I-29, EXIT 138",Grand Forks,ND,47.92526,-97.03285,3.6157,3.6157,3.6157,1,city
61271,MARATHON,"I-94, EXIT 292",Valley City,ND,46.92331,-98.00315,3.4990,3.4990,3.4990,1,city
61291,FLEMING OIL FOOD MART,ST 9,West Chesterfield,NH,42.90425,-72.51564,3.8990,3.8990,3.8990,1,city
61292,ENRITE,"I-95, EXIT 14A",Jersey City,NJ,40.72816,-74.07764,3.3490,3.3490,3.3490,1,city
61301,SUNOCO- WALT WHITMAN PLAZA #7007,"NJTP,MILE POST 30",Cherry Hill,NJ,39.93484,-75.03073,3.8990,3.8990,3.8990,1,city
61304,A Plus MOLLY PITCHER PLAZA #7011,MILE POST 71.7 NJ TURNPIKE SO,Cranbury,NJ,40.31622,-74.51376,3.9090,3.9090,3.9090,1,city
61305,BP,US-130,Cranbury,NJ,40.31622,-74.51376,3.1457,3.1457,3.1457,1,city
61308,CARLSTADT VALERO,SR-120,Carlstadt,NJ,40.84038,-74.0907,3.1990,3.1990,3.1990,1,city
61312,BLUE STAR,US-202 & SR-31,Flemington,NJ,40.51233,-74.85933,3.3990,3.3990,3.3990,1,city
61326,SUNOCO JAMES F COOPER PLAZA- #7008,MILEPOST 39 NJ TURNPIKE N,Mount Laurel,NJ,39.934,-74.891,3.9590,3.9590,3.9590,1,city
61328,KW RASTALL OIL,US-130,North Brunswick,NJ,40.454,-74.482,3.1990,3.1990,3.1990,1,city
61333,46 GAS AND TRUCK STOP,US-46,Palisades Park,NJ,40.84816,-73.99764,3.2357,3.2357,3.2357,1,city
61337,SUNOCO- JOHN FENWICK PLAZA #7006,"NJTP, MM 5",Penns Grove,NJ,39.72956,-75.46797,3.9090,3.9090,3.9090,1,city
61339,FUEL ONE,"I-78, EXIT 3 & US-22",Phillipsburg,NJ,40.69371,-75.19018,3.3590,3.3590,3.3590,1,city
61346,SUNOCO- ALEXANDER HAMILTON PLAZA #7016,NEW JERSEY TURNPIKE SOUTH MILEPOST 111.6,Secaucus,NJ,40.78955,-74.05653,3.8990,3.8990,3.8990,1,city
61357,KENT KWIK #501,US-70 & US-54,Alamogordo,NM,32.89953,-105.96027,2.9823,2.9823,2.9823,1,city
61364,HUNTINGTON BROADWAY CONOCO,US-64 BUS,Farmington,NM,36.72806,-108.21869,3.7990,3.7990,3.7990,1,city
61409,104 STORE,SR-370/SR-104,Red Creek,NY,43.24729,-76.72356,3.7990,3.7990,3.7990,1,city
61410,KWIK FILL #58,ST 15,Rochester,NY,43.15478,-77.61556,3.9840,3.9690,3.9990,2,city
61421,7-ELEVEN #40294,"I-80 WB, EXIT 139",Amherst,OH,41.39782,-82.22238,3.5323,3.5323,3.5323,1,city
61430,7-ELEVEN #40303,"I-90, EXIT 7",Clyde,OH,41.30422,-82.97519,3.6623,3.6623,3.6623,1,city
61431,7-ELEVEN #40304,"I-90, EXIT 7",Clyde,OH,41.30422,-82.97519,3.6623,3.6623,3.6623,1,city
61439,7-ELEVEN #40302,"I-75, EXIT 157",Genoa,OH,40.78284,-81.46651,3.6623,3.6623,3.6623,1,city
61449,7-ELEVEN #40297,"I-80, EXIT 13A",Mantua,OH,41.28394,-81.22399,3.5323,3.5323,3.5323,1,city
61450,7-ELEVEN #40298,I-80,Mantua,OH,41.28394,-81.22399,3.5323,3.5323,3.5323,1,city
61453,CITGO,"I-475, EXIT 6",Maumee,OH,41.56283,-83.65382,3.4990,3.4990,3.4990,1,city
61458,7-ELEVEN #40299,OHIO TNPK MM 237 & SR-26,New Springfield,OH,40.91728,-80.60618,3.5323,3.5323,3.5323,1,city
61459,7-ELEVEN #40300,"I-76, EXIT 157",New Springfield,OH,40.91728,-80.60618,3.5323,3.5323,3.5323,1,city
61461,S&G,"I-280, EXIT 7",Oregon,OH,41.64366,-83.48688,3.5990,3.5990,3.5990,1,city
61477,CHOCTAW NATION GRANT #633,US-271,Grant,OK,33.94316,-95.51357,2.9990,2.9990,2.9990,1,city
61483,CM SILVER DOLLAR,"I-220, EXIT 7",Shreveport,LA,32.52515,-93.75018,3.2990,3.2990,3.2990,1,city
61492,SPRINGER TRAVEL PLAZA,I-35 EXIT 40,Springer,OK,34.31454,-97.14279,2.9157,2.9157,2.9157,1,city
61508,7-ELEVEN #40275,"I-70 & I-76 NB, MM 147",Bedford,PA,40.01869,-78.50391,4.1990,4.1990,4.1990,1,city
61509,7-ELEVEN #40275,"I-70/I-76 SB, MM 147",Bedford,PA,40.01869,-78.50391,4.1990,4.1990,4.1990,1,city
61511,MIDWAY FUEL AND TRUCK WASH,"I-78/US-22, EXIT 16",Bethel,PA,40.47454,-76.29134,3.3640,3.3640,3.3640,1,city
61515,Carlisle Fuel Stop,"I-81, EXIT 52",Carlisle,PA,40.20148,-77.18887,3.3590,3.3590,3.3590,1,city
61540,S&P Oil,US-13,Levittown,PA,40.15511,-74.82877,3.8157,3.8157,3.8157,1,city
61559,7-ELEVEN #40273,34 MILE WEST OF EXIT 11/146,Somerset,PA,40.00841,-79.07808,4.2073,4.2073,4.2073,1,city
61560,7-ELEVEN #40272,"I-70 & 76, EXIT 10",Somerset,PA,40.00841,-79.07808,4.2073,4.2073,4.2073,1,city
61567,7-ELEVEN #35774,"I-76, EXIT 5/48",Verona,PA,40.50646,-79.8431,4.2073,4.2073,4.2073,1,city
61569,KWIK FILL #295,US-6 BUS,Warren,PA,41.84395,-79.14504,4.6990,4.6990,4.6990,1,city
61570,7-ELEVEN #40276,"I-76, EXIT 12/161 & SR-655",Waterfall,PA,40.12758,-78.06278,4.1990,4.1990,4.1990,1,city
61571,7-ELEVEN #40280,MILE MARKER 55 NE EXT PENN TPKE,Allentown,PA,40.60843,-75.49018,3.5890,3.5890,3.5890,1,city
61594,SPINX #138 (DISCOUNT AVAILABLE),"I-85, EXIT 44",Greenville,SC,34.85262,-82.39401,3.0423,3.0423,3.0423,1,city
61595,CORNER MART 3338,"I-85, EXIT 44",Greenville,SC,34.85262,-82.39401,2.9070,2.9070,2.9070,1,city
61596,HOT SPOT #2009,US-25/US-178 & SR-225,Greenwood,SC,34.1954,-82.16179,2.9390,2.9390,2.9390,1,city
61597,SPINX #121,"I-85, EXIT 56",Greer,SC,34.93873,-82.22706,3.1657,3.1657,3.1657,1,city
61598,Shell,SR-41,Hemingway,SC,33.75378,-79.44756,3.1990,3.1990,3.1990,1,city
61599,HOT SPOT #2013,"I-26, EXIT 10",Inman,SC,35.04706,-82.09011,3.1490,3.1490,3.1490,1,city
61605,HOT SPOT #2028,US-76/US-301,Marion,SC,34.17822,-79.40061,2.9990,2.9990,2.9990,1,city
61616,PILOT #4578,"I-77, EXIT 48 & SC-200",Winnsboro,SC,34.3807,-81.08648,3.4090,3.4090,3.4090,1,city
61621,CUBBYS #401,"I-90 , EXIT 332 & SR-37",Mitchell,SD,43.70943,-98.0298,3.1490,3.1490,3.1490,1,city
61625,PRARIE STOP,US-212 & SR-20,Watertown,SD,44.89941,-97.11507,3.2790,3.2790,3.2790,1,city
61633,ECO TRAVEL PLAZA,"I-40, EXIT 320 & SR-298",Crossville,TN,35.94896,-85.0269,3.0257,3.0257,3.0257,1,city
61642,PILOT TRAVEL CENTERS #252,"I-35, EXIT 26",Kearney,MO,39.36778,-94.36217,3.6990,3.6990,3.6990,1,city
61646,SHELL,"I-40, EXIT 35 & SR-59",Mason,TN,35.41175,-89.53285,3.5490,3.5490,3.5490,1,city
61651,LEES FOOD MART #123,"I-81, EXIT 23 AT MILE 23",Bulls Gap,TN,36.25704,-83.086,3.2590,3.2590,3.2590,1,city
61654,MAJOR MARKETS #276,US-51/SR-3,Ripley,TN,35.74536,-89.5298,3.7990,3.7990,3.7990,1,city
61656,PHILLIPS 66,US-51,Union City,TN,36.42423,-89.05701,3.3823,3.3823,3.3823,1,city
61660,MARATHON,"I-40, EXIT 108",Wildersville,TN,35.78145,-88.36032,3.0990,3.0990,3.0990,1,city
61684,WOODYS FOOD MART,"I-45 & SR-7, EXIT 164",Centerville,TX,31.25796,-95.97829,2.8457,2.8457,2.8457,1,city
61730,STRIPES 7FLEET #42430,"I-20, EXIT 131",Midland,TX,31.99735,-102.07791,3.5690,3.5690,3.5690,1,city
61747,TEX-BEST #504,"I-35, EXIT 141",Von Ormy,TX,29.28913,-98.64446,3.1573,3.1573,3.1573,1,city
61751,ALLSUPS CONVENIENCE STORE #2264,SR-214,Seminole,TX,32.71899,-102.64491,3.0940,3.0940,3.0940,1,city
61761,ALLSUPS CONVENIENCE STORE #2304,"I-40, EXIT 36 & US-385",Vega,TX,35.24283,-102.42826,2.9990,2.9990,2.9990,1,city
61763,ALLSUPS CONVENIENCE STORE #2283,"I-20, EXIT 73",Wickett,TX,31.57013,-103.00099,2.8990,2.8990,2.8990,1,city
61787,DUCK THRU FOOD STORE #5,US-258,Franklin,VA,36.67765,-76.92246,3.4990,3.4990,3.4990,1,city
61796,EXXON,US-220,Martinsville,VA,36.69153,-79.87254,3.3750,3.3750,3.3750,1,city
61799,CIRCLE K #2723712,"I-77, EXIT 52 & US-52/SR-42",Bland,VA,37.10206,-81.1162,3.3757,3.3757,3.3757,1,city
61804,CARTERS ONE STOP,"I-95 & SR-301, EXIT 31 & SR-40",Stony Creek,VA,36.94793,-77.40081,2.9590,2.9590,2.9590,1,city
61806,LANKFORD TRUCK PLAZA,US-13 & CR-646,Townsend,VA,37.18459,-75.95826,3.3990,3.3990,3.3990,1,city
61819,CHEVRON,"I-5, EXIT 36",Longview,WA,46.13817,-122.93817,4.4990,4.4990,4.4990,1,city
61830,APPLETON TRAVEL PLAZA,SR-96,Appleton,WI,44.26193,-88.41538,3.4057,3.4057,3.4057,1,city
61832,BARRON FARMERS UNION,"US-8, EXIT 53",Barron,WI,45.40135,-91.84906,3.6390,3.6390,3.6390,1,city
61835,BRISTOL BP,"I-94, EXIT 345 & US-45",Bristol,WI,42.55891,-88.04925,3.7190,3.7190,3.7190,1,city
61843,KWIK TRIP #332,SR-33,Horicon,WI,43.45138,-88.63121,3.2157,3.2157,3.2157,1,city
61849,KWIK TRIP #306,"I-94, EXIT 259 & SR-89",Lake Mills,WI,43.08139,-88.91177,3.4323,3.4323,3.4323,1,city
61862,KWIK TRIP #781,SR-21,Redgranite,WI,44.04192,-89.09845,3.3523,3.3523,3.3523,1,city
61867,KWIK TRIP #318,SR-27 & SR-16/SR-71,Sparta,WI,43.94413,-90.81291,3.3423,3.3423,3.3423,1,city
61877,CASEYS #3715,SR-59,Whitewater,WI,42.83362,-88.73233,3.2990,3.2990,3.2990,1,city
61879,KWIK TRIP #347,SR-13,Wisconsin Rapids,WI,44.38358,-89.81735,3.3123,3.3123,3.3123,1,city
61880,KWIK TRIP #310,SR-13/SR-73,Wisconsin Rapids,WI,44.38358,-89.81735,3.2623,3.2623,3.2623,1,city
61968,FLYING J TRAVEL PLAZA #701,"I-35, EXIT 33",Ardmore,OK,34.17426,-97.14363,3.6590,3.6590,3.6590,1,city
62008,LOVES TRAVEL STOP #366,"I-81, EXIT 90",Jonestown,PA,40.4137,-76.4783,3.8573,3.8573,3.8573,1,city
62075,FLYING J TRAVEL PLAZA #657,US-283/US-50/US-56 & US-400,Dodge City,KS,37.7528,-100.01708,3.7990,3.7990,3.7990,1,city
62097,FLASH MARKET #17046,US-65/SR-9,Clinton,AR,35.59147,-92.46044,3.2390,3.2390,3.2390,1,city
62211,STUBS GAS AND OIL,"I-76, EXIT 66",Wiggins,CO,40.23054,-104.07273,3.5590,3.5590,3.5590,1,city
62238,Circle K #2726278,SR-207,Hastings,FL,29.71802,-81.50813,3.5690,3.5690,3.5690,1,city
62283,Circle K #2745099,US-23 & US-341/SR-27,Hazlehurst,GA,31.86963,-82.5943,3.5290,3.5290,3.5290,1,city
62316,BP,US-20,Delaware,IA,42.47527,-91.34542,3.2990,3.2990,3.2990,1,city
62355,MINIT MART #600630,"I-39, EXIT 14",El Paso,IL,40.7392,-89.01646,3.6390,3.5990,3.6790,2,city
62370,7-ELEVEN #34712,I-90 Exit 24,Belvidere,IL,42.26391,-88.84427,3.7390,3.7390,3.7390,1,city
62399,Rebel Plus #882,"I-80, EXIT 101",Bristol,IN,41.72144,-85.81749,3.5757,3.5757,3.5757,1,city
62462,HAWESWAY TRUCKSTOP,US-60,Owensboro,KY,37.77422,-87.11333,3.5990,3.5990,3.5990,1,city
62467,SUPER QUIK #9,"I-64, EXIT 181",Ashland,KY,38.47841,-82.63794,3.6690,3.6690,3.6690,1,city
62480,CM GALLIANO,US-167,Cut Off,LA,29.54272,-90.33814,3.4990,3.4990,3.4990,1,city
62487,Fred's Food Mart,US-61,Saint Francisville,LA,30.7799,-91.3765,3.7990,3.7990,3.7990,1,city
62500,CASH MAGIC VINTON,"I-10, EXIT 4 & SR-109",Vinton,LA,30.19076,-93.58127,3.2840,3.2840,3.2840,1,city
62547,MARATHON,SR-32W,Gaylord,MI,45.02751,-84.67475,3.7990,3.7990,3.7990,1,city
62550,Sunoco,"I-275, EXIT 11",New Boston,MI,42.16254,-83.40299,3.4190,3.3990,3.4390,2,city
62559,EXPRESS FOOD DEPOT,"I-94, EXIT 266",Smiths Creek,MI,42.91392,-82.60381,3.6590,3.6290,3.7190,3,city
62560,ONE9 #23,"I-96, EXIT 67",Ionia,MI,42.98725,-85.07112,3.4690,3.4390,3.4990,2,city
62701,PILOT TRAVEL CENTERS #408,"I-68, EXIT 22",Grantsville,MD,39.69508,-79.15114,4.2590,4.2590,4.2590,1,city
62710,TOWN PUMP FOOD STORE #922,"I-90, EXIT 370 &SR-10",Big Timber,MT,45.83494,-109.95546,3.4790,3.4790,3.4790,1,city
62753,PETRO SERVE USA,US-10,West Fargo,ND,46.87497,-96.90036,3.0290,3.0290,3.0290,1,city
62768,PUMP & PANTRY #34,US-20 & SR-27,Gordon,NE,42.80472,-102.20322,3.4490,3.4490,3.4490,1,city
62774,MR MIKES MINI MART,SR-9,Northwood,NH,43.19425,-71.1509,3.5990,3.5990,3.5990,1,city
62790,7-ELEVEN #40084,US-46/US-1/US-9,Palisades Park,NJ,40.84816,-73.99764,3.0990,3.0990,3.0990,1,city
62800,A ONE TRUCK STOP,US-9,South Amboy,NJ,40.47788,-74.2907,3.4990,3.4990,3.4990,1,city
62817,LOVES TRAVEL STOP #364,I-75 EXIT 33,Charleston,TN,35.2873,-84.75827,3.5890,3.5890,3.5890,1,city
62824,FLYING J TRAVEL PLAZA #1005,"I-80, EXIT 48",Fernley,NV,39.60797,-119.25183,3.9157,3.9157,3.9157,1,city
62841,SPEEDWAY #9912,"I-81, EXIT 10",Mc Graw,NY,42.59618,-76.09326,4.3090,4.3090,4.3090,1,fuzzy
62844,CIRCLE K #4707612,"I-81, EXIT 14",Tully,NY,42.79812,-76.10937,4.0490,3.7990,4.2990,2,city
62850,GANSEVOORT MINI MART,"I-87, EXIT 17",Gansevoort,NY,43.19618,-73.65178,3.7690,3.7590,3.7790,2,city
62887,SPEEDWAY #9367,"I-275, EXIT 42",Cincinnati,OH,39.12711,-84.51439,3.1257,3.1257,3.1257,1,city
62911,DAVIS TRAVEL CENTER #108,"I-85, EXIT 39",Warfield,VA,36.8957,-77.82583,3.0990,3.0990,3.0990,1,city
62918,CIRCLE K #4705567,ST 91,Twinsburg,OH,41.31256,-81.44011,3.6323,3.6323,3.6323,1,city
62991,ONVO TRAVEL PLAZA,"I-84, EXIT 17",Lake Ariel,PA,41.45397,-75.38268,3.5857,3.5857,3.5857,1,city
62996,MARTIN GENERAL STORE,US-22,Alexandria,PA,40.55646,-78.09778,3.5390,3.5390,3.5390,1,city
63013,TA WEST GREENWICH,"I-95, EXIT 5B",West Greenwich,RI,41.637,-71.66004,3.7657,3.7657,3.7657,1,city
63018,CIRCLE K #2723354,"I-526, EXIT 18A & US-78",Charleston,SC,32.77632,-79.93275,3.2990,3.2990,3.2990,1,city
63126,PWI #120,"I-10, EXIT 593",Schertz,TX,29.55217,-98.26973,2.9257,2.9257,2.9257,1,city
63193,Shell,US-29,Warrenton,VA,38.71345,-77.79527,3.2573,3.2573,3.2573,1,city
63211,OMAK MART,US-97 & SR-215,Omak,WA,48.41099,-119.52755,4.1490,4.1490,4.1490,1,city
63246,Petro Stopping Center #368,"I-94, EXIT 333",Sturtevant,WI,42.69807,-87.89452,3.8890,3.8890,3.8890,1,city
63313,MARION TRAVEL CENTER,I-55 EXIT 14,Marion,AR,35.21453,-90.19648,3.1990,3.1990,3.1990,1,city
63330,CIRCLE K #2723678,SR-53,Rome,GA,34.25704,-85.16467,3.0623,3.0623,3.0623,1,city
63336,ROAD RANGER #118,"I-72 & I-55, EXIT 100-A",Springfield,IL,39.80172,-89.64371,3.3540,3.2990,3.4090,2,city
63349,FLYING J TRAVEL PLAZA #662,"I-24, EXIT 86",Oak Grove,KY,37.34421,-86.75471,3.1523,3.1523,3.1523,1,city
63351,76 FUEL CENTER,"I-75, EXIT 76",Berea,KY,37.56869,-84.29632,2.9990,2.9990,2.9990,1,city
63353,LOVES TRAVEL STOP #367,"I-74, EXIT 149",Le Roy,IL,40.35198,-88.76424,3.5190,3.3890,3.5890,4,city
63376,Circle K #2746246,US-169 & SR-41,Shakopee,MN,44.79802,-93.5269,3.5990,3.5990,3.5990,1,city
63379,Petro Stopping Center #460,"I-70, EXIT 28",Oak Grove,MO,39.00501,-94.12939,3.2123,3.2123,3.2123,1,city
63388,CIRCLE K #2723471,"I-95, EXIT 121",Wilson,NC,35.72127,-77.91554,3.1990,3.1990,3.1990,1,city
63391,FLYING J TRAVEL PLAZA #687,"I-80, EXIT 179",North Platte,NE,41.12389,-100.76542,3.4490,3.4490,3.4490,1,city
63409,FLYING J TRAVEL PLAZA #693,"I-90, EXIT 48A; PEMBROKE, NY",Corfu,NY,42.96006,-78.40558,3.8890,3.8890,3.8890,1,city
63428,FLYING J TRAVEL PLAZA #702,"I-40, EXIT 264B",Checotah,OK,35.4701,-95.52304,3.6990,3.6990,3.6990,1,city
63442,Flying J Travel Plaza #720,"I-40, EXIT 182",Fairview,TN,35.98201,-87.1214,3.1857,3.1857,3.1857,1,city
63455,FLYING J TRAVEL PLAZA #752,"I-81, EXIT 323",Clear Brook,VA,39.25649,-78.09611,3.6590,3.6590,3.6590,1,city
63456,SHELL,"I-85, EXIT 61",Petersburg,VA,37.22793,-77.40193,3.2007,3.2007,3.2007,1,city
63495,DECAUTER SHELL TRUCK STOP,"I-35, EXIT 369",Decatur,TX,33.23428,-97.58614,2.9157,2.9157,2.9157,1,city
63498,PILOT #6955,I-40/I-85 EXIT 150,Haw River,NC,36.09153,-79.36419,3.9590,3.9590,3.9590,1,city
63500,SPEEDWAY #8723,"I-75, EXIT 144B",Bridgeport,MI,43.35947,-83.88164,3.3190,3.2490,3.4690,4,city
63501,LOVES TRAVEL STOP #407,I-81 EXIT 52B OR I-76 EXIT 226,Carlisle,PA,40.20148,-77.18887,4.0990,4.0990,4.0990,1,city
63502,FLYING J TRAVEL PLAZA #704,I-35 & 122ND ST,Edmond,OK,35.65283,-97.4781,3.3057,3.3057,3.3057,1,city
63506,KWIK TRIP #342,"I-39, EXIT 159",Stevens Point,WI,44.52358,-89.57456,3.5590,3.5590,3.5590,1,city
63509,PILOT TRAVEL CENTER #4557,"I-85, EXIT 166",Carnesville,GA,34.36983,-83.23516,3.2057,3.1723,3.2390,2,city
63510,PILOT #4584,"I-95, EXIT 181",Latta,SC,34.3371,-79.43116,3.3490,3.3490,3.3490,1,city
63511,PILOT #4576,"I-95, EXIT 82",Saint George,SC,33.186,-80.57565,3.5190,3.5190,3.5190,1,city
63512,SPEEDWAY #7929,"I-40, EXIT 208",Colfax,NC,36.11264,-80.01448,2.8540,2.8540,2.8540,1,city
63516,SHEETZ #701,"I-81, EXIT 273",Mount Jackson,VA,38.74595,-78.64224,2.8740,2.8740,2.8740,1,city
63517,TA LINCOLN TRAVEL CENTER,"I-20, EXIT 168 & SR-77",Lincoln,AL,33.61316,-86.11831,3.0840,3.0840,3.0840,1,city
63519,PILOT TRAVEL CENTERS #243,"I-64, EXIT 45 & SR-25",Nitro,WV,38.41481,-81.84402,3.6257,3.6257,3.6257,1,city
63522,Pilot Travel Centers #411,"I-40, EXIT 238 & US-231",Lebanon,TN,36.20811,-86.2911,3.2457,3.2457,3.2457,1,city
63523,PILOT TRAVEL CENTERS #441,"I-65, EXIT 334",Decatur,AL,34.60593,-86.98334,3.8590,3.8590,3.8590,2,city
63524,PILOT TRAVEL CENTERS #416,"I-75/SR-401, EXIT 101",Cordele,GA,31.96351,-83.78239,3.3090,3.2857,3.3323,2,city
63530,BIG EASY TRAVEL PLAZA,"I-10, EXIT 239-B",New Orleans,LA,29.95465,-90.07507,3.7990,3.7990,3.7990,1,city
63532,FUELSMART,SR-165,Muskogee,OK,35.74788,-95.36969,3.2523,3.2523,3.2523,1,city
63533,FLYING J TRAVEL PLAZA #638,"I-84, EXIT 29",Caldwell,ID,43.66294,-116.68736,3.7873,3.7873,3.7873,1,city
63538,SUAMICO CITGO,"US-41/US-141, EXIT 176 & CR-B",Suamico,WI,44.63194,-88.03927,3.2690,3.2690,3.2690,1,city
63540,GAS N GO,"I-75, EXIT 149",Byron,GA,32.65376,-83.75963,3.1723,3.1723,3.1723,1,city
63545,LOVES TRAVEL STOP #397,"I-85, EXIT 104",Blacksburg,SC,35.12124,-81.51592,3.4190,3.4190,3.4190,1,city
63546,CITGO QUIK MART,SR/15 & SR-68,Tennille,GA,32.93599,-82.81153,3.4657,3.4657,3.4657,1,city
63563,PILOT TRAVEL CENTERS #209,"I-10, EXIT 140",Van Horn,TX,31.04029,-104.83073,3.6590,3.6590,3.6590,1,city
63564,PILOT TRAVEL CENTERS #213,"I-70, EXIT 94 (WILSON ROAD)",Columbus,OH,39.96118,-82.99879,3.5090,3.5090,3.5090,1,city
63565,LOVES TRAVEL STOP #296,"I-8, EXIT 115 & SR-85",Gila Bend,AZ,32.94782,-112.71683,3.8890,3.8890,3.8890,1,city
63566,PORT ALLEN TRUCKSTOP,"I-10, EXIT 151 & SR-415",Port Allen,LA,30.45214,-91.21011,3.2590,3.2590,3.2590,1,city
63568,FLYING J TRAVEL PLAZA #658,"I-35, EXIT 127",Emporia,KS,38.4039,-96.18166,3.2523,3.2523,3.2523,1,city
63569,PILOT TRAVEL CENTERS #893,"I-80, EXIT 40 (US-59)",Avoca,IA,41.47666,-95.33805,3.6590,3.6590,3.6590,2,city
63570,PILOT TRAVEL CENTERS #287,"I-71, EXIT 204 & SR-83",Burbank,OH,40.98867,-81.99487,3.6990,3.6990,3.6990,1,city
63571,Palace Truckstop,"I-10, EXIT 246 & I-510, EXIT 2C",New Orleans,LA,29.95465,-90.07507,3.2990,3.2990,3.2990,1,city
63572,PILOT TRAVEL CENTERS #211,"I-40, EXIT 9 & SR-95",Lake Havasu City,AZ,34.4839,-114.32245,3.9240,3.8490,3.9990,2,city
63574,PILOT TRAVEL CENTERS #232,"I-84, EXIT 376A",Ontario,OR,44.02655,-116.96294,3.6990,3.6990,3.6990,1,city
63575,OKEMAH TRAVEL CENTER,"I-40, EXIT 221 (ST 27)",Okemah,OK,35.43259,-96.30501,2.8790,2.8790,2.8790,1,city
63577,PILOT TRAVEL CENTERS #236,"I-80, EXIT 122",Minooka,IL,41.45531,-88.26173,3.7990,3.7990,3.7990,2,city
63579,301 PLAZA,US-301 & SR-299,Middletown,DE,39.44956,-75.71632,3.2390,3.2390,3.2390,1,city
63580,FLYING J TRAVEL PLAZA #637,"I-380, EXIT 68",Evansdale,IA,42.46915,-92.28102,3.7790,3.7790,3.7790,1,city
63581,CASEYS #4453,"I-75, EXIT 120",Lexington,KY,37.98869,-84.47772,3.2240,3.2240,3.2240,1,city
63582,T BONE TRUCK STOP,US-30,Columbus,NE,41.42973,-97.36838,3.0990,3.0990,3.0990,1,city
63583,CUBBYS #110,"I-80, EXIT 353",Columbus,NE,41.42973,-97.36838,3.1790,3.1790,3.1790,1,city
63584,PILOT TRAVEL CENTERS #417,"I-20, EXIT 19",Temple,GA,33.73705,-85.03244,3.4190,3.3890,3.4490,2,city
63586,LOVES TRAVEL STOP #295,US-412 & US-69,Chouteau,OK,36.18593,-95.34302,3.2907,3.2907,3.2907,1,city
63587,24/7 TRAVEL PLAZA,"I-135, EXIT 92",Salina,KS,38.84028,-97.61142,2.9740,2.9740,2.9740,1,city
63588,KWIK TRIP #686,"I-94, EXIT 333/US-41 & SR-20",Sturtevant,WI,42.69807,-87.89452,3.7690,3.7690,3.7690,1,city
63594,PILOT TRAVEL CENTERS #49,"I-24, EXIT 89",Oak Grove,KY,37.34421,-86.75471,3.1523,3.1523,3.1523,1,city
63595,SPEEDWAY #5236,"I-75, EXIT 122",Lima,OH,40.74255,-84.10523,3.2557,3.2557,3.2557,1,city
63596,PILOT TRAVEL CENTERS #442,"I-55, EXIT 19",Hayti,MO,36.23368,-89.74953,3.2557,3.2557,3.2557,1,city
63597,PILOT TRAVEL CENTERS #163,"I-10, EXIT 24",Lordsburg,NM,32.35036,-108.70866,3.4390,3.4390,3.4390,1,city
63598,PILOT TRAVEL CENTERS #164,"I-90/I-94, EXIT 69 & SR-82",Mauston,WI,43.79719,-90.07735,3.2990,3.2990,3.2990,1,city
63599,PWI #978,"I-215, EXIT 21",Salt Lake City,UT,40.76078,-111.89105,3.3590,3.3590,3.3590,1,city
63600,PILOT TRAVEL CENTERS #77,"I-55 /I-20, EXIT 45",Jackson,MS,32.29876,-90.18481,3.1490,3.1490,3.1490,1,city
63601,PILOT TRAVEL CENTERS #206,"I-20, EXIT 406",Weatherford,TX,32.7593,-97.79725,3.2090,3.2090,3.2090,1,city
63602,LOVES TRAVEL STOP #285,I-40 EXIT 277,Santa Rosa,NM,34.93867,-104.68249,3.4740,3.4740,3.4740,1,city
63603,LOVES TRAVEL STOPS #290,US-59/US-69/S LOOP 287 & FM-841,Lufkin,TX,31.33824,-94.7291,3.6490,3.6490,3.6490,2,city
63604,7-ELEVEN #40363,US-17/SR-15 & SR-100,Palatka,FL,29.64858,-81.63758,3.3640,3.3640,3.3640,1,city
63605,FLYING J TRAVEL PLAZA #663,"I-64, EXIT 43 & SR-395",Waddy,KY,38.13702,-85.0744,3.7590,3.7590,3.7590,1,city
63606,FLYING J TRAVEL PLAZA #652,"I-65/US-52, EXIT 139 & SR-39",Lebanon,IN,40.04837,-86.46917,3.6407,3.6407,3.6407,1,city
63607,ROAD RANGER #209,"I-90/94,  EXIT 48",Oakdale,WI,43.95969,-90.3818,3.2340,3.2340,3.2340,1,city
63608,ROAD RANGER #206,US-20,Winnebago,IL,42.26613,-89.24122,3.2890,3.2190,3.2990,3,city
63609,ROAD RANGER #203,US-20 & SR-2,Rockford,IL,42.27113,-89.094,3.2890,3.2190,3.2990,3,city
63612,FLYING J TRAVEL PLAZA #622,"I-95/SR-9, EXIT 131 & SR-68 & SR-713",Fort Pierce,FL,27.44671,-80.32561,3.4990,3.4990,3.4990,1,city
63613,FLYING J TRAVEL PLAZA #690,"I-10/US-70, EXIT 24",Lordsburg,NM,32.35036,-108.70866,3.4390,3.4390,3.4390,1,city
63614,PILOT TRAVEL CENTERS #446,"I-69, EXIT 234",Daleville,IN,40.12115,-85.55803,3.5815,3.5140,3.6490,2,city
63615,One9 #1413,"I-81, EXIT 101",Dublin,VA,37.10568,-80.68534,3.2423,3.2423,3.2423,1,city
63616,SPEEDWAY #8876,"US-23, EXIT 50",Whitmore Lake,MI,42.4397,-83.7453,3.6240,3.4990,3.7490,2,city
63619,PILOT TRAVEL CENTERS #428,"I-20, EXIT 112",West Monroe,LA,32.51848,-92.14764,3.2057,3.2057,3.2057,1,city
63620,LOVES TRAVEL STOP #420,"I-20, EXIT 47",Flowood,MS,32.30959,-90.13898,3.1490,3.1490,3.1490,1,city
63621,FUEL CITY FRIENDLYS,"I-35E, EXIT 435",Dallas,TX,32.78306,-96.80667,2.9657,2.9657,2.9657,1,city
63623,PILOT TRAVEL CENTERS #90,"I-95/SR-9, EXIT 129 & SR-91, EXIT 152 & SR-70",Fort Pierce,FL,27.44671,-80.32561,3.4890,3.4590,3.5190,2,city
63624,FROG CITY TRAVEL PLAZA,"I-10, EXIT 87",Rayne,LA,30.23493,-92.26846,3.3657,3.3657,3.3657,1,city
63625,FLYING J TRAVEL PLAZA #688,"I-295, DEEP WATER STREET",Penns Grove,NJ,39.72956,-75.46797,3.9890,3.9890,3.9890,1,city
63627,PILOT TRAVEL CENTERS #174,I-78 & SR-15,New Albany,MS,34.49427,-89.00784,3.8590,3.8590,3.8590,1,city
63628,PILOT TRAVEL CENTERS #75,"I-65, EXIT 19 & US-43/SR-13",Satsuma,AL,30.85324,-88.05611,3.1970,3.1950,3.1990,2,city
63629,SPEEDWAY #4523,"I-94, EXIT 88",Osseo,WI,44.57218,-91.22738,3.5457,3.5457,3.5457,1,city
63630,TA DENVER EAST TRAVEL CENTER,"I-70 & I-270, EXIT 278",Commerce City,CO,39.80832,-104.93387,3.3757,3.3757,3.3757,1,city
63635,SAPP BROS TRAVEL CENTER,"I-70, EXIT 295",Junction City,KS,39.02861,-96.8314,3.7090,3.7090,3.7090,1,city
63636,PILOT TRAVEL CENTERS #279,"I-19, EXIT 12 & SR-289",Rio Rico,AZ,31.47148,-110.97648,3.6365,3.6140,3.6590,2,city
63637,PILOT TRAVEL CENTERS #454,"I-70, EXIT 79",London,OH,39.88645,-83.44825,3.5090,3.5090,3.5090,1,city
63639,PILOT TRAVEL CENTERS #444,"I-70, EXIT 23",Brazil,IN,39.52365,-87.12502,3.9390,3.9390,3.9390,2,city
63640,SUPER EXPRESS STOP,"I-64, EXIT 113",Mount Sterling,KY,38.05647,-83.94326,3.8590,3.8590,3.8590,1,city
63641,FLYING J TRAVEL PLAZA #625,"I-4/SR-400, EXIT 10 & SR-579",Seffner,FL,27.98363,-82.27565,3.4423,3.4423,3.4423,1,city
63642,COLTS QUICK DRAW,"I-40, EXIT 125 & US-65/SR-25",Greenbrier,AR,35.23397,-92.38765,3.3073,3.3073,3.3073,1,city
63648,CIRCLE K #2723333,"I-75, EXIT 216",Mcdonough,GA,33.44734,-84.14686,3.2090,3.2090,3.2090,1,city
63649,ONE TRIP,US-84,Homerville,GA,31.0366,-82.74708,3.4423,3.4423,3.4423,1,city
63651,CIRCLE K #2723346,US-29/S8,Athens,GA,33.96095,-83.37794,3.3990,3.3990,3.3990,1,city
63652,CASEYS #3292,"I-380, EXIT 43 & US-20",Independence,IA,42.4686,-91.88934,3.5990,3.5990,3.5990,1,city
63653,FLYING J TRAVEL PLAZA #760,US-30 & SR-232,Cokeville,WY,42.08244,-110.95519,3.8990,3.8990,3.8990,1,city
63661,FLYING J TRAVEL PLAZA #677,"US-78, EXIT 6",Olive Branch,MS,34.96176,-89.82953,3.2857,3.2857,3.2857,1,city
63662,PILOT TRAVEL CENTERS #267,"I-75, EXIT 146",Byron,GA,32.65376,-83.75963,3.3757,3.3657,3.3857,2,city
63667,CIRCLE K #2723875,SR-41/SR-45,Jamestown,SC,33.286,-79.69257,2.9740,2.9740,2.9740,1,city
63668,PILOT #4579,"I-26, EXIT 139",Saint Matthews,SC,33.66488,-80.77787,3.5090,3.5090,3.5090,1,city
63669,One9 #1248,"I-45, EXIT 271",Wilmer,TX,32.58902,-96.68527,2.7557,2.7557,2.7557,1,city
63671,WESTERN TRAVEL TERMINAL,US-26 & US-85,Torrington,WY,42.06246,-104.18439,3.3990,3.3990,3.3990,1,city
63676,CORNER EXPRESS,ST 55,Wellston,MI,44.21695,-85.95785,3.4990,3.4990,3.4990,1,city
63680,ALLTOWN MARKETS-FLYING J #896,I-93 EXIT 11 & SR 3A,Bow,NH,43.13203,-71.54924,4.0990,4.0990,4.0990,1,city
63685,RIVER HEIGHTS GROCERY,US-64/SR-69/SR-15,Crump,TN,35.22175,-88.31809,3.0990,3.0990,3.0990,1,city
63690,LOVES TRAVEL STOP #277,"I-30, EXIT 46",Prescott,AR,33.80261,-93.38101,3.4757,3.4757,3.4757,1,city
63691,JIMMIES AUTO TRUCK PLAZA,"I-10, EXIT 262",Lee,FL,30.41996,-83.30113,3.8473,3.8473,3.8473,1,city
63694,PILOT TRAVEL CENTERS #261,"I-55, EXIT 186",Winona,MS,33.48207,-89.72814,3.4990,3.4990,3.4990,1,city
63695,FLYING J TRAVEL PLAZA #634,"I-20/SR-402, EXIT 19 & SR-113",Temple,GA,33.73705,-85.03244,3.4190,3.4190,3.4190,1,city
63697,MILLER MART #40,"I-64, EXIT 255B",Newport News,VA,36.98038,-76.42975,3.3057,3.3057,3.3057,1,city
63699,DEWITT TRAVEL MART,"US-30, EXIT 313",De Witt,IA,41.82336,-90.53819,3.5990,3.5990,3.5990,1,city
63700,WIXOM FUEL STOP,"I-96, EXIT 159",Wixom,MI,42.52476,-83.53633,3.9990,3.9990,3.9990,1,city
63701,FLYING J TRAVEL PLAZA #742,"I-80, EXIT 98/99",Tooele,UT,40.53078,-112.29828,3.7590,3.7590,3.7590,1,city
63702,QUICK FUEL #2501,"I-264, EXIT 14",Louisville,KY,38.25424,-85.75941,3.0823,3.0823,3.0823,1,city
63703,QUICK FUEL #2303,"I-71, EXIT 104/FRANK RD EXIT",Columbus,OH,39.96118,-82.99879,3.5657,3.5657,3.5657,1,city
63704,QUICK FUEL #2301,"I-275, EXIT 44",Cincinnati,OH,39.12711,-84.51439,3.2390,3.2390,3.2390,1,city
63706,QUICK FUEL #1003,"I-41/US-45, EXIT 45 & CR-EE",Milwaukee,WI,43.0389,-87.90647,3.4257,3.4257,3.4257,1,city
63715,FLYING J TRAVEL PLAZA #772,"I-215, EXIT 28",North Salt Lake,UT,40.84856,-111.90688,3.7323,3.7323,3.7323,1,city
63716,EXPRESS LANE #34,"I-39, EXIT 115",Rockford,IL,42.27113,-89.094,3.6490,3.5490,3.7490,2,city
63718,ROAD RANGER #210,"I-39/US-51, EXIT 99 & SR-38",Rochelle,IL,41.92392,-89.06871,3.6990,3.6990,3.6990,1,city
63720,FLYING J TRAVEL PLAZA #611,"I-10, EXIT 137",Phoenix,AZ,33.44838,-112.07404,3.5890,3.5890,3.5890,1,city
63721,ROAD RUNNER TRAVEL CENTER,I-69E/US-77 & CR-892,Robstown,TX,27.7903,-97.66888,3.3490,3.3490,3.3490,1,city
63722,LOVES TRAVEL STOP #240,"I-10, EXIT 151 & SR-415",Port Allen,LA,30.45214,-91.21011,3.2323,3.2323,3.2323,1,city
63724,LOVES TRAVEL STOP #244,"I-40, EXIT 87 & US-70/US-412",Jackson,TN,35.61452,-88.81395,3.4973,3.4973,3.4973,1,city
63725,TA CARTERSVILLE TRAVEL CENTER,"I-75, EXIT 296",Cartersville,GA,34.16533,-84.80231,3.5990,3.5990,3.5990,1,city
63726,FLYING J TRAVEL PLAZA #706,"I-44 & I-244, EXIT 236",Tulsa,OK,36.15398,-95.99277,3.3657,3.3657,3.3657,1,city
63727,LOVES TRAVEL STOP #403,"I-81, EXIT 3",Binghamton,NY,42.09869,-75.91797,3.7040,3.6790,3.7490,4,city
63728,PILOT TRAVEL CENTERS #43,"I-80, EXIT 284",Walcott,IA,41.58475,-90.77209,3.8723,3.8590,3.8857,2,city
63729,PILOT TRAVEL CENTERS #147,"I-80, EXIT 410",West Wendover,NV,40.7391,-114.07335,3.7090,3.7090,3.7090,1,city
63730,PILOT TRAVEL CENTERS #309,"I-77, EXIT 25",Caldwell,OH,39.74785,-81.51651,3.6523,3.6523,3.6523,1,city
63731,LOVES TRAVEL STOP #243,"I-10, EXIT 43 & SR-383",Iowa,LA,30.23687,-93.01376,3.5873,3.5873,3.5873,1,city
63732,LOVES TRAVEL STOP #265,"I-10, EXIT 200",Eloy,AZ,32.7559,-111.55484,3.4340,3.4340,3.4340,1,city
63734,CIRCLE K #2723472,US-70 & SR-58,Kinston,NC,35.26266,-77.58164,3.3190,3.3190,3.3190,1,city
63736,PLATEAU TRUCK AND AUTO CENTER,"I-10, EXIT 159",Van Horn,TX,31.04029,-104.83073,3.0990,3.0990,3.0990,1,city
63737,I 10 DUSON TRUCK STOP,"I-10, AUSTRIA ROAD",Duson,LA,30.23576,-92.1854,3.4107,3.4107,3.4107,1,city
63738,U STOP 33,US-77,Beatrice,NE,40.26806,-96.74697,3.3990,3.3990,3.3990,1,city
63740,CIRCLE K #2723478,US-29,Blairs,VA,36.67986,-79.37308,3.4390,3.4390,3.4390,1,city
63741,SHELL,"I-295, EXIT 15",Chester,VA,37.35682,-77.44165,3.2023,3.2023,3.2023,1,city
63743,PILOT TRAVEL CENTERS #370,"I-81, EXIT 175",Pittston,PA,41.32591,-75.78936,4.1757,4.1757,4.1757,1,city
63744,PILOT TRAVEL CENTERS #439,"I-24, EXIT 86",Oak Grove,KY,37.34421,-86.75471,3.1523,3.1523,3.1523,1,city
63745,PILOT TRAVEL CENTERS #447,"I-64, EXIT 25",Haubstadt,IN,38.20504,-87.57419,3.9590,3.9590,3.9590,2,city
63746,PILOT TRAVEL CENTERS #453,"I-85, EXIT 90",Gaffney,SC,35.07179,-81.64982,3.4290,3.4290,3.4290,1,city
63747,PILOT TRAVEL CENTERS #440,"I-71, EXIT 28",Pendleton,KY,38.46229,-85.30357,3.7590,3.7590,3.7590,1,city
63751,PETRO STOPPING CENTER #328,"I-20 & I-55, EXIT 45",Jackson,MS,32.29876,-90.18481,3.1090,3.1090,3.1090,1,city
63752,MR FUEL #732,"I-80, EXIT 226",Girard,OH,41.15395,-80.70147,3.2390,3.2390,3.2390,1,city
63753,PILOT TRAVEL CENTER #4558,"I-75, EXIT 318",Calhoun,GA,34.50259,-84.95105,3.2957,3.2857,3.3057,2,city
63754,U SAVE TRAVEL PLAZA,US-19 & SR-129,Mount Nebo,WV,38.20011,-80.85121,3.5990,3.5990,3.5990,1,city
63755,PILOT TRAVEL CENTERS #196,"I-40, EXIT 325 & US-64",Roland,OK,35.4212,-94.51466,3.7390,3.7390,3.7390,1,city
63756,PILOT TRAVEL CENTERS #144,"I-20, EXIT 200",Augusta,GA,33.47097,-81.97484,3.8590,3.8590,3.8590,2,city
63759,BUFFALO RANCH,US/69/US-60 & US-59,Afton,OK,36.69369,-94.96302,3.0990,3.0990,3.0990,1,city
63760,CASH MAGIC CITGO HOUMA,I-57,Houma,LA,29.59577,-90.71953,3.5657,3.5657,3.5657,1,city
63761,7Fleet #46589,"I-94/US-52, EXIT 205 & SR-241",Saint Michael,MN,45.20996,-93.66496,3.3090,3.3090,3.3090,1,city
63762,MINIT MART #600643,"I-57, EXIT 322",Manteno,IL,41.25059,-87.83143,3.2990,3.2490,3.3990,3,city
63763,Flying J Travel Plaza #644,"I-80, EXIT 77 & SR-351",La Salle,IL,41.33337,-89.09175,3.4290,3.2990,3.5990,4,city
63764,LOVES TRAVEL STOP #288,"I-45, EXIT 198 & US-84",Fairfield,TX,31.72461,-96.16525,3.4290,3.4290,3.4290,1,city
63766,PILOT TRAVEL CENTERS #26,"US-23, EXIT 5 & US-223",Ottawa Lake,MI,41.77362,-83.72732,3.6240,3.5790,3.6590,4,city
63767,HOP-IN FOOD STORES,I-27 & FM-1729,New Deal,TX,33.73731,-101.83656,2.9257,2.9257,2.9257,1,city
63768,PILOT TRAVEL CENTERS #443,"I-70, EXIT 49",Higginsville,MO,39.07251,-93.71716,3.2357,3.2357,3.2357,1,city
63770,FLYING J TRAVEL PLAZA #694,"I-90, EXIT 223",Austinburg,OH,41.772,-80.85453,3.8590,3.8590,3.8590,1,city
63771,FLYING J TRAVEL PLAZA #572,"I-35, EXIT 144",Williams,IA,42.48831,-93.54493,3.6990,3.6990,3.6990,2,city
63773,QUIKTRIP #179,ST 152,Liberty,MO,39.24611,-94.41912,2.9990,2.9990,2.9990,1,city
63774,PILOT TRAVEL CENTERS #150,"I-70, EXIT 24 &SR-63",Hagerstown,MD,39.64176,-77.71999,3.9590,3.9590,3.9590,1,city
63775,FLYING J TRAVEL PLAZA #646,"I-90/39, EXIT 1 & US-51 & SR-75",South Beloit,IL,42.49307,-89.03678,3.7990,3.7990,3.7990,2,city
63776,KWIK TRIP #334,US-169/SR-60,Mankato,MN,44.15906,-94.00915,3.5490,3.5490,3.5490,1,city
63777,KWIK TRIP #403,"I-35, EXIT 45",Owatonna,MN,44.08385,-93.22604,3.4990,3.4990,3.4990,1,city
63778,KWIK TRIP #662,SR-55/SR-149,Saint Paul,MN,44.94441,-93.09327,3.6290,3.6290,3.6290,1,city
63781,Pilot Travel Centers #8,US-23 & PITTSBURG RD,Circleville,OH,39.60062,-82.94601,3.7990,3.7990,3.7990,1,city
63782,FUEL EXPRESSO #11,"I-35, EXIT 155",Lebo,KS,38.41668,-95.85304,3.1723,3.1723,3.1723,1,city
63787,LOVES TRAVEL STOP #402,"I-10, EXIT 44",Biloxi,MS,30.39603,-88.88531,3.4490,3.4490,3.4490,1,city
63789,PILOT TRAVEL CENTERS #448,"I-65, EXIT 240",Hebron,IN,41.31865,-87.20031,3.4765,3.3540,3.5990,2,city
63790,PILOT TRAVEL CENTERS #412,"I-81, EXIT 4",White Pine,TN,36.10759,-83.28683,3.6990,3.6990,3.6990,1,city
63791,PILOT TRAVEL CENTERS #432,"I-35, EXIT 328",Waco,TX,31.54933,-97.14667,3.2207,3.2207,3.2207,1,city
63792,PILOT TRAVEL CENTERS #424,"I-75, EXIT 358",Ocala,FL,29.1872,-82.14009,3.3857,3.3590,3.4123,2,city
63793,HUTCH'S #113,US-183 & US-270/SR-15,Woodward,OK,36.43365,-99.39039,2.9990,2.9990,2.9990,1,city
63794,PILOT TRAVEL CENTERS #157,"I-30, EXIT 122",Sulphur Springs,TX,33.13845,-95.60107,3.3090,3.3090,3.3090,1,city
63795,LOVES COUNTRY STORE #022,US-412,Clayton,NM,36.45169,-103.1841,3.4140,3.4140,3.4140,1,city
63796,PETRO STOPPING CENTER #329,"I-40/I-85, EXIT 157",Mebane,NC,36.09597,-79.26696,3.9990,3.9990,3.9990,1,city
63798,PETRO GLADE SPRING #372,"I-81, EXIT 29",Glade Spring,VA,36.79122,-81.77123,3.5873,3.5873,3.5873,1,city
63799,LOVES TRAVEL STOP #204,US-69 BUS & US-69,Eufaula,OK,35.28722,-95.5825,3.6890,3.6890,3.6890,1,city
63800,PILOT TRAVEL CENTERS #255,"I-95, EXIT 40",Milford,CT,41.22232,-73.0565,4.2990,4.2990,4.2990,2,city
63801,PILOT #1126,"I-435, EXIT 55 & SR-210",Kansas City,MO,39.09973,-94.57857,3.3823,3.3823,3.3823,1,city
63802,CARTERS TRAVEL CENTER,"I-40, EXIT 201N",Flagstaff,AZ,35.19807,-111.65127,3.6890,3.6890,3.6890,1,city
63803,KOUNTRY XPRESS,"I-40, EXIT 20",Mulberry,AR,35.50064,-94.05159,3.2723,3.2723,3.2723,1,city
63805,TEX-BEST #519,US-281 & US-281 BUS & CR-1930,Alice,TX,27.75225,-98.06972,2.8990,2.8990,2.8990,1,city
63812,PETRO STOPPING CENTER #330,"I-65, EXIT 86",Glendale,KY,37.60173,-85.90552,3.5990,3.5990,3.5990,1,city
63813,TA SAN ANTONIO TRAVELCENTER,"I-10 & FOSTER RD, EXIT 583",San Antonio,TX,29.42412,-98.49363,3.2073,3.2073,3.2073,1,city
63828,CIRCLE K #2723654,US-431,Boaz,AL,34.20065,-86.16637,3.5190,3.5190,3.5190,1,city
63829,CALERA CHEVRON,SR-25,Calera,AL,33.1029,-86.7536,3.1990,3.1990,3.1990,1,city
63836,Double Bees #109,"I-40, EXIT 183",Carlisle,AR,34.78315,-91.74652,3.1390,3.1390,3.1390,1,city
63841,MAGNOLIA TRAVEL CENTER,US-82 & US-371,Magnolia,AR,33.26707,-93.23933,3.5990,3.5990,3.5990,1,city
63846,71 EXPRESS,US-71,Mansfield,AR,35.05954,-94.25271,3.3323,3.3323,3.3323,1,city
63848,CIRCLE K #2706345,"I-30, EXIT 2",Texarkana,AR,33.44179,-94.03769,3.4790,3.4790,3.4790,1,city
63850,PILOT TRAVEL CENTERS #180,"I-40, EXIT 185",Bellemont,AZ,35.23807,-111.8335,3.6240,3.6090,3.6390,2,city
63854,E-Z MART #4437,US-71,Boles,AR,34.77955,-94.0491,3.2990,3.2990,3.2990,1,city
63855,LOVES TRAVEL STOP #460,"I-10, EXIT 302",Benson,AZ,31.96786,-110.29452,3.2790,3.2790,3.2790,1,city
63856,PILOT TRAVEL CENTER #1175,"I-17, EXIT 262 & SR-69",Mayer,AZ,34.39781,-112.23627,3.6952,3.6915,3.6990,2,city
63870,CIRCLE K #2744074,"I-270/US-36, EXIT 4",Commerce City,CO,39.80832,-104.93387,3.4557,3.4557,3.4557,1,city
63871,Alta Convenience Store #6317,"I-70, EXIT 19",Fruita,CO,39.15887,-108.72899,3.3990,3.3990,3.3990,1,city
63876,Mobil,"FL TURNPIKE,  EXIT 244",Kissimmee,FL,28.30468,-81.41667,3.4490,3.4490,3.4490,1,city
63887,QUIKTRIP #757,"I-79/SR-401, EXIT 306 & SR-140",Adairsville,GA,34.3687,-84.93411,2.8873,2.8873,2.8873,1,city
63893,QUICK FUEL #2204,"I-285, EXIT 58/SR-407 & I-75, EXIT 237/SR-401",Atlanta,GA,33.749,-84.38798,3.2757,3.2757,3.2757,1,city
63894,CIRCLE K #2723653,"I-75, EXIT 124",Cartersville,GA,34.16533,-84.80231,3.2240,3.2240,3.2240,1,city
63895,KWIK SERV #17,"I-75, EXIT 136",Chatsworth,GA,34.76591,-84.76994,3.4990,3.4990,3.4990,1,city
63904,SUNOCO,"I-95, EXIT 19",Savannah,GA,32.08354,-81.09983,3.6323,3.6323,3.6323,1,city
63907,QUIKTRIP #737,"I-85, EXIT 137",Jefferson,GA,34.11705,-83.57239,3.1190,3.1190,3.1190,1,city
63909,GAS2GO,"I-95, EXIT 6",Kingsland,GA,30.79996,-81.68983,3.1090,3.1090,3.1090,1,city
63910,OGMULGEE CHEVRON #419,"I-16, EXIT 6",Macon,GA,32.84069,-83.6324,3.3990,3.3990,3.3990,1,city
63912,PILOT TRAVEL CENTER #4562,"I-95, EXIT 1",Kingsland,GA,30.79996,-81.68983,3.5657,3.5590,3.5723,2,city
63914,CIRCLE M #12,US-23/SR-365 & SR-52,Lula,GA,34.3876,-83.66629,3.5390,3.5390,3.5390,1,city
63915,HIGHWAY 80 CHEVRON,"I-185, EXIT 7",Midland,GA,32.57486,-84.82715,3.3990,3.3990,3.3990,1,city
63922,THOMASVILLE TRAVEL CENTER,US-84 & SR-3,Thomasville,GA,30.83658,-83.97878,3.1807,3.1807,3.1807,1,city
63925,PILOT TRAVEL CENTER #4561,"I-75, EXIT 11",Valdosta,GA,30.83334,-83.28032,3.3223,3.2857,3.3590,2,city
63931,LOVES TRAVEL STOP #371,"I-95, EXIT 190",Dillon,SC,34.41655,-79.37116,3.3307,3.3307,3.3307,1,city
63937,CUBBYS #305,"I-29, EXIT 10 & SR-2",Percival,IA,40.74889,-95.81361,3.6940,3.6940,3.6940,1,city
63938,CUBBYS #301,US-34 & SR-48,Red Oak,IA,41.00972,-95.22555,3.3990,3.3990,3.3990,1,city
63942,Discount Zone,"I-10, EXIT CLEARVIEW",New Orleans,LA,29.95465,-90.07507,3.2790,3.2790,3.2790,1,city
63946,MINIT MART #600644,"I-80, EXIT 134",Joliet,IL,41.52519,-88.0834,3.5990,3.5990,3.5990,1,city
63955,ROAD RANGER #266,"I-72, EXIT 82 & CR-10",New Berlin,IL,39.72533,-89.91066,3.4790,3.4390,3.5390,3,city
63957,SUNMART FOOD STORE,SR-37,Bloomington,IN,39.16533,-86.52639,3.4990,3.4990,3.4990,1,city
63959,SPEEDWAY #1429,SR-59 & SR-56,Warrenville,IL,41.81781,-88.1734,3.5490,3.4990,3.5990,2,city
63960,BUTLER ONE STOP,"I-69, EXIT 329",Butler,IN,41.42977,-84.87135,3.5190,3.5190,3.5190,1,city
63962,7-ELEVEN #40505,"I-80, EXIT 90",Elkhart,IN,41.68199,-85.97667,4.1157,4.1157,4.1157,1,city
63964,LOVES TRAVEL STOPS #242,"I-35 & FISHER RD, EXIT 144",Von Ormy,TX,29.28913,-98.64446,3.2080,3.1670,3.2490,2,city
63965,GOOD TO GO #11,"I-65, EXIT 158",Frankfort,IN,40.27948,-86.51084,3.5490,3.5490,3.5490,1,city
63966,PHILS ONE STOP,"I-69, EXIT 309B",Fort Wayne,IN,41.1306,-85.12886,3.6757,3.6757,3.6757,1,city
63972,7-ELEVEN #40506,"I-80/I-90, MM 125 WB",Howe,IN,41.72144,-85.42054,3.8990,3.8990,3.8990,1,city
63977,CAREFREE FOOD MART,"I-64, EXIT 92",Leavenworth,IN,38.19979,-86.34414,3.4990,3.4990,3.4990,1,city
63978,Gallops,"I-80, EXIT 107",Middlebury,IN,41.67533,-85.7061,3.5490,3.5490,3.5490,1,city
63979,Jaks Oil,US-90,Broussard,LA,30.14715,-91.96123,3.0490,3.0490,3.0490,1,city
63988,Petes #47,US-400/SR-47,Fredonia,KS,37.53394,-95.82665,3.2990,3.2990,3.2990,1,city
63990,TREX MART #4,"I-229/US-59, EXIT 4B & US-36",Wathena,KS,39.75916,-94.94969,2.9990,2.9990,2.9990,1,city
63992,SANDRAS QUICK STOP,US-169 & US-59,Garnett,KS,38.28058,-95.24192,3.3190,3.3190,3.3190,1,city
63994,U STOP #38,I-70 EXIT 298,Junction City,KS,39.02861,-96.8314,3.3557,3.3557,3.3557,1,city
63997,LEON GROCERY,US-400,Leon,KS,37.6903,-96.78225,3.3990,3.3990,3.3990,1,city
64001,PETES #53,US-400 & SR-99 & CR-939,Severy,KS,37.62225,-96.22805,3.2490,3.2490,3.2490,1,city
64002,SPEEDWAY #9567,"I-65, EXIT 105",Lebanon Junction,KY,37.83451,-85.7319,3.1657,3.1657,3.1657,1,city
64003,HUCKS Food & Fuel #305 dba Pilot Dealer #1288,SR-9001 & WKY PKWY SERVICE AREA,Beaver Dam,KY,37.40199,-86.87583,3.6140,3.5990,3.6290,2,city
64016,SHELL,US-231 & SR-1468,Morgantown,KY,37.2256,-86.6836,3.7990,3.7990,3.7990,1,city
64020,LEEBOS # 9,"I-49, EXIT 90",Alexandria,LA,31.31129,-92.44514,3.2157,3.2157,3.2157,1,city
64021,CM AMITE,SR-16,Amite,LA,30.72657,-90.50898,3.3990,3.3990,3.3990,1,city
64028,DELCAMBRE FUEL DEPOT,SR-14 & SR-89,Delcambre,LA,29.94826,-91.98873,2.9990,2.9990,2.9990,1,city
64029,SUNSHINE SUPER STOP TRUCKS,"I-10, EXIT 182",Convent,LA,30.02076,-90.82982,3.3990,3.3990,3.3990,1,city
64030,STATE OIL,SR-23,Belle Chasse,LA,29.85493,-89.99063,3.4323,3.4323,3.4323,1,city
64034,BOONES CHEVRON,SR-317,Franklin,LA,29.79604,-91.5015,3.8990,3.8990,3.8990,1,city
64036,CM PROSPECT STATION,SR-3087 & SR-660,Houma,LA,29.59577,-90.71953,3.5990,3.5990,3.5990,1,city
64040,PILOT #1051,"I-10, EXIT 43 & SR-383",Iowa,LA,30.23687,-93.01376,3.5990,3.5990,3.5990,1,city
64042,LA PLACE TRAVEL CENTER,"I-10, EXIT 209 & I-55, EXIT 1",La Place,LA,30.06698,-90.48147,3.2590,3.2590,3.2590,1,fuzzy
64043,COUNTRY AUTO TRUCK STOP,"I-49, EXIT 177 & SR-509",Mansfield,LA,32.03766,-93.70018,3.2590,3.2590,3.2590,1,city
64044,DISCOUNT ZONE,"I-510, EXIT 240",New Orleans,LA,29.95465,-90.07507,3.1490,3.1490,3.1490,1,city
64045,SILVERS TRAVEL PLAZA - Port Allen,US-190/SR-1,Port Allen,LA,30.45214,-91.21011,3.3323,3.3323,3.3323,1,city
64047,LUCKY LOUIES TRUCK STOP,US-190,Port Allen,LA,30.45214,-91.21011,3.0657,3.0657,3.0657,1,city
64048,Pilot #1439,"I-10, Exit 151",Port Allen,LA,30.45214,-91.21011,3.2157,3.2157,3.2157,1,city
64049,Cash Magic CITGO LAROSE,SR-308,Larose,LA,29.57244,-90.38175,3.3990,3.3990,3.3990,1,city
64050,WESTWOOD TRUCK PLAZA,US-90 BUS,Marrero,LA,29.89937,-90.10035,3.2790,3.2790,3.2790,1,city
64058,DELTA TOWN TRUCK STOP,"I-10, EXIT 4",Vinton,LA,30.19076,-93.58127,2.7990,2.7990,2.7990,1,city
64059,CM SPRINGHILL,"I-20, EXIT 44",Springhill,LA,33.00597,-93.46684,3.3990,3.3990,3.3990,1,city
64060,CM VIVIAN,SR-1 & SR-2,Vivian,LA,32.87153,-93.9874,3.2657,3.2657,3.2657,1,city
64062,XTRA MART #10098,SR-146A,Uxbridge,MA,42.07732,-71.62951,3.6490,3.6490,3.6490,1,city
64063,Mobil,US-20 & SR-56,North Oxford,MA,42.15009,-71.86841,3.5823,3.5823,3.5823,1,city
64069,301 BP,US-301/SR-5,Brandywine,MD,38.69678,-76.84775,3.2590,3.2590,3.2590,1,city
64072,EZ MART #110,US-127 & US-127 BUS/SR-46,Alma,MI,43.37892,-84.65973,3.6490,3.6490,3.6490,1,city
64082,SPEEDWAY #8797,SR-13,Lennon,MI,42.98445,-83.93002,3.3790,3.3790,3.3790,1,city
64083,BIG DADDYS TRUCKSTOP,US-223 & US-23,Ottawa Lake,MI,41.77362,-83.72732,3.4990,3.4990,3.4990,1,city
64084,RPF OIL #92 PARMA TRAVEL CENTER,"I-94, EXIT 128",Parma,MI,42.25837,-84.59969,3.4990,3.4990,3.4990,1,city
64085,MADCO TRUCK PLAZA,"I-94, EXIT 200",Romulus,MI,42.22226,-83.3966,3.4990,3.3990,3.5390,3,city
64087,SAHARA PETRO,"I-696, EXIT 22",Warren,MI,42.49044,-83.01304,3.7490,3.6990,3.7990,2,city
64091,Circle K 2746398,US-10 & SR-27,Little Falls,MN,45.97635,-94.3625,3.3990,3.3990,3.3990,1,city
64092,ONE9 #4555,"I-20/I-59, EXIT 77",Cottondale,AL,31.20518,-85.38188,2.9323,2.9323,2.9323,1,city
64097,KWIK TRIP #937,US-12,Willmar,MN,45.12191,-95.04334,3.3407,3.3407,3.3407,1,city
64098,BLUE LINE TRAVEL CENTER,"I-90, EXIT 45",Worthington,MN,43.61996,-95.5964,3.1657,3.1657,3.1657,1,city
64101,D DIAMOND TRAVEL PLAZA,"I-44, EXIT 82",Fair Grove,MO,37.38393,-93.1513,3.1323,3.1323,3.1323,1,city
64106,RAPID ROBERTS #122,SR-43,Joplin,MO,37.08423,-94.51328,2.8990,2.8990,2.8990,1,city
64112,RAPID ROBERTS #123,"I-44, EXIT 80",Springfield,MO,37.21533,-93.29824,2.8990,2.8990,2.8990,1,city
64116,GRAND LEDGE,"I-96, EXIT 86",Grand Ledge,MI,42.75337,-84.74638,3.7890,3.7890,3.7890,1,city
64120,HOLIDAY STATIONSTORE #2746185,US-2,Wakefield,MI,46.47523,-89.93989,3.2190,3.1390,3.4790,3,city
64122,FLYING J TRAVEL PLAZA #691,"I-40, EXIT 333",Tucumcari,NM,35.17191,-103.72686,3.8990,3.8990,3.8990,1,city
64124,Shell,"I-94 & I-75, EXIT 171",Saint Cloud,MN,45.5608,-94.16249,3.3623,3.3623,3.3623,1,city
64126,CASEYS #3471,US-2 & CR-87,Cohasset,MN,47.26356,-93.62022,3.4490,3.4490,3.4490,1,city
64132,45 TRUCKSTOP,US-45,Corinth,MS,34.93425,-88.52227,3.0890,3.0890,3.0890,1,city
64139,4 MILE TRUCKSTOP,US-98 & HOLT RD,Lucedale,MS,30.92519,-88.59002,3.3990,3.3990,3.3990,1,city
64153,SPEEDWAY #6972,US-70,Durham,NC,35.99403,-78.89862,3.7990,3.7990,3.7990,1,city
64155,SPEEDWAY #8228,"I-85, EXIT 191 & SR-56",Creedmoor,NC,36.12237,-78.68611,3.9990,3.9990,3.9990,1,city
64156,SPEEDWAY #6985,"I-40, EXIT 312 & SR-42",Garner,NC,35.71126,-78.61417,3.4990,3.4990,3.4990,1,city
64163,FILL GOOD BP #15,US-74,Monroe,NC,34.98543,-80.54951,3.3990,3.3990,3.3990,1,city
64167,NORTH LONDONDERRY SUNOCO,"I-93, EXIT 5",Londonderry,NH,42.86509,-71.37395,3.9390,3.9390,3.9390,1,city
64170,LUCKY 7,"I-95, EXIT 61",Wade,NC,35.16294,-78.73613,2.9990,2.9990,2.9990,1,city
64171,CIRCLE K #2723130,"I-40, EXIT 364",Warsaw,NC,34.99933,-78.0911,2.8757,2.8757,2.8757,1,city
64172,CUBBYS #108,"I-80, EXIT 420 & SR-63",Greenwood,NE,40.96278,-96.44112,3.3990,3.3990,3.3990,1,city
64173,SAPP BROS TRAVEL CENTER,"I-80, EXIT 405",Lincoln,NE,40.8,-96.66696,3.3657,3.3657,3.3657,1,city
64181,SUNOCO- JOYCE KILMER PLAZA #7012,"NJTP,EXIT 8A",East Brunswick,NJ,40.42788,-74.41598,3.8990,3.8990,3.8990,1,city
64182,SUNOCO- VINCE LOMBARDI SERVICE AREA #7017,"NJ TURNPIKE, EXIT 18",Ridgefield,NJ,40.83427,-74.00875,3.8990,3.8990,3.8990,1,city
64183,SUNOCO- THOMAS EDISON PLAZA #7013,"NJTP, EXIT 11",Woodbridge,NJ,40.5576,-74.28459,3.8990,3.8990,3.8990,1,city
64187,SPEEDWAY #9117,"I-25, EXIT 339",Las Vegas,NM,35.59393,-105.2239,3.1857,3.1857,3.1857,1,city
64189,CIRCLE K #2708931,"I-10, EXIT 155",Tucumcari,NM,35.17191,-103.72686,3.2590,3.2590,3.2590,1,city
64195,DANDY MINI MART #14,"I-86, EXIT 62",Nichols,NY,42.02174,-76.36688,3.4390,3.4390,3.4390,1,city
64201,POCO SHOP #2,"I-95, EXIT 31",Saint Pauls,NC,34.80655,-78.97114,3.7990,3.7990,3.7990,1,city
64206,SUNOCO WOODROW WILSON PLAZA #7010,"NJTP, EXIT 7",Trenton,NJ,40.21705,-74.74294,3.8990,3.8990,3.8990,1,city
64210,FUEL 1,"I-287, EXIT 4",South Plainfield,NJ,40.57927,-74.41154,4.7990,4.7990,4.7990,1,city
64211,PILOT #490/WESTERN PETROLEUM,US-180,Carlsbad,NM,32.42067,-104.22884,3.7290,3.7290,3.7290,1,city
64215,STRIPES 7FLEET #42588,US-380 & SR-206,Tatum,NM,33.25706,-103.31773,3.6623,3.6623,3.6623,1,city
64216,DANDY MINI MART #31,SR-13 & SR-224,Cayuta,NY,42.28174,-76.69689,4.3990,4.3990,4.3990,1,city
64218,PILOT TRAVEL CENTERS #494,"I-88, EXIT 25",Schenectady,NY,42.81424,-73.93957,3.9990,3.9990,3.9990,1,city
64221,BELL STORES #49,"I-76E, EXIT 25B",Akron,OH,41.08144,-81.51901,3.4990,3.4990,3.4990,1,city
64223,7-ELEVEN #40295,"I-80, EXIT 170",Broadview Heights,OH,41.31394,-81.68513,3.5273,3.5273,3.5273,1,city
64224,7-ELEVEN #40296,SR-176,Broadview Heights,OH,41.31394,-81.68513,3.5323,3.5323,3.5323,1,city
64227,GO MART FOOD STORE #116,US-50 & SR-7,Coolville,OH,39.22174,-81.79736,3.3573,3.3573,3.3573,1,city
64229,SPEEDWAY #9385,"I-70, EXIT 129",Hebron,OH,39.96173,-82.49127,3.3690,3.3690,3.3690,1,city
64230,Certified Oil #400423,I-70 EXIT 126,Hebron,OH,39.96173,-82.49127,3.3957,3.3957,3.3957,1,city
64231,7-ELEVEN #40293,"OHIO TURNPIKE EB MILEPOST 139/I-80, EXIT 139",Amherst,OH,41.39782,-82.22238,3.5323,3.5323,3.5323,1,city
64233,74 FUEL STOP,"I-74, EXIT 3",Harrison,OH,39.262,-84.81995,3.8590,3.8590,3.8590,1,city
64235,PENNZMART FUEL EXPRESS,ST 100,Tiffin,OH,41.1145,-83.17797,3.4315,3.4315,3.4315,1,city
64236,KFC TRAVELMART,SR-199,Upper Sandusky,OH,40.82728,-83.28131,3.2490,3.2490,3.2490,1,city
64243,Caseys #4519,US-62,Altus,OK,34.63813,-99.33398,3.0057,3.0057,3.0057,1,city
64244,CHOCTAW NATION DURANT WEST #632,US-69/US-75,Calera,OK,33.93454,-96.4286,3.0890,3.0890,3.0890,1,city
64256,CHEROKEE TRAVEL PLAZA,"I-40, EXIT 325",Roland,OK,35.4212,-94.51466,3.7990,3.7990,3.7990,1,city
64261,Phillips 66,US-75/SR-56,Okmulgee,OK,35.62344,-95.96055,2.9890,2.9890,2.9890,1,city
64264,CASEYS #4594,US-81 & US-70,Waurika,OK,34.16704,-97.99754,3.0773,3.0773,3.0773,1,city
64265,ASAP GENERAL STORE #101,"I-40, EXIT 84 & US-54",Weatherford,OK,35.52616,-98.70757,3.1323,3.1323,3.1323,1,city
64270,PENN JERSEY DIESEL & TRAILER,"I-95, EXIT 37",Bensalem,PA,40.10455,-74.95128,4.1990,4.1990,4.1990,1,city
64274,RUTTERS #53,"I-83, EXIT 32 & SR-382",Etters,PA,40.15241,-76.8189,3.9990,3.9990,3.9990,1,city
64275,7-ELEVEN #40279,I-276 & US-202 (KING OF PRUSSIA SERVICE PLAZA WB),King Of Prussia,PA,40.08927,-75.39602,3.8840,3.8840,3.8840,1,city
64282,ONVO TRAVEL PLAZA - HICKORY RUN,"I-80, EXIT 274",White Haven,PA,41.06064,-75.77408,3.5857,3.5857,3.5857,1,city
64285,PILOT #4566,"I-85, EXIT 106",Blacksburg,SC,35.12124,-81.51592,3.4290,3.4290,3.4290,1,city
64287,CIRCLE K #2703099,"I-20, EXIT 33",Batesburg,SC,33.90792,-81.54733,3.0857,3.0857,3.0857,1,city
64288,PILOT #4581,"I-20, EXIT 116",Bishopville,SC,34.21821,-80.24841,3.4323,3.4323,3.4323,1,city
64294,HOT SPOT #6004,"I-26, EXIT 28",Enoree,SC,34.65652,-81.9651,3.0990,3.0990,3.0990,1,city
64298,CORNER MART #354,"I-26, EXIT 72",Newberry,SC,34.27458,-81.61872,3.2990,3.2990,3.2990,1,city
64299,CIRCLE K #2720881,US-17 & SR-165,Ravenel,SC,32.76323,-80.2501,3.4390,3.4390,3.4390,1,city
64300,CIRCLE K #2723416,"I-26, EXIT 28",Roebuck,SC,34.87957,-81.96621,3.0823,3.0823,3.0823,1,city
64301,HILLVIEW TRUCK STOP,"I-20, EXIT 39",Leesville,SC,33.91653,-81.51344,3.0590,3.0590,3.0590,1,city
64307,CIRCLE K #2723876,US-17 & SR-64,Round O,SC,32.93712,-80.54094,3.3723,3.3723,3.3723,1,city
64309,CIRCLE K #2723272,"I-26, EXIT 119",West Columbia,SC,33.99349,-81.07398,3.5457,3.5457,3.5457,1,city
64310,Palmetto Roads #308,"I-95, EXIT 77",Saint George,SC,33.186,-80.57565,3.0090,3.0090,3.0090,1,city
64313,CUBBYS #403,"I-29, EXIT 79",Sioux Falls,SD,43.54369,-96.72796,3.0657,3.0657,3.0657,1,city
64314,JAKES CORNER,US-81 & SR-34,Winfred,SD,43.9972,-97.36229,3.0490,3.0490,3.0490,1,city
64336,LOVES TRAVEL STOPS #345,I-90/I-94 EXIT 48,Tomah,WI,43.97858,-90.50402,3.2990,3.2890,3.3090,2,city
64337,GRAVES TRUCK STOP,"I-20, EXIT 59",Carthage,TX,32.15738,-94.33742,2.9990,2.9990,2.9990,1,city
64343,Allsup's Marketplace #2411,US-67,Hawley,TX,32.61206,-99.81426,2.8890,2.8890,2.8890,1,city
64347,PILOT TRAVEL CENTERS #256,"US-58 & US-29, SE QUAD",Danville,VA,36.58597,-79.39502,4.0090,4.0090,4.0090,1,city
64350,STRIPES #40811,"I-37, EXIT 55",George West,TX,28.3325,-98.11751,3.0157,3.0157,3.0157,1,city
64352,CHEVRON #383461,"I-10, EXIT 259",Fort Stockton,TX,30.89404,-102.87932,3.0290,3.0290,3.0290,1,city
64355,CEFCO #34,US-281 & SR-38,Hamilton,TX,31.70377,-98.12392,3.0290,3.0290,3.0290,1,city
64360,CIRCLE K #2706983,"I-37, EXIT 36 & SR-359",Mathis,TX,28.09446,-97.82805,3.0190,3.0190,3.0190,1,city
64374,CEFCO #2001,US-287 & FM-369,Iowa Park,TX,33.95148,-98.66867,2.8640,2.8640,2.8640,1,city
64382,KOSSE COUNTRY STORE,SR-7 & SR-14,Kosse,TX,31.30768,-96.63192,3.1157,3.1157,3.1157,1,city
64390,TXB #71 DBA KWIK CHEK FOOD STORES,"I-20, EXIT 136",Midland,TX,31.99735,-102.07791,3.0790,3.0790,3.0790,1,city
64393,TEX-BEST #505,"I-35, EXIT 183",New Braunfels,TX,29.703,-98.12445,2.8057,2.8057,2.8057,1,city
64399,LOVES TRAVEL STOPS #247,US-287 & SR-256,Memphis,TX,34.72478,-100.53401,3.7890,3.7890,3.7890,2,city
64406,Main Street Market,SR-84 & FM-73,Prairie Hill,TX,31.65517,-96.78888,2.8990,2.8990,2.8990,1,city
64407,CIRCLE K #2741527,US-281,Premont,TX,27.36059,-98.12362,2.9990,2.9990,2.9990,1,city
64408,QUIKTRIP #4058,"I-37, EXIT 125 & SR-1604",San Antonio,TX,29.42412,-98.49363,2.9657,2.9657,2.9657,1,city
64409,LONE STAR TRAVEL CENTER,"I-35, EXIT 147",San Antonio,TX,29.42412,-98.49363,3.0590,3.0590,3.0590,1,city
64420,Valero,US-59 & AT ST-87,Timpson,TX,31.90378,-94.3952,3.0590,3.0590,3.0590,1,city
64421,TXB #17 DBA KWIK CHEK FOOD STORES,SR-121,Trenton,TX,33.43067,-96.33859,3.2990,3.2990,3.2990,1,city
64422,Chevron,"I-10, EXIT 858",Vidor,TX,30.1316,-94.01545,2.7490,2.7490,2.7490,1,city
64423,PILOT #568,"I-35, EXIT 140",Von Ormy,TX,29.28913,-98.64446,3.2107,3.2107,3.2107,1,city
64430,GOLDEN SPIKE TRAVEL PLAZA,"I-15, EXIT 382",Tremonton,UT,41.71187,-112.16551,3.5990,3.5990,3.5990,1,city
64431,RJS  FUEL STOP,"I-15, EXIT 40",Tremonton,UT,41.71187,-112.16551,3.4590,3.4590,3.4590,1,city
64435,SPEEDWAY #4632,US-360/US-58 & SR-1224,Danville,VA,36.58597,-79.39502,4.0590,4.0590,4.0590,1,city
64436,MS 58 PLAZA,"I-95, EXIT 11",Emporia,VA,36.68598,-77.54248,3.1823,3.1823,3.1823,1,city
64438,PILOT TRAVEL CENTER #4622,US-58,South Boston,VA,36.69875,-78.9014,4.0090,4.0090,4.0090,1,city
64441,MILLER MART #55,US-460 & US-58/US-13,Suffolk,VA,36.72836,-76.58496,3.0923,3.0923,3.0923,1,city
64442,PILOT TRUCK STOP #583,"I-5, EXIT 262",Ferndale,WA,48.8465,-122.59101,4.5790,4.5590,4.5990,2,city
64445,KWIK TRIP #413,SR-93 & SR-95,Arcadia,WI,44.25274,-91.50154,3.3157,3.3157,3.3157,1,city
64446,SPEEDWAY #4293,"I-90 & I-43, EXIT 185A",Beloit,WI,42.50835,-89.03178,3.7990,3.7990,3.7990,1,city
64447,KWIK TRIP #621,"SR-29/SR-55, EXIT 234 & SR-47/SR-117",Bonduel,WI,44.74027,-88.44482,3.4573,3.4573,3.4573,1,city
64451,ROYAL FARMS #79,ST 13,New Church,VA,37.97901,-75.53104,3.3390,3.3390,3.3390,1,city
64455,SPEEDWAY #4648,SR-254,Waynesboro,VA,38.06847,-78.88947,3.9590,3.9590,3.9590,1,city
64463,KWIK TRIP #202,"I-39/US-51, EXIT 151 & SR-54",Plover,WI,44.45636,-89.54401,3.2657,3.2657,3.2657,1,city
64474,SIGNAL FOOD STORE #108,US-60,Mountain View,MO,36.99533,-91.70376,3.0323,3.0323,3.0323,1,city
64477,PILOT #1063,"I-40, EXIT 81",Marion,NC,35.68401,-82.00927,3.7590,3.7590,3.7590,1,city
64478,PILOT TRAVEL CENTERS #141,"I-80, EXIT 6",Evanston,WY,41.26828,-110.96324,3.6990,3.6990,3.6990,1,city
64479,YESWAY #1148,"US-30, EXIT 186",Marshalltown,IA,42.04943,-92.90798,3.2457,3.2457,3.2457,1,city
64480,TA Garden City,US-83 & US-400,Garden City,KS,37.97169,-100.87266,3.7307,3.7307,3.7307,1,city
64481,LOVES TRAVEL STOP #282,"I-44, EXIT 4 & SR-43",Joplin,MO,37.08423,-94.51328,3.3973,3.3973,3.3973,1,city
64482,LOVES TRAVEL STOP #208,"I-55, EXIT 119 & SR-22",Canton,MS,32.61264,-90.03675,3.4890,3.4890,3.4890,1,city
64484,LOVES TRAVEL STOP #206,"I-10, EXIT 44 & SR-59",Loxley,AL,30.61825,-87.75305,3.3390,3.3390,3.3390,1,city
64485,PILOT TRAVEL CENTERS #433,"I-20, EXIT 470",Dallas,TX,32.78306,-96.80667,3.1823,3.1823,3.1823,1,city
64486,GREENWAY STORE #614,"I-85/SR-403, EXIT 61 & SR-74",Fairburn,GA,33.56706,-84.58104,3.1990,3.1990,3.1990,1,city
64487,PILOT TRAVEL CENTERS #165,"I-57 & I-70, EXIT 162",Effingham,IL,39.12004,-88.54338,3.3490,3.2990,3.4990,5,city
64488,PILOT TRAVEL CENTERS #274,"I-10, EXIT 109",Breaux Bridge,LA,30.27353,-91.89928,3.1423,3.1423,3.1423,1,city
64490,QUICK FUEL #2201,"I-85, EXIT 36",Atlanta,GA,33.749,-84.38798,3.3523,3.3523,3.3523,1,city
64491,QUICK FUEL #1803,I-80/I-294 & SR-1,South Holland,IL,41.60087,-87.60699,3.8490,3.8290,3.8890,3,city
64492,QUICK FUEL #2103,"I-70, EXIT 89",Indianapolis,IN,39.76838,-86.15804,3.3090,3.3090,3.3090,1,city
64493,QUICK FUEL #2801,"I-435, EXIT 1-A AT MILE 1",Lenexa,KS,38.95362,-94.73357,3.3690,3.3690,3.3690,1,city
64494,QUICK FUEL #1704,I-75 EXIT 42 AT MILE 42,Lincoln Park,MI,42.25059,-83.17854,3.6440,3.6190,3.6690,2,city
64495,QUICK FUEL #1702,"I-96, EXIT 173",Livonia,MI,42.36837,-83.35271,3.7990,3.7990,3.7990,1,city
64496,QUICK FUEL #1703,"I-94, EXIT 199-A",Romulus,MI,42.22226,-83.3966,3.5490,3.5190,3.5690,3,city
64498,QUICK FUEL #1705,SR-53,Warren,MI,42.49044,-83.01304,3.7890,3.7490,3.8490,3,city
64499,QUICK FUEL #2401,"I-71, EXIT 234",Bridgeton,MO,38.767,-90.41151,3.0940,3.0940,3.0940,1,city
64500,QUICK FUEL #2402,"I-435, EXIT 57",Kansas City,MO,39.09973,-94.57857,3.2923,3.2923,3.2923,1,city
64501,QUICK FUEL #2602,"I-85, EXIT 40",Charlotte,NC,35.22709,-80.84313,3.3957,3.3957,3.3957,1,city
64502,QUICK FUEL #2305,"I-270, EXIT 10",Columbus,OH,39.96118,-82.99879,3.6307,3.6307,3.6307,1,city
64503,QUICK FUEL #2304,"I-75, EXIT 210",Toledo,OH,41.66394,-83.55521,3.6007,3.6007,3.6007,1,city
64508,QUICK FUEL #1150,US-51 & SR-30,Madison,WI,43.07305,-89.40123,3.5757,3.5757,3.5757,1,city
64509,QUICK FUEL #1002,"I-94, EXIT 319",Milwaukee,WI,43.0389,-87.90647,3.7407,3.7407,3.7407,1,city
64511,QUICK FUEL #1010,SR-100,Milwaukee,WI,43.0389,-87.90647,3.7790,3.7790,3.7790,1,city
64512,QUICK FUEL #1001,"I-94, EXIT 301",New Berlin,WI,42.9764,-88.10842,3.4990,3.4990,3.4990,1,city
64514,PILOT TRAVEL CENTERS #435,"I-10, EXIT 0",Anthony,TX,31.99927,-106.60555,3.4590,3.4590,3.4590,1,city
64517,KWIK TRIP #696,"I-94, EXIT 19 & US-63",Baldwin,WI,44.96663,-92.37436,3.5740,3.5740,3.5740,1,city
64519,BLUE RIDGE TRAVEL PLAZA,"I-81 SOUTHBOUND, EXIT 155",Mountain Top,PA,41.16953,-75.87742,3.6490,3.6490,3.6490,1,city
64520,LOVES TRAVEL STOP #222,"I-70/US-35, EXIT 149B & US/35/SR-38",Richmond,IN,39.82894,-84.89024,3.9490,3.9490,3.9490,1,city
64521,CHOCTAW TRAVEL PLAZA #635,US-259/SR-3,Broken Bow,OK,34.02928,-94.7391,2.9990,2.9990,2.9990,1,city
64523,SKY CITY TRAVEL CENTER,"I-40, EXIT 102 NORTH",Pueblo Of Acoma,NM,34.9,-107.58,3.2807,3.2807,3.2807,1,manual
64525,PILOT TRAVEL CENTERS #3,"I-80, EXIT 223",Youngstown,OH,41.09978,-80.64952,3.4523,3.4523,3.4523,1,city
64526,PILOT TRAVEL CENTERS #53,"I-40, EXIT 143",Hurricane Mills,TN,35.97117,-87.78197,3.1757,3.1757,3.1757,1,city
64527,PILOT TRAVEL CENTERS #50,"I-71, EXIT 28",Pendleton,KY,38.46229,-85.30357,3.7590,3.7590,3.7590,1,city
64528,Raceway #7007,SR-74 & SR-180,Shelby,NC,35.29235,-81.53565,3.2490,3.2490,3.2490,1,city
64529,PILOT TRAVEL CENTERS #436,"I-40, EXIT 75",Amarillo,TX,35.222,-101.8313,3.2657,3.2657,3.2657,1,city
64530,PILOT TRAVEL CENTERS #420,"I-20, EXIT 114",Madison,GA,33.59568,-83.46794,3.8590,3.8590,3.8590,2,city
64532,PILOT TRAVEL CENTER #4560,"I-75, EXIT 201",Jackson,GA,33.29457,-83.96602,3.3857,3.3757,3.3957,2,city
64533,SHELL,US-287/US-81 & CR-718,Haslet,TX,32.97485,-97.3478,2.8907,2.8907,2.8907,1,city
64534,CIRCLE K #4707045,"I-95, EXIT 32",Biddeford,ME,43.49258,-70.45338,3.9573,3.9573,3.9573,1,city
64535,FLYING J TRAVEL PLAZA #628,"I-85, EXIT 160",Carnesville,GA,34.36983,-83.23516,3.2057,3.2057,3.2057,1,city
64536,FLYING J TRAVEL PLAZA #640,"I-84, EXIT 173",Jerome,ID,42.72407,-114.51865,3.9023,3.9023,3.9023,1,city
64537,FLYING J TRAVEL PLAZA #739,"I-35, EXIT 330B",Waco,TX,31.54933,-97.14667,3.2207,3.2207,3.2207,1,city
64538,PILOT TRAVEL CENTERS #445,"I-94, EXIT 22 & US-20",Chesterton,IN,41.61059,-87.0642,3.8140,3.7990,3.8290,2,city
64545,HOBO PANTRY #24,US-231 & SR-10,Brundidge,AL,31.72016,-85.81606,3.5990,3.5990,3.5990,1,city
64546,GRUB MART #13,"I-59, EXIT 205 & US-411/SR-25/SR-68",Centre,AL,34.15204,-85.67885,3.3490,3.3490,3.3490,1,city
64554,FACKLER TEXACO TRUCK STOP,US-72 & CR-42,Fackler,AL,34.79258,-85.90998,3.1990,3.1990,3.1990,1,city
64558,MR FUEL #1203,"I-20, EXIT 129",Meridian,MS,32.36431,-88.70366,2.8123,2.8123,2.8123,1,city
64569,LOVES TRAVEL STOP #624,"I-65, EXIT 8B",Mobile,AL,30.69436,-88.04305,3.2057,3.2057,3.2057,1,city
64571,PETRO STOPPING CENTER #331,"I-15, EXIT 54",Las Vegas,NV,36.17497,-115.13722,3.7340,3.7340,3.7340,1,city
64572,CIRCLE K #2723730,US-43/SR-13/SR-69,Northport,AL,33.22901,-87.57723,3.3990,3.3990,3.3990,1,city
64578,MARATHON,US-431/SR-1,Phenix City,AL,32.47098,-85.00077,3.2490,3.2490,3.2490,1,city
64581,SNEAD SHELL,US-278 & SR-75,Altoona,AL,34.02621,-86.32609,3.1090,3.1090,3.1090,1,city
64592,LOVES TRAVEL STOP #368,"I-65, EXIT 208 & CR-28",Clanton,AL,32.83874,-86.62943,3.3373,3.3373,3.3373,1,city
64595,PILOT TRAVEL CENTERS #425,"I-10, EXIT 192",Midway,FL,30.40648,-87.00553,3.7990,3.7990,3.7990,2,city
64599,PONY EXPRESS TRAVEL PLAZA #6,"US-167/US-67, EXIT16 & SR-5",Cabot,AR,34.97453,-92.01653,3.4990,3.4990,3.4990,1,city
64600,Caseys #4552,"I-40, EXIT 57",Clarksville,AR,35.47147,-93.46657,3.2440,3.2440,3.2440,1,city
64610,KINGS RIVER COUNTRY STORE,US-412,Huntsville,AR,36.08619,-93.7413,3.2657,3.2657,3.2657,1,city
64617,SHELL,"I-55, EXIT 48",Osceola,AR,35.70508,-89.96953,2.9990,2.9990,2.9990,1,city
64647,HOOKS,I-16 EXIT 16,East Dublin,GA,32.54822,-82.87181,3.3990,3.3990,3.3990,1,city
64648,QUICK FUEL #2203,"I-20, EXIT 14",Atlanta,GA,33.749,-84.38798,3.3190,3.3190,3.3190,1,city
64651,QUICK FUEL #2101,I-465,Indianapolis,IN,39.76838,-86.15804,3.8690,3.8690,3.8690,1,city
64654,Fast Stop,"I-10, EXIT 177",Saint Gabriel,LA,30.2577,-91.09927,3.6990,3.6990,3.6990,1,city
64655,ONE9 #7937,"I-85/I-40, EXIT 132",Mc Leansville,NC,36.10736,-79.65864,3.3990,3.3990,3.3990,1,fuzzy
64656,QUICK FUEL #2601,SR-27,Charlotte,NC,35.22709,-80.84313,3.5123,3.5123,3.5123,1,city
64660,QUICK FUEL #1005,SR-59 & SR-164,Waukesha,WI,43.01168,-88.23148,3.6230,3.6230,3.6230,1,city
64662,QUICK FUEL #1011,"I-94, EXIT 100",Milwaukee,WI,43.0389,-87.90647,3.5207,3.5207,3.5207,1,city
64664,CIRCLE K #4701424,"I-74, EXIT 102",Morton,IL,40.61282,-89.45926,3.6590,3.5990,3.6990,3,city
64671,FLYING J TRAVEL PLAZA #756,"I-94, EXIT 116 & CR-A",Black River Falls,WI,44.29468,-90.85153,3.3823,3.3823,3.3823,1,city
64672,FLYING J TRAVEL PLAZA #655,"I-70, EXIT 123 & SR-3",Spiceland,IN,39.83838,-85.43886,3.9590,3.9590,3.9590,1,city
64673,WESTVILLE TRUCKSTOP,US-6/US-421,Westville,IN,41.54143,-86.90058,3.5857,3.5857,3.5857,1,city
64674,ZANCO SHELL,"I-395, EXIT 87",Plainfield,CT,41.67649,-71.91507,4.3990,4.3990,4.3990,1,city
64675,Petro Mart #45,"I-70/US-40, EXIT 148 & US-54",Kingdom City,MO,38.95282,-91.93907,2.9390,2.9390,2.9390,1,city
64676,PILOT TRAVEL CENTERS #460,"I-40, EXIT 140",Oklahoma City,OK,35.46756,-97.51643,3.3090,3.3090,3.3090,1,city
64677,MOUNT VERNON FUEL CENTER,"I-75, EXIT 59 & US-25",Mount Vernon,KY,38.02563,-84.49522,2.9990,2.9990,2.9990,1,city
64678,AINSWORTH FOUR CORNERS,US-218/SR-27 & SR-92,Ainsworth,IA,41.28891,-91.55238,3.1090,3.1090,3.1090,1,city
64679,PILOT TRAVEL CENTERS #118,I-30 EXIT 121,Benton,AR,34.56454,-92.58683,3.2290,3.1990,3.2590,2,city
64681,PILOT TRAVEL CENTERS #458,"I-10, EXIT 208",Eloy,AZ,32.7559,-111.55484,3.4590,3.4390,3.4790,2,city
64682,FLYING J TRAVEL PLAZA #705,"I-40, EXIT 20 & US-283",Sayre,OK,35.29116,-99.6401,3.1823,3.1823,3.1823,1,city
64683,QUIKTRIP #777,"I-20, EXIT 49",Atlanta,GA,33.749,-84.38798,2.9723,2.9723,2.9723,1,city
64684,MR FUEL #721,"I-465, EXIT 4 & SR 37",Indianapolis,IN,39.76838,-86.15804,3.3190,3.3190,3.3190,1,city
64687,PILOT TRAVEL CENTERS #421,"I-75, EXIT 326",Dalton,GA,34.7698,-84.97022,3.2957,3.2857,3.3057,2,city
64706,CIRCLE K #2721571,"I-65, EXIT 69",Brewton,AL,31.10518,-87.07219,3.3990,3.3990,3.3990,1,city
64712,SUNSTOP #650,US-431 & SR-210,Dothan,AL,31.22323,-85.39049,3.4123,3.4123,3.4123,1,city
64713,GOOD TO GO,"I-65, EXIT 200",Enterprise,AL,31.31517,-85.85522,3.5990,3.5990,3.5990,1,city
64715,CIRCLE K #2709067,US-31/SR-6,Prattville,AL,32.46402,-86.4597,3.4990,3.4990,3.4990,1,city
64718,CUZZS,US-43/SR-13,Thomasville,AL,31.91349,-87.73584,3.5323,3.5323,3.5323,1,city
64719,CIRCLE K #2706697,"I-85, EXIT 77",Valley,AL,32.81874,-85.17939,3.3990,3.3990,3.3990,1,city
64721,FLASH MARKET #17049,"I-40/US-63, EXIT 216 & US-49/SR-17",Brinkley,AR,34.88787,-91.19457,3.1790,3.1790,3.1790,1,city
64723,CASHS #4470,US-65,Dumas,AR,33.88705,-91.49179,3.2090,3.2090,3.2090,1,city
64724,TOBOS TRAVEL CENTER,"I-540, EXIT 58",Fayetteville,AR,36.06258,-94.15743,3.3490,3.3490,3.3490,1,city
64755,PILOT TRAVEL CENTERS #44,"I-70, EXIT 101",Boonville,MO,38.97364,-92.74324,3.5190,3.5190,3.5190,1,city
64764,CORNER MARKET #62,SR-13/SR-789 & SR-64,Meeker,CO,40.03747,-107.91313,3.7290,3.7290,3.7290,1,city
64765,CENEX,"I-76, EXIT 125",Sterling,CO,40.62554,-103.20771,3.4157,3.4157,3.4157,1,city
64773,Sun Gas,US-301,Middletown,DE,39.44956,-75.71632,2.9990,2.9990,2.9990,1,city
64775,SHORE STOP #287,US-13,New Castle,DE,39.65948,-75.56359,3.2990,3.2890,3.3090,2,city
64777,4 POINTS MARKET,US-441/SR-7 & SR-804,Boynton Beach,FL,26.52535,-80.06643,3.2290,3.2290,3.2290,1,city
64778,SUNSTOP #347,US-27,Branford,FL,29.95912,-82.92818,3.6990,3.6990,3.6990,1,city
64779,SPEEDWAY #6530,US-50,Brooksville,FL,28.55554,-82.38991,3.3823,3.3823,3.3823,1,city
64789,KROME EXXON,SR-997 & SR-994,Miami,FL,25.77427,-80.19366,3.3990,3.3990,3.3990,1,city
64793,CIRCLE K #2721297,US-301,Middleburg,FL,30.06885,-81.86038,3.3990,3.3990,3.3990,1,city
64795,QUICK FUEL #5101,"I-4, EXIT 79",Orlando,FL,28.53834,-81.37924,3.3623,3.3623,3.3623,1,city
64798,RIVIERA TRUCKSTOP,SR-710,West Palm Beach,FL,26.71534,-80.05337,3.7790,3.7790,3.7790,1,city
64803,MARATHON,"I-4, EXIT 3",Tampa,FL,27.94752,-82.45843,3.4223,3.4223,3.4223,1,city
64804,SPEEDLANE,US-301 &SR-574,Tampa,FL,27.94752,-82.45843,3.4490,3.4490,3.4490,1,city
64811,SUNSTOP #819,US-19,Americus,GA,32.07239,-84.23269,3.6990,3.6990,3.6990,1,city
64815,BUENA VISTA GAS N GO,SR-26 & SR-41,Buena Vista,GA,32.31904,-84.51714,3.2990,3.2990,3.2990,1,city
64819,CIRCLE K #4174,"I-285/SR-407, EXIT 53 & US-23/SR-42",Conley,GA,33.64483,-84.32576,3.9990,3.9990,3.9990,1,city
64820,Mr Pips,US-84/SR-38,Donalsonville,GA,31.04046,-84.87909,3.1990,3.1990,3.1990,1,city
64825,EXIT 10 AUTO AND TRUCK STOP,"I-185/SR-411, EXIT 19 & SR-315",Fortson,GA,32.60708,-84.93715,3.3990,3.3990,3.3990,1,city
64831,CIRCLE K #2745072,US-341,Lumber City,GA,31.92935,-82.67958,3.5290,3.5290,3.5290,1,city
64833,QWICKSERV,US-319 BUS & SR-133/SR-35/SR-33,Moultrie,GA,31.17991,-83.78906,3.5990,3.5990,3.5990,1,city
64834,SUSIE Q #90,US-319 & SR-33,Moultrie,GA,31.17991,-83.78906,3.7990,3.7990,3.7990,1,city
64840,BP,US-278/SR-6 & SR-101,Rockmart,GA,34.0026,-85.04161,3.5990,3.5990,3.5990,1,city
64842,Circle K #2745128,US-301 & US-25,Statesboro,GA,32.44879,-81.78317,3.1990,3.1990,3.1990,1,city
64843,A TO Z TRUCKSTOP,US-301/US-25/SR-73,Statesboro,GA,32.44879,-81.78317,3.5990,3.5990,3.5990,1,city
64850,SHAKE RAG EXPRESS,US-1 & US-78,Wadley,GA,32.86682,-82.40402,3.4157,3.4157,3.4157,1,city
64856,KUM & GO #1056,"I-35, EXIT 56",Bevington,IA,41.36055,-93.79078,3.0990,3.0990,3.0990,1,city
64857,CHARITON FOOD SHOP,US-34,Chariton,IA,41.01389,-93.3066,3.3690,3.3690,3.3690,1,city
64859,QUICK FUEL #2901,"I-35/I-80, EXIT 136",Des Moines,IA,41.60054,-93.60911,3.1373,3.1373,3.1373,1,city
64860,BP TRUCK PLAZA,US-61/US-151,Dubuque,IA,42.50056,-90.66457,3.4890,3.4890,3.4890,1,city
64862,218 FUEL EXPRESS,US-218 & US-18,Floyd,IA,43.12775,-92.7363,3.4890,3.4890,3.4890,1,city
64863,FT MADISON FAST BREAK,US-61,Fort Madison,IA,40.62976,-91.31515,3.3990,3.3990,3.3990,1,city
64868,MEDIAPOLIS FAST BREAK,US-61,Mediapolis,IA,41.00809,-91.16404,3.3490,3.3490,3.3490,1,city
64871,STEWART ROAD FAST BREAK,CR-X61,Muscatine,IA,41.42447,-91.04321,3.2990,3.2990,3.2990,1,city
64873,CUBBYS #2301,"I-29, EXIT 112",Onawa,IA,42.02665,-96.09724,3.1490,3.1490,3.1490,1,city
64874,OSCEOLA TRAVEL PLAZA,"I-25, EXIT 33 & US-34",Osceola,IA,41.03389,-93.7655,3.3123,3.3123,3.3123,1,city
64875,CASEYS #2598,"SR-163, EXIT 42",Pella,IA,41.40805,-92.91631,3.1990,3.1990,3.1990,1,city
64876,PILOT TRAVEL CENTER #238,"I-29, EXIT 10",Percival,IA,40.74889,-95.81361,3.7990,3.7990,3.7990,2,city
64877,CASEYS #3900,"US-218, EXIT 80 & SR-22",Riverside,IA,41.47974,-91.58128,3.1707,3.1707,3.1707,1,city
64880,CASEYS #2487,US-71/SR-9,Spirit Lake,IA,43.42218,-95.10222,3.3823,3.3823,3.3823,1,city
64881,SPARKYS ONE STOP #16,US-71 & SR-3,Storm Lake,IA,42.64109,-95.20972,3.2323,3.2323,3.2323,1,city
64883,KUM & GO #1046,"I-80, EXIT 46 & CR-M47",Walnut,IA,41.47749,-95.22194,3.1090,3.1090,3.1090,1,city
64884,SAPP BROS TRAVEL CENTER,US-61 & SR-78,Sioux City,IA,42.49999,-96.40031,3.6490,3.6490,3.6490,1,city
64886,WEVER JUNCTION,US-61 & CR-X50,Wever,IA,40.7106,-91.23098,3.3990,3.3990,3.3990,1,city
64887,COUNCIL FOOD AND FUEL,US-95,Council,ID,44.72989,-116.4382,3.5890,3.5890,3.5890,1,city
64888,NOMNOM #21,US-95 & SR-13,Grangeville,ID,45.92655,-116.12237,3.9073,3.9073,3.9073,1,city
64892,JACKSONS FOOD STORE #3,US-95,Wilder,ID,43.67655,-116.91182,3.5790,3.5790,3.5790,1,city
64894,CIRCLE K #4701251,"I-55, EXIT 160B & SR-9",Bloomington,IL,40.4842,-88.99369,3.4990,3.3990,3.5990,3,city
64902,DOWNS TRAVEL MART,"I-74, EXIT 142",Downs,IL,40.39698,-88.87063,3.4990,3.4990,3.4990,1,city
64907,FREEDOM OIL #77,"I-74, EXIT 112 & SR-117",Goodfield,IL,40.62976,-89.27481,3.6590,3.6590,3.6590,1,city
64913,Circle K #4701331,US-136 & US-67,Macomb,IL,40.45921,-90.6718,3.4990,3.4990,3.4990,1,city
64914,Martinsville Food and Fuel,"I-70, EXIT 136",Martinsville,IL,39.33559,-87.88198,3.4890,3.4890,3.4890,1,city
64920,KWIK STAR #1530,"I-88/SR-110, EXIT 76 & SR-251",Rochelle,IL,41.92392,-89.06871,3.4990,3.4990,3.4990,1,city
64928,SPEEDWAY #1432,"I-294, EXIT 22",Willow Springs,IL,41.74087,-87.86033,3.8590,3.8590,3.8590,1,city
64929,KARTAR TRUCK STOP,"I-74, EXIT 32 & SR-17",Woodhull,IL,41.17893,-90.31596,3.5990,3.5990,3.5990,1,city
64930,THORNDALE SHELL,"I-290, EXIT 5",Wood Dale,IL,41.96336,-87.97896,3.4590,3.4590,3.4590,1,city
64933,MCCLURE OIL #66,US-33/US-27,Decatur,IN,40.8306,-84.92913,3.6990,3.6990,3.6990,1,city
64938,FAMILY EXPRESS #41 (DISCOUNT AVAILABLE),US-52,Lafayette,IN,40.4167,-86.87529,3.4323,3.4323,3.4323,1,city
64939,FAMILY EXPRESS #27 (DISCOUNT AVAILABLE),US-421,Medaryville,IN,41.0806,-86.89196,3.6490,3.6490,3.6490,1,city
64946,MORNING STAR AUTO TRUCK PLAZA,"I-69, EXIT 334 & US-6",Waterloo,IN,41.43199,-85.01997,3.6990,3.6990,3.6990,1,city
64949,PETES #36,US- 54 & US-169,Iola,KS,37.92448,-95.39998,3.2057,3.2057,3.2057,1,city
64950,CASEYS #2957,US-73 & US-36,Hiawatha,KS,39.8525,-95.53582,3.1507,3.1507,3.1507,1,city
64952,AMPRIDE,US-160,Johnson,KS,37.57057,-101.751,3.3990,3.3990,3.3990,1,city
64961,SAC AND FOX TRUCK STOP,US-75,Powhattan,KS,39.76167,-95.62998,2.9840,2.9840,2.9840,1,city
64963,FLINT HILLS ONE STOP,US-50,Strong City,KS,38.39724,-96.53695,2.9190,2.9190,2.9190,1,city
64964,U PUMP IT,US-83 & US-56,Sublette,KS,37.48169,-100.84377,3.6790,3.6790,3.6790,1,city
64969,ALLSTAR FOOD MART,SR-55,Campbellsville,KY,37.3434,-85.34191,3.1590,3.1590,3.1590,1,city
64980,DOUBLE KWIK MARKET #1044,SR-15/SR-7/SR-160,Isom,KY,37.18788,-82.89877,3.7490,3.7490,3.7490,1,city
64982,FAS MART #5260,SR-9 & US-68/US-62/SR-10,Maysville,KY,38.64119,-83.74437,3.3640,3.3640,3.3640,1,city
64984,DOUBLE KWIK MARKET #1062,"I-75, EXIT 104",Nicholasville,KY,37.88063,-84.573,3.4990,3.4990,3.4990,1,city
64990,LAKE COUNTRY OUTDOORS,SR-127,Russell Springs,KY,37.05618,-85.08857,3.1990,3.1990,3.1990,1,city
64994,E Z STOP,SR-555 & SR-9002,Willisburg,KY,37.80979,-85.12635,3.3790,3.3790,3.3790,1,city
64996,AVONDALE TRUCK STOP,SR-90,Westwego,LA,29.90604,-90.1423,3.4490,3.4490,3.4490,1,city
64998,CM BAYOU VISTA,US-90,Morgan City,LA,29.69937,-91.20677,3.3990,3.3990,3.3990,1,city
64999,I 220 TRAVEL PLAZA,"I-270, EXIT 17A & US-80/US-79",Bossier City,LA,32.51599,-93.73212,2.9923,2.9923,2.9923,1,city
65000,SILVERS TRAVEL CENTER,"I-10, EXIT 109",Breaux Bridge,LA,30.27353,-91.89928,3.3690,3.3690,3.3690,1,city
65002,FOOD N FUN #11,US-90 & SR-92-1,Broussard,LA,30.14715,-91.96123,3.3023,3.3023,3.3023,1,city
65005,USA TRAVEL CENTER,"I-20, EXIT 103/US-80",Calhoun,LA,32.51265,-92.35847,3.2157,3.2157,3.2157,1,city
65006,GOLDMINE TRUCKSTOP,US-190,Eunice,LA,30.49437,-92.41763,3.1990,3.1990,3.1990,1,city
65007,GOLDEN GROVE TRUCK PLAZA,SR-641 & SR-3125,Gramercy,LA,30.04742,-90.68981,3.4190,3.4190,3.4190,1,city
65008,BIG WHEELS TRAVEL CENTER,"US-90, EXIT 204 & SR-316",Gray,LA,29.69771,-90.78648,3.4990,3.4990,3.4990,1,city
65011,PLANTATION TRUCK PLAZA,SR-311 & SR-664,Houma,LA,29.59577,-90.71953,3.1157,3.1157,3.1157,1,city
65017,Y NOT STOP MANSURA,SR-1,Mansura,LA,31.05797,-92.04901,3.3990,3.3990,3.3990,1,city
65019,Hwy 31 Truck Stop,SR 31,Saint Martinville,LA,30.1252,-91.83345,3.3290,3.3290,3.3290,1,city
65021,OPELOUSAS 190 TRUCK STOP,US-190,Opelousas,LA,30.53353,-92.08151,2.8707,2.8707,2.8707,1,city
65022,CM RACELAND,SR-1,Raceland,LA,29.72743,-90.59898,3.2990,3.2990,3.2990,1,city
65023,SHOP RITE #85,"I-10, EXIT 87 AT MILE 87",Rayne,LA,30.23493,-92.26846,3.1490,3.1490,3.1490,1,city
65025,ELSIE AUTO AND TRUCK PLAZA,SR-1,Shreveport,LA,32.52515,-93.75018,2.9490,2.9490,2.9490,1,city
65026,TA ST Rose #06480,US-61,Saint Rose,LA,29.94687,-90.32313,3.2257,3.2257,3.2257,1,city
65027,STARKS TRUCK STOP,SR-12,Starks,LA,30.31548,-93.66183,3.5990,3.5990,3.5990,1,city
65030,CASH MAGIC THIBODAUX,SR-1,Thibodaux,LA,29.79576,-90.82287,3.3990,3.3990,3.3990,1,city
65033,PILOT TRAVEL CENTERS #457,"I-75, EXIT 135",Beaverdam,OH,40.83339,-83.97661,3.3307,3.3307,3.3307,1,city
65036,WAVERLY TRUCKSTOP,"I-20, EXIT 157 & SR-577",Delhi,LA,32.45764,-91.49317,2.9640,2.9640,2.9640,1,city
65037,CIRCLE K #2707783,"I-20, EXIT 114 & SR-617",West Monroe,LA,32.51848,-92.14764,2.9573,2.9573,2.9573,1,city
65048,Irving,SR-2,Westminster,MA,42.54592,-71.91063,3.7490,3.7490,3.7490,1,city
65059,ROYAL FARMS #111,"I-95, EXIT 57",Baltimore,MD,39.29038,-76.61219,3.2090,3.2090,3.2090,1,city
65062,AC & T BIG POOL,"I-70, EXIT 12 & SR-56",Big Pool,MD,39.62371,-78.01583,3.6590,3.6590,3.6590,1,city
65064,A C AND T SHARPSBURG PIKE,"I-70, EXIT 29A & SR-65",Hagerstown,MD,39.64176,-77.71999,3.7990,3.7990,3.7990,1,city
65066,HURLOCK CITGO,SR-392 & SR-331,Hurlock,MD,38.62428,-75.85438,3.2590,3.2590,3.2590,1,city
65067,SUNOCO,US-301,Newburg,MD,38.37735,-76.95331,3.3790,3.3790,3.3790,1,city
65069,CIRCLE K #4707056,"I-95, EXIT 75",Auburn,ME,44.09785,-70.23117,3.8990,3.8990,3.8990,1,city
65074,CIRCLE K #4707004,"I-95, EXIT 244 & SR-157",Medway,ME,45.60894,-68.53086,3.5023,3.5023,3.5023,1,city
65075,CIRCLE K #4707017,"I-95, EXIT 48",Portland,ME,43.65737,-70.2589,3.7423,3.7423,3.7423,1,city
65083,SUNOCO,"I-75, EXIT 34B",Riverview,MI,42.17421,-83.17937,3.6390,3.6390,3.6390,1,city
65084,BEACON & BRIDGE #19,US-131 & SR-115,Cadillac,MI,44.25195,-85.40116,3.2590,3.2390,3.2790,3,city
65086,FRED MOORE BP,"I-94, EXIT 257",Casco,MI,42.75253,-82.67158,4.0990,4.0990,4.0990,1,city
65088,Circle K #2746528,US-41/SR-28 & SR-95,Champion,MI,46.51382,-87.96347,3.8190,3.8190,3.8190,1,city
65091,WYOMING FUEL PLAZA,"I-94, EXIT 210A",Dearborn,MI,42.32226,-83.17631,3.5990,3.5990,3.5990,1,city
65092,BP,"I-94 & US-12, EXIT 210",Dearborn,MI,42.32226,-83.17631,3.6690,3.1990,4.0990,4,city
65094,MARATHON,"I-75 & SR-32, EXIT 282",Gaylord,MI,45.02751,-84.67475,3.8140,3.7990,3.8290,2,city
65108,PICKLEMANS ONE STOP-ZEPHYR,ST 28,Newberry,MI,46.355,-85.50956,3.6990,3.6990,3.6990,1,city
65113,NORTHWIND TRAVEL CENTER,"US-131, EXIT 153 & US-10",Reed City,MI,43.87502,-85.51005,3.5490,3.4990,3.5990,2,city
65121,BP TRAVEL CENTER AND TRUCK PLAZA,"I-275, EXIT 20",Belleville,MI,42.20476,-83.48521,4.1990,4.1990,4.1990,1,city
65127,PITSTOP MOBIL MART,"I-196, EXIT 72",Wyoming,MI,42.91336,-85.70531,3.6740,3.5490,3.7990,2,city
65129,HOLIDAY STATIONSTORE #2746345,"I-94, EXIT 103/US-52 & SR-29",Alexandria,MN,45.88524,-95.37754,3.4990,3.4990,3.4990,1,city
65132,PETES PLACE SOUTH,US-71 & US-2,Bemidji,MN,47.47356,-94.88028,3.4157,3.4157,3.4157,1,city
65135,CIRCLE K #3819,SR-7,Clara City,MN,44.95496,-95.3664,3.3323,3.3323,3.3323,1,city
65136,HOLIDAY STATIONSTORE #2746422,"I-35, EXIT 253B",Duluth,MN,46.78327,-92.10658,3.4990,3.4990,3.4990,1,city
65141,KWIK TRIP #619,US-14 & ST-57,Kasson,MN,44.02996,-92.75074,3.5490,3.5490,3.5490,1,city
65142,HOLIDAY STATIONSTORE #2746376,"I-35W, EXIT 36 & CR-23",Circle Pines,MN,45.14858,-93.15161,3.5490,3.5490,3.5490,1,city
65153,7Fleet #46516,"I-75, EXIT 164",Waite Park,MN,45.55719,-94.22416,3.4590,3.4590,3.4590,1,city
65162,Petro Mart #15,I-270 EXIT 33,Saint Louis,MO,38.62727,-90.19789,2.9040,2.9040,2.9040,1,city
65165,AMERIMART # 11,US-61,Jackson,MO,37.38227,-89.66621,3.2990,3.2990,3.2990,1,city
65171,SIGNAL FOOD STORE #110,US-60 & SR-5,Mansfield,MO,37.10672,-92.58072,3.0257,3.0257,3.0257,1,city
65177,KUM & GO #0497,US-60/SR-413 & CR-M,Republic,MO,37.12005,-93.48019,3.0790,3.0790,3.0790,1,city
65178,WILD BILLS TRAVEL CENTER,US-65 & SR-14,Ridgedale,MO,36.50395,-93.22379,3.1990,3.1990,3.1990,1,city
65180,TREX MART #11,"I-29, EXIT 65 & US-59",Savannah,MO,39.94166,-94.83025,2.9990,2.9990,2.9990,1,city
65188,GAS MART,"US-78, EXIT 14 & SR-309",Byhalia,MS,34.87232,-89.69064,2.9723,2.9723,2.9723,1,city
65192,CIRCLE K #2723396,US-49,Collins,MS,31.64544,-89.55535,3.8790,3.8790,3.8790,1,city
65194,CIRCLE K #2723401,US-98 BYP/SR-44 & SR-13,Columbia,MS,31.25184,-89.83758,3.3323,3.3323,3.3323,1,city
65197,SINGH PETRO,US-11,Ellisville,MS,31.60405,-89.19561,3.0590,3.0590,3.0590,1,city
65198,CIRCLE K #2723437,US-49,Florence,MS,32.15348,-90.1312,2.8957,2.8957,2.8957,1,city
65204,SHELL GAS MART,US-82,Mathiston,MS,33.54012,-89.12423,3.3657,3.3657,3.3657,1,city
65212,Taters #2,US-98 & SR-29,New Augusta,MS,31.20263,-89.03668,3.3157,3.3157,3.3157,1,city
65213,CIRCLE K #2723390,US-98,New Augusta,MS,31.20263,-89.03668,3.1990,3.1990,3.1990,1,city
65214,NEWTON CROSSING,"I-20, EXIT 109 & SR-15",Newton,MS,32.32126,-89.16339,3.2490,3.2490,3.2490,1,city
65216,STUCKEYS EXPRESS,US-43S,Pelahatchie,MS,32.31292,-89.79841,3.1990,3.1990,3.1990,1,city
65221,CEFCO #544,"I-55/US-51, EXIT 81",Terry,MS,32.09626,-90.29426,2.8990,2.8990,2.8990,1,city
65223,SHELL EXPRESS MART,SR-7 & SR-315,Water Valley,MS,34.1515,-89.63147,3.0657,3.0657,3.0657,1,city
65225,CIRCLE K #2723402,US-49,Wiggins,MS,30.85824,-89.13533,3.5090,3.5090,3.5090,1,city
65234,COUNTRY MART,US-13/SR-11,Bethel,NC,35.8071,-77.37886,3.0073,3.0073,3.0073,1,city
65241,CIRCLE K #2723474,US-70,Goldsboro,NC,35.38488,-77.99277,3.5407,3.5407,3.5407,1,city
65246,DOBBS PLACE,"I-95, EXIT 17",Lumberton,NC,34.61834,-79.01045,3.1590,3.1590,3.1590,1,city
65250,CIRCLE K #2723473,US-70,Morehead City,NC,34.72294,-76.72604,3.6490,3.6490,3.6490,1,city
65251,SPEEDWAY #8277,US-17 & SR-43,New Bern,NC,35.10849,-77.04411,3.2657,3.2657,3.2657,1,city
65252,SPEEDWAY #6964,SR-125 & SR-11/SR-42,Oak City,NC,35.96377,-77.30802,3.1973,3.1973,3.1973,1,city
65267,CIRCLE K #2720939,"I-795/US-264, EXIT 43A & US-301",Wilson,NC,35.72127,-77.91554,3.0490,3.0490,3.0490,1,city
65268,SPEEDWAY #6931,"I-40, EXIT 195 & SR-109",Winston Salem,NC,36.09986,-80.24422,3.6090,3.6090,3.6090,1,city
65270,INTERSTATE CENEX,"I-94, EXIT 1 & SR-16",Beach,ND,46.91807,-104.00437,3.4990,3.4990,3.4990,1,city
65273,SIMONSON TRAVEL CENTER,"I-29, EXIT 141 & US-2",Grand Forks,ND,47.92526,-97.03285,3.5390,3.5390,3.5390,1,city
65274,CENEX C STORE,US-2 & SR-3,Rugby,ND,48.36889,-99.99625,3.3990,3.3990,3.3990,1,city
65282,HEBRON SINCLAIR,US-81,Hebron,NE,40.16639,-97.58588,3.2840,3.2840,3.2840,1,city
65283,CUBBYS #2107,US-20/SR-15,Laurel,NE,42.42944,-97.08977,3.1390,3.1390,3.1390,1,city
65284,Caseys #4526,"I-80, EXIT 237",Lexington,NE,40.78084,-99.7415,3.0573,3.0573,3.0573,1,city
65287,AM ENERGY,"I-80, EXIT 248",Overton,NE,40.73862,-99.53761,2.8990,2.8990,2.8990,1,city
65289,SHOEMAKERS SOUTH,US-77,Roca,NE,40.6575,-96.65807,3.3490,3.3490,3.3490,1,city
65290,ESSENTIAL FUEL #3,ST 71,Scottsbluff,NE,41.86663,-103.66717,3.5990,3.5990,3.5990,1,city
65292,CUBBYS #117,SR-2 & SR-50,Syracuse,NE,40.65722,-96.1864,3.3190,3.3190,3.3190,1,city
65293,TRAILS WEST SINCLAIR,US-34 & SR-25,Trenton,NE,40.17555,-101.01294,3.4990,3.4990,3.4990,1,city
65294,PRIME STOP,ST 35,Wayne,NE,42.23056,-97.01782,3.2440,3.2440,3.2440,1,city
65296,CIRCLE K #4707214,"I-93, EXIT 12S & I-89 & SR-3A",Bow,NH,43.13203,-71.54924,4.1990,4.1990,4.1990,1,city
65299,EPPING FUELING CENTER,SR-27 & SR-125,Epping,NH,43.03342,-71.07423,4.0290,4.0290,4.0290,1,city
65308,SUNOCO,SR-17,East Rutherford,NJ,40.83399,-74.09709,3.1923,3.1923,3.1923,1,city
65310,Edison Fuel Stop,US-1,Edison,NJ,40.51872,-74.4121,3.1590,3.1590,3.1590,1,city
65314,Union 76,"I-55, EXIT 50A",Richwood,NJ,39.72261,-75.16546,3.3990,3.3990,3.3990,1,city
65315,SUNOCO- RICHARD STOCKTON PLAZA #7009,NJ TURNPIKE MILE POST 58.7,Trenton,NJ,40.21705,-74.74294,3.8990,3.8990,3.8990,1,city
65319,PHILLIPS 66,US-30,Clementon,NJ,39.8115,-74.98294,3.1990,3.1990,3.1990,1,city
65320,PILOT #891,"I-80, EXIT 27B",Ledgewood,NJ,40.88121,-74.65599,4.0990,4.0990,4.0990,1,city
65328,THIND TRAVEL PLAZA,SR-20,North Bergen,NJ,40.80427,-74.01208,3.2590,3.2590,3.2590,1,city
65329,UTE MOUNTAIN TRAVEL CENTER,US-160 & US-491,Towaoc,CO,37.20444,-108.72954,3.4573,3.4573,3.4573,1,city
65332,BETTY ROSS TRUCK STOP /BP,US-130 & SR-73,Pennsauken,NJ,39.95622,-75.05795,3.3290,3.3290,3.3290,1,city
65334,SUNOCO,US 22 WEST,Phillipsburg,NJ,40.69371,-75.19018,3.3290,3.3290,3.3290,1,city
65335,CONOCO,US-22,Phillipsburg,NJ,40.69371,-75.19018,3.3590,3.3590,3.3590,1,city
65338,SWIFT FUEL STOP,"I-78, EXIT 13",Newark,NJ,40.73566,-74.17237,3.8790,3.8790,3.8790,1,city
65339,US GAS & DIESEL,US-46,Ridgefield,NJ,40.83427,-74.00875,3.2290,3.2290,3.2290,1,city
65343,ENRITE,"I-287, EXIT 4",South Plainfield,NJ,40.57927,-74.41154,3.9990,3.9990,3.9990,1,city
65345,SOUTH BRUNSWICK VALERO,US-130,North Brunswick,NJ,40.454,-74.482,3.1657,3.1657,3.1657,1,city
65350,Phillips 66,"I-295, EXIT 1",Vineland,NJ,39.48623,-75.02573,3.3590,3.3590,3.3590,1,city
65351,RIGGINS TRUCK PLAZA,"I-55, EXIT 26",Vineland,NJ,39.48623,-75.02573,3.2690,3.2690,3.2690,1,city
65353,SUNOCO- GROVER CLEVELAND TRAVEL PLAZA #7014,"NORTH NJ TNPK, EXIT 11",Woodbridge,NJ,40.5576,-74.28459,3.8990,3.8990,3.8990,1,city
65359,ROAD RUNNER TRAVEL CENTER,"I-25, EXIT 156",Lemitar,NM,34.15979,-106.91031,3.2990,3.2990,3.2990,1,city
65360,Roswell #60,US-285,Roswell,NM,33.39437,-104.52491,3.3657,3.3657,3.3657,1,city
65361,BLACK MESA TRAVEL CENTER,"I-25, EXIT 252",Algodones,NM,35.38059,-106.47919,3.2690,3.2690,3.2690,1,city
65365,CHEVRON #381125,US-95,Hawthorne,NV,38.52464,-118.62458,4.0790,4.0790,4.0790,1,city
65373,CHAMPLAIN PETERBILT FUEL MART,"I-87, EXIT 43",Champlain,NY,44.98643,-73.44653,3.7990,3.7990,3.7990,1,city
65377,PETROL 9 W,US-9W,Glenmont,NY,42.6048,-73.76957,3.6990,3.6990,3.6990,1,city
65379,MIRABITO #74,"SR-79 N/I-88E, EXIT 6",Harpursville,NY,42.17841,-75.62463,4.6590,4.6590,4.6590,1,city
65381,NATIVE PRIDE,"I-90, EXIT 58 & US-20",Irving,NY,42.56756,-79.11282,2.9490,2.8990,2.9990,2,city
65383,M AND M ALLEGANY JUNCTION,"I-86/SR-17, EXIT 23 & US-219/US-219 BUS",Limestone,NY,42.02729,-78.62947,3.1290,3.1290,3.1290,1,city
65386,MIRABITO #73,"I-88, EXIT 12",Otego,NY,42.3973,-75.1735,3.9990,3.9990,3.9990,1,city
65387,MAPLEFIELDS,SR-22 & SR-442,Peru,NY,44.57838,-73.5268,3.7990,3.7990,3.7990,1,city
65392,CIRCLE K #4707622,"I-90, EXIT 41",Seneca Falls,NY,42.91062,-76.79662,3.9990,3.9990,3.9990,1,city
65395,BELLSTORES #132,US-30 & SR-60,Ashland,OH,40.86867,-82.31822,3.4990,3.4990,3.4990,1,city
65398,QUICK FUEL #2306,"I-480, EXIT 12",Brookpark,OH,41.39838,-81.80458,3.6690,3.6690,3.6690,1,fuzzy
65400,NORTHSIDE FUEL STOP,US-30 & SR-19,Bucyrus,OH,40.80839,-82.97546,3.5073,3.5073,3.5073,1,city
65406,MOBIL,"I-90/SR-2, EXIT 182B",Cleveland,OH,41.4995,-81.69541,3.7657,3.7657,3.7657,1,city
65411,CLARKS PUMP N SHOP #10,SR- 32,Jackson,OH,39.05202,-82.63655,3.6990,3.6990,3.6990,1,city
65415,SPEEDWAY #9314,US-20 & SR-21,Massillon,OH,40.79672,-81.52151,3.4823,3.4823,3.4823,1,city
65423,BARNEYS CONVENIENCE MART #15,"I-75, EXIT 195 & I-90, EXIT 64 & SR-795",Rossford,OH,41.60977,-83.56438,3.5990,3.5990,3.5990,1,city
65426,CIRCLE K #4705357,US-23 & SR-316,Ashville,OH,39.71562,-82.95296,3.0890,3.0890,3.0890,1,city
65431,QUICK MART AND MORE,US-22 & SR-43,Steubenville,OH,40.36979,-80.63396,3.6390,3.6390,3.6390,1,city
65441,HUTCH'S #103,SR-6 & SR-66,Elk City,OK,35.41199,-99.40426,2.9690,2.9690,2.9690,1,city
65444,TXB #24 dba Kwik Chek Food Stores,US-70,Hugo,OK,34.01066,-95.50968,2.9690,2.9690,2.9690,1,city
65445,QWIK CHEQUE,US-70 & SR-37,Idabel,OK,33.89566,-94.82633,3.1990,3.1990,3.1990,1,city
65451,Petes #15,US-169 & SR-88,Oologah,OK,36.44704,-95.70832,3.1590,3.1590,3.1590,1,city
65457,THACKERSVILLE TRAVEL PLAZA,"I-35, EXIT 1",Thackerville,OK,33.79344,-97.14307,2.9323,2.9323,2.9323,1,city
65490,PILOT TRAVEL CENTERS #422,"I-85, EXIT 41 & US-29",Newnan,GA,33.38067,-84.79966,3.6990,3.6990,3.6990,2,city
65494,FLYING J TRAVEL PLAZA #633,"I-20, EXIT 138",Union Point,GA,33.61568,-83.0746,3.8590,3.8590,3.8590,1,city
65513,GETGO #3602,"I-76, EXIT 146 & I-99, EXIT 1 & US-220",Bedford,PA,40.01869,-78.50391,4.0923,4.0923,4.0923,1,city
65514,ONVO TRAVEL PLAZA,"I-78, EXIT 13 & SR- 501",Bethel,PA,40.47454,-76.29134,3.3473,3.3473,3.3473,1,city
65518,KWIK FILL #239,ST 51,Crescent,PA,40.544,-80.202,3.7990,3.7990,3.7990,1,manual
65521,RUTTERS #17,US-15 & SR-234,East Berlin,PA,39.9376,-76.97859,4.2940,4.2940,4.2940,1,city
65522,TURKEY HILL #950324,US-322 & SR-23/SR-897,East Earl,PA,40.1101,-76.03272,3.7857,3.7857,3.7857,1,city
65523,SAC SHOP #512,US-30,Everett,PA,40.01147,-78.37335,4.0990,4.0990,4.0990,1,city
65524,SAC SHOP #514,I-76/I-70 & US-30,Everett,PA,40.01147,-78.37335,4.0990,4.0990,4.0990,1,city
65525,SHELL,"I-95, EXIT 46A & US-1",Fairless Hills,PA,40.17955,-74.85516,3.8990,3.8990,3.8990,1,city
65527,SUNOCO SERVICE STATION,"I-81, EXIT 5",Greencastle,PA,39.79037,-77.72777,3.8990,3.8990,3.8990,1,city
65530,7-ELEVEN #40284,"I-76, EXIT 19/247",Hershey,PA,40.28592,-76.65025,3.9673,3.9673,3.9673,1,city
65532,PILOT TRAVEL CENTERS #1,"I-80,  EXIT 173",Mill Hall,PA,41.10729,-77.48443,4.0157,4.0157,4.0157,1,city
65533,LIBERTY EXXON,US-15 & SR-414,Liberty,PA,40.32535,-79.85616,3.6990,3.6990,3.6990,1,city
65537,SHEETZ #048,US-22,Nanty Glo,PA,40.47229,-78.83336,3.5173,3.5173,3.5173,1,city
65538,WELMART,"SR-28, EXIT 16",Natrona Heights,PA,40.6234,-79.72977,4.1923,4.1923,4.1923,1,city
65549,T&C MINI MART,SR-33 & SR-191,Stockertown,PA,40.75399,-75.26212,3.6990,3.6990,3.6990,1,city
65552,A PLUS MINI MARKET,US-1 & SR-132,Feasterville Trevose,PA,40.15242,-74.98655,3.8990,3.8990,3.8990,1,city
65556,RUTTERS #60,US-30 & SR-116,York,PA,39.9626,-76.72774,4.2490,4.2490,4.2490,1,city
65572,CIRCLE K #2705377,"I-20, EXIT 22 & US-1",Aiken,SC,33.56042,-81.71955,3.1290,3.1290,3.1290,1,city
65573,SPEEDWAY/7fleet #4587,US-501,Aynor,SC,33.99989,-79.19949,3.1240,3.1240,3.1240,1,city
65578,CIRCLE K #2723355,US-52,North Charleston,SC,32.85462,-79.97481,3.3990,3.3990,3.3990,1,city
65587,HOT SPOT #2022,US-25/US-76,Honea Path,SC,34.4465,-82.39151,2.9090,2.9090,2.9090,1,city
65588,SPEEDWAY #2836,US-17,Johns Island,SC,32.769,-80.102,3.0690,3.0690,3.0690,1,city
65593,CIRCLE K #2723441,"I-82, EXIT 73 & SR-773",Prosperity,SC,34.20931,-81.53316,3.1157,3.1157,3.1157,1,city
65594,PILOT #4567,I-77 EXIT 77,Rock Hill,SC,34.92487,-81.02508,3.1490,3.1490,3.1490,1,city
65598,LEES QUICK STOP,US-52 & SR-45,Saint Stephen,SC,33.40433,-79.92174,3.4157,3.4157,3.4157,1,city
65603,JET TRUCK PLAZA,"I-29, EXIT 47",Beresford,SD,43.08054,-96.77366,3.1590,3.1590,3.1590,1,city
65604,SHELL,"I-29, EXIT 132",Huron,SD,44.36332,-98.21426,3.3590,3.3590,3.3590,1,city
65608,ZIP TRIP #81,"I-29, EXIT 62 & US-18",Lennox,SD,43.35415,-96.892,3.2040,3.2040,3.2040,1,city
65614,281 TRAVEL CENTER,US-281,Wolsey,SD,44.40776,-98.47482,3.0890,3.0890,3.0890,1,city
65622,QUICK STOP #34,US-11/SR-1,Bristol,TN,36.59511,-82.18874,3.2990,3.2990,3.2990,1,city
65624,Sudden Service #61,SR-149 & SR-46,Cumberland City,TN,36.39339,-87.63641,3.5640,3.5640,3.5640,1,city
65625,Chevron,US-64,Fayetteville,TN,35.15203,-86.57055,3.7540,3.7540,3.7540,1,city
65629,CASEYS GOODSTOP #4036,"I-40, EXIT 355",Kingston,TN,35.88091,-84.50854,3.1640,3.1640,3.1640,1,city
65639,SPEEDWAY #7138,"I-24, EXIT 70 & SR-102",Smyrna,TN,35.98284,-86.5186,3.0490,3.0490,3.0490,1,city
65641,ALLSUPS CONVENIENCE STORE #2331,I-20 & FM 600,Abilene,TX,32.44874,-99.73314,2.8757,2.8757,2.8757,1,city
65652,CIRCLE K #2706343,"I-20, EXIT 428",Fort Worth,TX,32.72541,-97.32085,2.9690,2.9690,2.9690,1,city
65659,ALLSUPS CONVENIENCE STORE #2169,US-287,Chillicothe,TX,34.25647,-99.51676,2.8957,2.8957,2.8957,1,city
65666,FUEL CITY #2,"I-30, EXIT 45B/I-35E",Dallas,TX,32.78306,-96.80667,2.9657,2.9657,2.9657,1,city
65667,ALLSUPS CONVENIENCE STORE #2103,US-287/US-81,Decatur,TX,33.23428,-97.58614,2.8990,2.8990,2.8990,1,city
65671,SUPER STOP #22,SR-87 & SR-12,Orange,TX,30.09299,-93.73655,3.4390,3.4390,3.4390,1,city
65673,PILOT #894,US-57 & US-277,Eagle Pass,TX,28.70914,-100.49952,3.8990,3.8990,3.8990,1,city
65674,VALLEY MART #09,US-277,Eagle Pass,TX,28.70914,-100.49952,3.1990,3.1990,3.1990,1,city
65678,ONE9 #1300,US-287 & SR-34,Ennis,TX,32.32931,-96.62527,2.8690,2.8690,2.8690,1,city
65683,ALLSUPS CONVENIENCE STORE #2225,US-60,Friona,TX,34.64173,-102.7241,2.9990,2.9990,2.9990,1,city
65686,CEFCO #2004,"I-35 , EXIT 499",Vernon,TX,34.15536,-99.26628,2.8607,2.8607,2.8607,1,city
65690,CIRCLE G TRUCK STOP,US-183 & SR-97,Gonzales,TX,29.50163,-97.45249,2.7990,2.7990,2.7990,1,city
65691,CIRCLE K #2704037,US-90/SR-97 & US-183,Gonzales,TX,29.50163,-97.45249,2.9040,2.9040,2.9040,1,city
65721,Paradise RV & Truck Park,US-287/US-81,Alvord,TX,33.35845,-97.69475,2.8157,2.8157,2.8157,1,city
65724,STRIPES 7FLEET #42427,US-385 & SR-191,Odessa,TX,31.84568,-102.36764,3.2890,3.2890,3.2890,1,city
65728,RIVER MART,US-281/SR-241,Pharr,TX,26.1948,-98.18362,3.3490,3.3490,3.3490,1,city
65738,CIRCLE K #2741499,SR-35 & FM-1069,Rockport,TX,28.02077,-97.05601,2.8057,2.8057,2.8057,1,city
65755,CIRCLE K #2723373,US-11 & SR-622,Atkins,VA,36.86734,-81.42344,3.3490,3.3490,3.3490,1,city
65759,XPRESS STOP,US-522 & SR-694,Cross Junction,VA,39.32038,-78.29334,3.3323,3.3323,3.3323,1,city
65761,NEW DIXIE MART #15,US-58 & SR-671,Franklin,VA,36.67765,-76.92246,3.0990,3.0990,3.0990,1,city
65762,7-ELEVEN #34516,"I-66, EXIT 6",Front Royal,VA,38.91817,-78.19444,3.5257,3.5257,3.5257,1,city
65764,LEESBURG CITGO,US-15,Leesburg,VA,39.11566,-77.5636,3.4990,3.4990,3.4990,1,city
65765,FOSTERS CONVENIENCE STORE,US-29 & SR-685,Rustburg,VA,37.27681,-79.10085,3.5990,3.5990,3.5990,1,city
65767,STATELINE FOOD MART #69,US-23,Pound,VA,37.12371,-82.60127,3.5990,3.5990,3.5990,1,city
65770,JOLLEY #136,"I-89, EXIT 21",Alburgh,VT,44.97504,-73.30013,3.5390,3.5390,3.5390,1,fuzzy
65771,CITGO,"I-91, EXIT 3 & US-5",Brattleboro,VT,42.85092,-72.55787,3.6723,3.6723,3.6723,1,city
65789,BEAR CREEK CITGO,US-45 & SR-76/SR-22,Bear Creek,WI,44.53137,-88.72649,3.4390,3.4390,3.4390,1,city
65791,EDGAR TRAVEL CENTER,SR-29 & CR-H,Edgar,WI,44.92719,-89.96346,3.5590,3.5590,3.5590,1,city
65793,KWIK TRIP #921,SR-13 & SR-21,Friendship,WI,43.97053,-89.81679,3.2740,3.2740,3.2740,1,city
65794,BP,"I-43, EXIT 180",Green Bay,WI,44.51916,-88.01983,3.3490,3.3490,3.3490,1,city
65796,ADDISON STATION,"I-41/US-41, EXIT 68 & CR-K",Hartford,WI,43.31778,-88.37899,3.1490,3.1490,3.1490,1,city
65800,BP,US-45,Kewaskum,WI,43.52083,-88.22899,3.2190,3.2190,3.2190,1,city
65804,KWIK TRIP #628,US-45,Larsen,WI,44.19165,-88.624,3.4323,3.4323,3.4323,1,city
65805,HI WAY HOP BP,"I-42/US-41, EXIT 85 & SR-67",Lomira,WI,43.59138,-88.44371,3.0990,3.0990,3.0990,1,city
65806,SHELL,US-41 & SR-67,Lomira,WI,43.59138,-88.44371,3.3890,3.3890,3.3890,1,city
65809,KWIK TRIP #399,SR-21 & SR-80,Necedah,WI,44.02608,-90.07402,3.2490,3.2490,3.2490,1,city
65810,HIGHWAY HARRY'S,I-90/I-94 EXIT 61 & SR-80,New Lisbon,WI,43.87914,-90.16541,3.1723,3.1723,3.1723,1,city
65812,PLAINFIELD PLAZA,SR-73 & I-39,Plainfield,WI,44.21386,-89.49234,3.2907,3.2907,3.2907,1,city
65813,KWIK TRIP #683,"I-39, EXIT 92 & US-51",Portage,WI,43.53915,-89.46262,3.2490,3.2490,3.2490,1,city
65814,Kracheys BP Truck Stop,US-18 & SR-35,Prairie Du Chien,WI,43.05165,-91.14124,3.5740,3.5740,3.5740,1,city
65817,TREGO TRAVEL CENTER,US-53 & CR-E,Trego,WI,45.89967,-91.82101,3.5823,3.5823,3.5823,1,city
65818,KWIK TRIP #1048,"I-90, EXIT 12",West Salem,WI,43.89913,-91.08125,3.3173,3.3173,3.3173,1,city
65820,KWIK TRIP #673,"I-90 & SR-19, EXIT 131",Windsor,WI,43.21833,-89.34151,3.2540,3.2540,3.2540,1,city
65822,RSTORE #4499,US-45 & SR-29,Wittenberg,WI,44.8272,-89.16956,3.1557,3.1557,3.1557,1,city
65824,CHANEYS SERVICE STATION,US-30 & SR-2,Chester,WV,40.61312,-80.56285,3.7990,3.7990,3.7990,1,city
65828,PAR MAR FOOD STORE #52,US-50 & CR-50/16,West Union,WV,39.29647,-80.77705,4.0990,4.0990,4.0990,1,city
65831,Hat Six Travel Center,"I-25/US-87, EXIT 182 & SR-253/SR-256",Evansville,WY,42.85997,-106.26836,3.9990,3.9990,3.9990,1,city
65835,SOUTHSIDE TRAVEL CENTER,US-20/SR-789,Thermopolis,WY,43.64607,-108.21204,3.7990,3.7990,3.7990,1,city
65836,PILOT TRAVEL CENTERS #434,"I-35W, EXIT 65",Fort Worth,TX,32.72541,-97.32085,3.2640,3.2640,3.2640,1,city
65837,PILOT TRAVEL CENTERS #455,"I-71, EXIT 140",Marengo,OH,40.40089,-82.81073,3.7190,3.7190,3.7190,1,city
65842,AM PM TRAVEL CENTER,US-1/SR-4,Blythe,GA,33.29264,-82.20151,3.5990,3.5990,3.5990,1,city
65847,ROAD RANGER #132,"I-57, EXIT 240",Champaign,IL,40.11642,-88.24338,3.4790,3.4090,3.5490,4,city
65848,Mobil,I-475,Flint,MI,43.01253,-83.68746,3.1990,3.1990,3.1990,1,city
65849,PS FOOD MART #1034,"I-94, EXIT 110 & US-27",Marshall,MI,42.27226,-84.96331,3.4790,3.4290,3.5490,4,city
65857,PILOT TRAVEL CENTERS #199,"I-20, EXIT 33",Haughton,LA,32.53265,-93.50406,3.1457,3.1457,3.1457,1,city
65858,SPEEDWAY #6661,"I-94, EXIT 40  & US-20 & US-35",La Porte,IN,41.60774,-86.71389,3.5990,3.5990,3.5990,1,city
65859,SPEEDWAY #6662,US-20 & SR-15,Bristol,IN,41.72144,-85.81749,3.5490,3.5490,3.5490,1,city
65860,LOVES TRAVEL STOPS #283,"E I-30 & FM 549, EXIT 70",Rockwall,TX,32.93123,-96.45971,3.0790,3.0490,3.1090,2,city
65862,PILOT TRAVEL CENTERS #396,"I-81, EXIT 213",Staunton,VA,38.14991,-79.0732,3.6590,3.6590,3.6590,1,city
65863,VALERO,SR-31,Clinton,NJ,40.63677,-74.90989,3.3590,3.3590,3.3590,1,city
65866,FLYING J TRAVEL PLAZA #710,"I-81, EXIT 219",New Milford,PA,41.87258,-75.72713,4.1757,4.1757,4.1757,1,city
65868,7-ELEVEN #36073,"I-77, EXIT 54 & US-21",Statesville,NC,35.78264,-80.8873,2.8790,2.8790,2.8790,1,city
65873,PILOT TRAVEL CENTER #4619,"I-81 & I-77, EXIT 77",Wytheville,VA,36.94845,-81.08481,3.5507,3.5507,3.5507,1,city
65880,MR FUEL DBA ONE9 #1245,"I-55, EXIT 52 & SR-16",Litchfield,IL,39.17533,-89.65426,3.2390,3.1990,3.2990,5,city
65883,FLYING J TRAVEL PLAZA #647,"I-64, EXIT 25 & US-41",Haubstadt,IN,38.20504,-87.57419,3.9590,3.9590,3.9590,1,city
65885,LOVES TRAVEL STOP #299,"US-75, EXIT 48 & SR-455",Anna,TX,33.349,-96.5486,3.1973,3.1973,3.1973,1,city
65909,7-Eleven/7FLEET #40496,"I-81, EXIT 47 & SR-12",Watertown,NY,43.97478,-75.91076,4.1490,4.1490,4.1490,1,city
65912,ATOKA FUEL,US-75/US-69/SR-3,Atoka,OK,34.38593,-96.12833,3.1790,3.1790,3.1790,1,city
65914,CASEYS #2732,US-30 & US-284/SR-2,Grand Island,NE,40.92501,-98.34201,3.1490,3.1490,3.1490,1,city
65915,Marathon,"I-94/US-52, EXIT 346 & CR-17",West Fargo,ND,46.87497,-96.90036,3.0290,3.0290,3.0290,1,city
65917,CUMBERLAND CORNER MART,SR-90 & US-127,Albany,KY,36.6909,-85.13468,3.5740,3.5740,3.5740,1,city
65919,QUICK FUEL #5001,US-78/SR-4,Memphis,TN,35.14953,-90.04898,3.0257,3.0257,3.0257,1,city
65935,MAIN ST JUNCTION,SR-14 & SR-15,Louisville,MS,33.12374,-89.05506,3.0990,3.0990,3.0990,1,city
65962,CIRCLE K #2705937,US-301/SR-35 & SR-50,Dade City,FL,28.36472,-82.19592,3.3323,3.3323,3.3323,1,city
65969,PILOT  #1105,SR-29 & SR-182,Bunkie,LA,30.95325,-92.18263,3.2123,3.2123,3.2123,1,city
65974,BEACON & BRIDGE #13,"US-127, EXIT 117",Ithaca,MI,43.2917,-84.6075,3.6490,3.6490,3.6490,1,city
65978,KWIK TRIP #623,US-61,Minnesota City,MN,44.09385,-91.7496,3.3990,3.3990,3.3990,1,city
65983,SPEEDWAY #6967,"US-17, EXIT 227 & SR-32",Edenton,NC,36.05794,-76.60772,3.2870,3.2870,3.2870,1,city
65989,DANCING EAGLE,"I-40, EXIT 108",Casa Blanca,NM,35.0456,-107.47144,3.3590,3.3590,3.3590,1,city
66014,BIG D TRAVEL CENTER,SR-12 & SR-183,Irving,TX,32.81402,-96.94889,2.9557,2.9557,2.9557,1,city
66015,LOVES TRAVEL STOP #298,"I-35, EXIT 39 & SR-44",Encinal,TX,28.04112,-99.35448,3.5890,3.5890,3.5890,1,city
66016,FLYING J TRAVEL PLAZA #660,"I-64, EXIT 185 & SR-180",Catlettsburg,KY,38.4048,-82.60044,3.7657,3.7657,3.7657,1,city
66017,FLYING J TRAVEL PLAZA #626,"I-95/SR-9, EXIT 305 & SR-206",Saint Augustine,FL,29.89469,-81.31452,3.4490,3.4490,3.4490,1,city
66020,LOVES TRAVEL STOP #221,I-70 EXIT 160,Zanesville,OH,39.94035,-82.01319,3.4823,3.4823,3.4823,1,city
66021,LOVES TRAVEL STOP #238,"I-65, EXIT 116 & SR-480",Shepherdsville,KY,37.9884,-85.71579,3.5990,3.5990,3.5990,1,city
66022,PILOT TRAVEL CENTERS #459,"I-10, EXIT 133",Avondale,AZ,33.4356,-112.3496,3.5930,3.5870,3.5990,2,city
66023,SAPP BROS TRAVEL CENTER,"I-29, EXIT 10 & SR-2",Percival,IA,40.74889,-95.81361,3.7890,3.7890,3.7890,1,city
66024,LOVES TRAVEL STOPS #239,"I-81/US-11, EXIT 84 & SR-619",Max Meadows,VA,36.9704,-80.94953,3.5670,3.5450,3.5890,2,city
66025,SPACE AGE TRAVEL CENTER,"I-84, EXIT 183 & SR-207",Hermiston,OR,45.84041,-119.28946,3.3323,3.3323,3.3323,1,city
66026,FLYING J TRAVEL PLAZA #643,"I-70 & I-57, EXIT 160",Effingham,IL,39.12004,-88.54338,3.3490,3.2990,3.4990,3,city
66029,Roady's Lucky Deuces,"I-10, EXIT 92 & SR-95",Duson,LA,30.23576,-92.1854,3.0357,3.0357,3.0357,1,city
66030,Colfax Travel Center,"I-80, EXIT 159 & SR-117",Colfax,IA,41.67777,-93.2452,3.1490,3.1490,3.1490,1,city
66031,WILCO FAST BREAK,US-61/US-24,Palmyra,MO,39.79421,-91.52321,3.1190,3.1190,3.1190,1,city
66034,FAS MART #5134,"I-72, EXIT 144 S",Decatur,IL,39.84031,-88.9548,3.4790,3.4590,3.4990,2,city
66035,ROAD RANGER #136,"I-90, EXIT 147",Cottage Grove,WI,43.07611,-89.19956,3.5440,3.5440,3.5440,1,city
66036,FLYING J TRAVEL PLAZA #602,"I-65, EXIT 264",Birmingham,AL,33.52066,-86.80249,3.5590,3.5590,3.5590,1,city
66037,TA PRESCOTT TRAVEL CENTER,"I-30, EXIT 44",Prescott,AR,33.80261,-93.38101,3.5023,3.5023,3.5023,1,city
66038,FLYING J TRAVEL PLAZA #1043,"I-15, EXIT 113",Idaho Falls,ID,43.46658,-112.03414,3.7490,3.6990,3.7990,2,city
66039,LOVES TRAVEL STOP #237,"I-20, EXIT 171 & US-65",Tallulah,LA,32.40848,-91.18678,3.2590,3.2590,3.2590,1,city
66040,LOVES TRAVEL STOP #272,"I-40 & DW (RANCH RD), EXIT 59",Kingman,AZ,35.18944,-114.05301,3.8557,3.8557,3.8557,1,city
66041,PILOT TRAVEL CENTERS #195,"I-84, EXIT 104 & US-97",Wasco,OR,45.59179,-120.69811,3.8657,3.8657,3.8657,1,city
66042,FLYING J TRAVEL PLAZA #707,"I-80, EXIT 78",Brookville,PA,41.16117,-79.08309,4.0340,4.0340,4.0340,1,city
66043,LOVES TRAVEL STOPS #216,US-67 & US-287,Midlothian,TX,32.48236,-96.99445,3.2150,3.1990,3.2310,2,city
66044,TA TAMPA TRAVEL CENTER,"I-4, EXIT 10",Seffner,FL,27.98363,-82.27565,3.3957,3.3957,3.3957,1,city
66045,FLYING J TRAVEL PLAZA #698,"I-71, EXIT 69",Jeffersonville,OH,39.65367,-83.56381,3.3990,3.3990,3.3990,1,city
66046,PETRO STOPPING CENTER #345,I-69 EXIT357,Fremont,IN,41.73088,-84.93274,3.8990,3.8990,3.8990,1,city
66050,PILOT TRAVEL CENTERS #130,"I-77, EXIT 145",Richfield,OH,41.23978,-81.63818,3.7990,3.7990,3.7990,1,city
66051,Caseys #4419,I-165 EXIT 5,Bowling Green,KY,36.99032,-86.4436,3.0257,3.0257,3.0257,1,city
66054,LOVES TRAVEL STOP #220,"I-25/US-87, EXIT 7 & SR-212",Cheyenne,WY,41.13998,-104.82025,3.7090,3.7090,3.7090,1,city
66055,WINDMILL BP,"US-20, EXIT 208 & SR-14",Holland,IA,42.39887,-92.80048,3.5990,3.5990,3.5990,1,city
66056,PILOT TRAVEL CENTERS #114,"I-40, EXIT 320",Crossville,TN,35.94896,-85.0269,3.2457,3.2457,3.2457,1,city
66057,ROAD RANGER #205,"I-90, EXIT 1",South Beloit,IL,42.49307,-89.03678,3.4690,3.4690,3.4690,1,city
66059,TIME OUT TRAVEL CENTER,"I-40, EXIT 432-B",Newport,TN,35.96704,-83.18766,2.9657,2.9657,2.9657,1,city
66061,FLYING J TRAVEL PLAZA #709,"I-80, EXIT 173",Mill Hall,PA,41.10729,-77.48443,4.0157,4.0157,4.0157,1,city
66062,FLYING J TRAVEL PLAZA #716,"I-29, EXIT 83",Sioux Falls,SD,43.54369,-96.72796,3.8990,3.8990,3.8990,1,city
66065,LOVES TRAVEL STOP #321,"SR 770 & I-75 , EXIT 29",Corbin,KY,36.9487,-84.09688,3.5990,3.5990,3.5990,1,city
66068,HOLIDAY STATIONSTORE #2746262,I-175 EXIT 394,Sault Sainte Marie,MI,46.4953,-84.34532,3.7990,3.7990,3.7990,1,fuzzy
66069,128 NEWTON GAS,"I-95, EXIT 20A/SR-128 & SR-9",Newton Lower Falls,MA,42.32926,-71.25367,4.2990,4.2990,4.2990,1,city
66070,TAURO,"SR-78, EXIT 3",Phillipsburg,NJ,40.69371,-75.19018,3.3423,3.3423,3.3423,1,city
66072,GENES GO TRUCK STOP,"I-10/US-83, EXIT 456 & US-377",Junction,TX,30.48936,-99.77201,3.2890,3.2890,3.2890,1,city
66073,EXXON,"I-24 & HUSBAND ROAD, EXIT 11",Paducah,KY,37.08339,-88.60005,3.1573,3.1573,3.1573,1,city
66074,HEARTLAND XPRESS,US-67 & SR-M,Poplar Bluff,MO,36.757,-90.39289,3.1990,3.1990,3.1990,1,city
66075,CORNER MART #349,"I-26, EXIT 54 & SR-72",Clinton,SC,34.47263,-81.88066,3.0990,3.0990,3.0990,1,city
66078,Amoco,I-40 EXIT 447,Hartford,TN,35.81676,-83.14321,3.0990,3.0990,3.0990,1,city
66083,KANGAROO CROSSING,SR-35,Kosciusko,MS,33.058,-89.58956,3.1990,3.1990,3.1990,1,city
66090,ROAD RANGER #267,US-281,Pharr,TX,26.1948,-98.18362,3.5640,3.5640,3.5640,1,city
66091,KEYSVILLE SAV U TIME,US-360,Keysville,VA,37.04043,-78.48333,3.3990,3.3990,3.3990,1,city
66093,KWIK TRIP #414,"I-90, EXIT 209A & US-63/SR-30",Stewartville,MN,43.85552,-92.48851,3.5573,3.5573,3.5573,1,city
66099,NEW JERSEY TRUCK STOP DIESEL ONLY,"I-95, EXIT 15E & US-9/US-1",Kearny,NJ,40.76843,-74.14542,3.7590,3.7590,3.7590,1,city
66100,CIRCLE K #2723692,"I-26, EXIT 213",North Charleston,SC,32.85462,-79.97481,3.3990,3.3990,3.3990,1,city
66103,TERRIBLE HERBST #243,I-95 & SR-164,Searchlight,NV,35.46527,-114.9197,3.8323,3.8323,3.8323,1,city
66106,FLYING J TRAVEL PLAZA #509,"I-15, EXIT 112",Beaver,UT,38.27691,-112.64105,3.6890,3.6890,3.6890,1,city
66109,QUARTERS TRAVEL PLAZA,"I-49, EXIT 23 & US-167 /SR-744",Opelousas,LA,30.53353,-92.08151,3.1840,3.1840,3.1840,1,city
66110,LOVES TRAVEL STOP #479,"I-29, EXIT143",Sioux City,IA,42.49999,-96.40031,3.6423,3.6423,3.6423,1,city
66111,CROSSROADS EXPRESS,US-36 & US-83,Oberlin,KS,39.81834,-100.5282,3.0890,3.0890,3.0890,1,city
66113,7-ELEVEN #39467,"I-95, EXIT 16E",Jersey City,NJ,40.72816,-74.07764,3.2590,3.2590,3.2590,1,city
66114,LOVES TRAVEL STOP #235,"I-29 & US-169, EXIT 44",Saint Joseph,MO,39.76861,-94.84663,3.3323,3.3323,3.3323,1,city
66115,FLYING J TRAVEL PLAZA #697,"I-80, EXIT 234B",Hubbard,OH,41.15645,-80.56924,3.4590,3.4590,3.4590,1,city
66116,ONVO TRAVEL PLAZA - HARFORD,"I-81, EXIT 217 & SR-547",Harford,PA,41.7823,-75.70158,3.5890,3.5890,3.5890,1,city
66117,ONVO TRAVEL PLAZA PINE GROVE,"I-81, EXIT 32",Pine Grove,PA,40.54842,-76.38468,3.5390,3.5390,3.5390,1,city
66119,FLYING J TRAVEL PLAZA #645,"I-270 & SR-11, EXIT 6",Granite City,IL,38.70144,-90.14872,3.5990,3.5590,3.6990,5,city
66120,LOVES TRAVEL STOP #306,"I-40/SR-66, EXIT 412",Dandridge,TN,36.01537,-83.41489,3.6890,3.6890,3.6890,1,city
66121,ROAD RANGER #226,"I-65, EXIT 99",Greenwood,IN,39.61366,-86.10665,3.6007,3.6007,3.6007,1,city
66122,ROAD RANGER #139,"I-57, EXIT 212",Tuscola,IL,39.7992,-88.2831,3.2290,3.2290,3.2290,1,city
66123,ROAD RANGER #225,"I-80, EXIT 56",Princeton,IL,41.36809,-89.46481,3.3890,3.2890,3.4490,3,city
66125,LOVES TRAVEL STOP #249,"I-55, EXIT 109",Williamsville,IL,39.95422,-89.54871,3.3990,3.3890,3.4890,3,city
66126,LOVES TRAVEL STOP #209,"I-20, EXIT 3 & US-80 & SR-169",Greenwood,LA,32.44293,-93.97296,3.1340,3.1340,3.1340,1,city
66131,SPEEDWAY #3446,"I-95, EXIT 10 & SR-440",Edison,NJ,40.51872,-74.4121,3.5857,3.5857,3.5857,1,city
66133,LOVES TRAVEL STOPS #228,"I-4, EXIT 44",Polk City,FL,28.18251,-81.82397,3.4250,3.3890,3.4610,2,city
66134,CIRCLE K #2721591,"I-10, EXIT 10 & US-29/SR-95",Pensacola,FL,30.42131,-87.21691,3.2223,3.2223,3.2223,1,city
66135,CIRCLE K #2721592,"I-10, EXIT 5 & US-90 ALT",Pensacola,FL,30.42131,-87.21691,3.2223,3.2223,3.2223,1,city
66136,CHOCTAW TRAVEL PLAZA #638,US-270 & US-59 & US-112,Poteau,OK,35.05371,-94.62356,3.2990,3.2990,3.2990,1,city
66137,CIRCLE K #2721594,"I-10, EXIT 263",Slidell,LA,30.27519,-89.78117,3.1707,3.1707,3.1707,1,city
66138,LOVES TRAVEL STOP #307,"I-75, EXIT 201",Jackson,GA,33.29457,-83.96602,3.3857,3.3857,3.3857,1,city
66139,LOVES TRAVEL STOPS #305,"I-81, EXIT 291 & SR-651",Toms Brook,VA,38.9465,-78.43917,3.6490,3.6490,3.6490,2,city
66141,QUICK FUEL #5102,"SR-826, EXIT NW 58TH ST",Miami,FL,25.77427,-80.19366,3.3890,3.3890,3.3890,1,city
66142,QUICK FUEL #5106,SR-589 & SR-580,Tampa,FL,27.94752,-82.45843,3.4923,3.4923,3.4923,1,city
66149,QUICK FUEL #5105,"I-75, EXIT W BRANDON BLVD",Tampa,FL,27.94752,-82.45843,3.5007,3.5007,3.5007,1,city
66152,Flying J Travel Plaza #656,"I-65, EXIT 95 & CR-500",Whiteland,IN,39.55005,-86.07971,3.9590,3.9590,3.9590,1,city
66155,7-ELEVEN #36575,"I-35, EXIT 248",Pflugerville,TX,30.43937,-97.62,2.8990,2.8990,2.8990,1,city
66156,7-ELEVEN #36567,SR-6 & SR-21,Bryan,TX,30.67436,-96.36996,3.1440,3.1440,3.1440,1,city
66172,Timewise Food Store #163,"I-35, EXIT 8",Laredo,TX,27.50641,-99.50754,2.9357,2.9357,2.9357,1,city
66173,TIMEWISE FOOD STORE #160,"I-10, EXIT 661",Flatonia,TX,29.68773,-97.1086,3.1990,3.1990,3.1990,1,city
66174,TIMEWISE FOOD STORE #162,"I-10, EXIT 456",Junction,TX,30.48936,-99.77201,3.0990,3.0990,3.0990,1,city
66176,PILOT #6996,"I-40, EXIT 364",Warsaw,NC,34.99933,-78.0911,3.4723,3.4723,3.4723,1,city
66177,PILOT #6978,"I-74/I-73/US-220, EXIT 44 & SR-211",Candor,NC,35.29514,-79.74532,3.9990,3.9990,3.9990,1,city
66178,LOVES TRAVEL STOP #284,I-69C/US-281 & FM-2812,Edinburg,TX,26.30174,-98.16334,3.1107,3.1107,3.1107,1,city
66179,LOVES TRAVEL STOP #246,I-80 EXIT 46,Fernley,NV,39.60797,-119.25183,3.9157,3.9157,3.9157,1,city
66182,CIRCLE K #2706708,"I-185, EXIT 10",Midland,GA,32.57486,-84.82715,3.3390,3.3390,3.3390,1,city
66183,CHEVRON CURB STORE,SR-35 & SR-21,Forest,MS,32.36459,-89.47423,3.5690,3.5690,3.5690,1,city
66184,HENRIETTA TRUCK STOP,"I-390, EXIT 12 & I-90, EXIT 46",Henrietta,NY,43.05923,-77.61222,3.8990,3.8990,3.8990,1,city
66185,TIGERMART OF BUFFALO,"I-45, EXIT 178 & US-79",Buffalo,TX,31.46379,-96.05802,3.5990,3.5990,3.5990,1,city
66186,STRIPES #40813,US-281 & SR-285,Falfurrias,TX,27.22699,-98.14417,3.0873,3.0873,3.0873,1,city
66195,MOBIL,"I-495, EXIT 26 & SR-62",Berlin,MA,42.3812,-71.63701,3.6990,3.6990,3.6990,1,city
66196,EXXON TIGER MART,"I-35, EXIT 386",Italy,TX,32.18404,-96.88472,3.1223,3.1223,3.1223,1,city
66198,CIRCLE K #2703117,"I-20, EXIT 11",Graniteville,SC,33.56375,-81.80789,3.1590,3.1590,3.1590,1,city
66221,ROAD RANGER #236,"I-43, EXIT 38",East Troy,WI,42.78529,-88.4051,3.0823,3.0823,3.0823,1,city
66223,7-ELEVEN #36548,SR-83,Laredo,TX,27.50641,-99.50754,2.9990,2.9990,2.9990,1,city
66224,ROAD RANGER #235,"I-90, EXIT 36",Hampshire,IL,42.0978,-88.53036,3.3690,3.3690,3.3690,1,city
66225,ROAD RANGER #140,"I-39, EXIT 72",Mendota,IL,41.54725,-89.11759,3.3190,3.2690,3.4390,4,city
66227,Pilot Travel Centers #482,"I-57, EXIT 95",Mount Vernon,IL,38.31727,-88.90312,3.4290,3.3590,3.5990,4,city
66229,LOVES TRAVEL STOP #308,"I-40, EXIT 86 & SR-226",Marion,NC,35.68401,-82.00927,3.7390,3.7390,3.7390,1,city
66230,PETRO COLBY TRUCKSTOP,"I-70, EXIT 53 & SR-25",Colby,KS,39.39584,-101.05238,3.5990,3.5990,3.5990,1,city
66235,LOVES TRAVEL STOP #291,"I-75, EXIT 95 & SR-627",Richmond,KY,37.74786,-84.29465,3.5990,3.5990,3.5990,1,city
66236,LOVES TRAVEL STOP #309,"I-80, EXIT 332 & SR-14",Aurora,NE,40.86723,-98.00422,3.2890,3.2890,3.2890,1,city
66237,ROUTE 66 TRAVEL CENTER,"I-40, EXIT 140",Albuquerque,NM,35.08449,-106.65114,3.3590,3.3590,3.3590,1,city
66238,BETTY BEAVERS TRUCKSTOP,"I- 90, EXIT 29",Canajoharie,NY,42.90563,-74.57181,3.5990,3.5990,3.5990,1,city
66239,Hola,US-27/SR-80/SR-25,South Bay,FL,26.66396,-80.71617,3.4190,3.4190,3.4190,1,city
66241,PUMP & PANTRY #29,US-30,Central City,NE,41.11585,-98.00172,3.3373,3.3373,3.3373,1,city
66242,PUMP & PANTRY #23,"US-34, EXIT 4TH AVE",Holdrege,NE,40.44029,-99.36982,3.4490,3.4490,3.4490,1,city
66243,CIRCLE K #4707000,SR-9,Baileyville,ME,45.125,-67.415,3.8990,3.8990,3.8990,1,manual
66244,STRIPES #40809,"I-37, EXIT 56",George West,TX,28.3325,-98.11751,3.0440,3.0440,3.0440,1,city
66247,GULF OIL #5045,I-90 EXIT 83,Charlton,MA,42.13565,-71.97007,3.9090,3.9090,3.9090,1,city
66248,CIRCLE K #4707046,"I-95, EXIT 6",Scarborough,ME,43.57814,-70.32172,3.9090,3.9090,3.9090,1,city
66249,CIRCLE K #4707206,SR-125,Epping,NH,43.03342,-71.07423,3.7673,3.7673,3.7673,1,city
66250,SPEEDWAY #6973,US-1,Wake Forest,NC,35.97987,-78.50972,2.9490,2.9490,2.9490,1,city
66252,CIRCLE K #4707023,US-1A,Holden,ME,44.75285,-68.67892,3.7323,3.7323,3.7323,1,city
66255,CIRCLE K #4707217,US-2 & SR-16,Gorham,NH,44.38784,-71.17313,3.7507,3.7507,3.7507,1,city
66257,LOVES TRAVEL STOPS #310,"I-80/US-30, EXIT 173",Wamsutter,WY,41.67301,-107.97925,3.7410,3.7230,3.7590,2,city
66258,CIRCLE K #4707208,"I-93, EXIT 23",New Hampton,NH,43.60563,-71.65424,3.6590,3.6590,3.6590,1,city
66259,CEFCO #48,"I-35, EXIT 304",Temple,TX,31.09823,-97.34278,2.9657,2.9657,2.9657,1,city
66261,CIRCLE K #2723123,"I-95, EXIT 71",Dunn,NC,35.30627,-78.6089,3.1423,3.1423,3.1423,1,city
66263,One9 SPEEDWAY #6753,"I-78, EXIT 1",Fleetwood,PA,40.45398,-75.81798,3.8323,3.8323,3.8323,1,city
66266,7-ELEVEN #40508,"I-80, EXIT 90",Elkhart,IN,41.68199,-85.97667,3.9990,3.9990,3.9990,1,city
66267,TA DEMOTTE TRAVEL CENTER,"I-65, EXIT 230",Demotte,IN,41.19504,-87.19864,3.4473,3.4473,3.4473,1,city
66272,MOOSETRACKS #752,"I-85, EXIT 113",High Point,NC,35.95569,-80.00532,3.1140,3.1140,3.1140,1,city
66273,PETRO STOPPING CENTER,"I-59, EXIT 181 & US-77",Gadsden,AL,34.01434,-86.00639,3.9990,3.9990,3.9990,1,city
66274,FLYING J TRAVEL PLAZA #692,"I-80, EXIT 352 & US-93",Wells,NV,41.11159,-114.96449,3.7090,3.7090,3.7090,1,city
66278,PILOT TRAVEL CENTERS #394,"I-84, EXIT 6",Newburgh,NY,41.50343,-74.01042,4.3590,4.3590,4.3590,1,city
66284,JOLLEY #150,"I-89, EXIT 19",Saint Albans,VT,44.81088,-73.08319,3.5390,3.5390,3.5390,1,city
66285,QUIKTRIP #787,"I-675, EXIT 5",Ellenwood,GA,33.61011,-84.28798,3.1090,3.1090,3.1090,1,city
66286,CASEYS #4205,"I-40/75, EXIT 374",Knoxville,TN,35.96064,-83.92074,3.0990,3.0990,3.0990,1,city
66290,ABBYLAND TRUCK STOP,"SR-29, EXIT 127",Curtiss,WI,44.95525,-90.43458,3.4623,3.4623,3.4623,1,city
66292,LOVES TRAVEL STOP #311,"I-20, EXIT 9",Waco,GA,33.70288,-85.18328,3.3907,3.3907,3.3907,1,city
66293,One9 #254,"I-24, EXIT 169",Wildwood,GA,34.96341,-85.41107,3.0990,3.0990,3.0990,1,city
66294,FLYING J TRAVEL PLAZA #667,"I-69, EXIT 81SB / I-96, EXIT 9",Grand Ledge,MI,42.75337,-84.74638,3.9590,3.9590,3.9590,1,city
66295,LOVES TRAVEL STOPS #432,"I-94/I-41,  EXIT 322 & SR-100",Oak Creek,WI,42.88585,-87.86314,3.8730,3.8670,3.8790,2,city
66299,XTRA MART #10093,SR-146,Millbury,MA,42.19398,-71.76007,3.6490,3.6490,3.6490,1,city
66300,PILOT TRAVEL CENTERS #149,"I-40, EXIT 42 & SR-222",Stanton,TN,35.4623,-89.40202,3.5090,3.5090,3.5090,1,city
66301,KWIK TRIP #743,US-10 & SR-114,Menasha,WI,44.20221,-88.4465,3.5073,3.5073,3.5073,1,city
66303,KWIK TRIP #787,US-51 & CR-JJ,Schofield,WI,44.90969,-89.60457,3.4157,3.4157,3.4157,1,city
66307,CM ST HELENA,SR-16,Amite,LA,30.72657,-90.50898,3.3990,3.3990,3.3990,1,city
66310,FLYING J #620,"I-70, EXIT 49",Smithton,PA,40.15396,-79.74115,4.1090,4.1090,4.1090,1,city
66313,LOVES TRAVEL STOP #313,"I-55, EXIT 58  & SR-80",Matthews,MO,36.75922,-89.58675,3.2773,3.2773,3.2773,1,city
66314,PS FOOD MART #1042,"US-23, EXIT 17",Dundee,MI,41.95727,-83.65966,3.4790,3.4290,3.5990,4,city
66315,SPEEDWAY #6748,"I-94, EXIT 34 & US-421",Michigan City,IN,41.70754,-86.89503,3.6823,3.6823,3.6823,1,city
66316,CASEYS #4204,SR-168,Knoxville,TN,35.96064,-83.92074,3.2590,3.2590,3.2590,1,city
66317,LOVES TRAVEL STOP #314,I-24 EXIT 89,Christiana,TN,35.71007,-86.39944,3.4623,3.4623,3.4623,1,city
66318,ROAD RANGER #242,"I-44, EXIT 163",Saint Robert,MO,37.8281,-92.17767,3.2640,3.2640,3.2640,1,city
66319,ROAD RANGER #211,I-90 & RIVERSIDE BLVD,Loves Park,IL,42.32002,-89.05816,3.4690,3.4690,3.4690,1,city
66320,SPEEDWAY #8772,"I-69, EXIT 168 & SR-53",Imlay City,MI,43.02475,-83.07772,3.7790,3.7790,3.7790,1,city
66322,LOVES TRAVEL STOP #318,"I-57, EXIT 83 & CR-42",Ina,IL,38.15116,-88.90396,3.4890,3.3890,3.5890,3,city
66323,PILOT TRAVEL CENTERS #905- TOWN PUMP,"I-90, EXIT 109",Milltown,MT,46.87131,-113.88177,3.6090,3.6090,3.6090,1,city
66328,LOVES TRAVEL STOP #320,"I-16/SR-404, EXIT 49 & SR-257",Dublin,GA,32.54044,-82.90375,3.3323,3.3323,3.3323,1,city
66329,CIRCLE K #2723438,"I-85, EXIT 96",Gaffney,SC,35.07179,-81.64982,3.1990,3.1990,3.1990,1,city
66332,PWI #172,"I-45, EXIT 258",Palmer,TX,32.43125,-96.66777,2.7757,2.7757,2.7757,1,city
66334,Hucks Travel Center #052,"I-24/I-69, EXIT 40 & US-641/US-62/SR-93",Kuttawa,KY,37.05894,-88.13253,3.6990,3.6990,3.6990,1,city
66337,ZIP TRIP #60,"I-25, EXIT 299 & US-16/SR-196",Buffalo,WY,44.34831,-106.69894,3.5807,3.5807,3.5807,1,city
66338,SHELL,"I-30, EXIT 160 & US-271/SR-49 & US-67",Mount Pleasant,TX,33.15679,-94.96827,3.8990,3.8990,3.8990,1,city
66339,PILOT TRAVEL CENTERS #873,US-27,Miami,FL,25.77427,-80.19366,3.6990,3.6990,3.6990,2,city
66341,7-ELEVEN #218,"I-44, EXIT 4",Harrold,TX,34.08065,-99.0323,2.6873,2.6873,2.6873,1,city
66342,ONE9 #398,"I-75, EXIT 109",Vienna,GA,32.09156,-83.79545,3.1090,3.1090,3.1090,1,city
66346,PILOT TRAVEL CENTERS #247,"I-74, EXIT 39 & SR-32",Crawfordsville,IN,40.04115,-86.87445,3.8990,3.8990,3.8990,2,city
66348,PIT STOP,I-40 EXIT 221,Wheatley,AR,34.91287,-91.11012,2.9990,2.9990,2.9990,1,city
66349,CIRCLE K #2741796,"I-40, EXIT 5",Little Rock,AR,34.74648,-92.28959,3.3657,3.3657,3.3657,1,city
66352,KWIK TRIP #871,"US-41, EXIT 124 & SR-76",Oshkosh,WI,44.02471,-88.54261,3.2907,3.2907,3.2907,1,city
66353,MOTOMART #3361,"I-55, EXIT 129",Perryville,MO,37.72422,-89.86122,2.9890,2.9890,2.9890,1,city
66355,CIRCLE K #2723439,"I-26, EXIT 5",Campobello,SC,35.11567,-82.15011,3.1323,3.1323,3.1323,1,city
66357,LOVES TRAVEL STOP #351,"I-80 & E 8TH RD, EXIT 81",Utica,IL,41.34059,-89.01008,3.4190,3.2890,3.5890,4,city
66361,SHADY NOOK,US-61/US-49,Lyon,MS,34.21789,-90.54204,3.9990,3.9990,3.9990,1,city
66362,TA FLORENCE TRAVEL CENTER,"I-95, EXIT 164 & US-52",Florence,SC,34.19543,-79.76256,3.3257,3.3257,3.3257,1,city
66363,LOVES TRAVEL STOP #178,"US-35/KS TPKE, MM 26",Belle Plaine,KS,37.39391,-97.28115,3.3290,3.3290,3.3290,1,city
66364,SHELL,"I-4, EXIT 64",Plant City,FL,28.01888,-82.11469,3.4473,3.4473,3.4473,1,city
66365,LIBERTY,US-202,Ringoes,NJ,40.42899,-74.86767,3.3990,3.3990,3.3990,1,city
66368,PETRO STOPPING CENTER #371,"I-90, EXIT 41",Waterloo,NY,42.90479,-76.86274,4.1957,4.1957,4.1957,1,city
66369,LOVES TRAVEL STOP #319,"I-74, EXIT 61",Pittsboro,IN,39.86393,-86.46694,3.8890,3.8890,3.8890,1,city
66370,SPEEDWAY #6979,US-301,Wilson,NC,35.72127,-77.91554,3.1290,3.1290,3.1290,1,city
66371,RAPIDES STATION TRUCK STOP,"I-49, EXIT 94",Boyce,LA,31.39046,-92.66931,3.0990,3.0990,3.0990,1,city
66372,CEFCO #54,"I-35, EXIT 292",Belton,TX,31.05601,-97.46445,2.9523,2.9523,2.9523,1,city
66374,BROOKSHIRE BROS #6111,US-259,Nacogdoches,TX,31.60351,-94.65549,3.3690,3.3690,3.3690,1,city
66376,SUBS AND GRUBS,"I-63, EXIT 39",Jonesboro,AR,35.8423,-90.70428,3.3890,3.3890,3.3890,1,city
66377,QUIKTRIP #873,"I-35W, EXIT 42",Fort Worth,TX,32.72541,-97.32085,2.9757,2.9757,2.9757,1,city
66382,STATELINE CONOCO,"I-35, EXIT 114",Eagleville,MO,40.46917,-93.98717,3.5490,3.5490,3.5490,1,city
66383,TENAHA EXPRESS MART,US-96 & US-84,Tenaha,TX,31.94378,-94.24409,3.2990,3.2990,3.2990,1,city
66385,TA EXPRESS MINDEN,"I-20, EXIT 52",Minden,LA,32.61543,-93.28684,3.1140,3.1140,3.1140,1,city
66386,SPEEDWAY #4631,US-220,Bassett,VA,36.7593,-79.99032,3.4157,3.4157,3.4157,1,city
66388,Gas n Go,"I-75, EXIT 117 AT MILE 117",Pinehurst,GA,32.196,-83.76295,3.0990,3.0990,3.0990,1,city
66392,MISSILE MART #10,"I-40, EXIT 161",El Dorado,AR,33.20763,-92.66627,3.4990,3.4990,3.4990,1,city
66393,VILLAGE PANTRY #5210,"I-74, EXIT 206",Oakwood,IL,40.11615,-87.77836,3.1990,3.1790,3.2990,3,city
66396,CIRCLE K #2723988,"I-55, EXIT 61 & SR-38",Kentwood,LA,30.93824,-90.50898,3.2990,3.2990,3.2990,1,city
66399,CIRCLE K #2723672,"I-59/I-20, EXIT 128",Birmingham,AL,33.52066,-86.80249,3.6990,3.6990,3.6990,1,city
66400,PWI #640,"I-10/US-95, EXIT 5",Ehrenberg,AZ,33.60419,-114.52523,3.3590,3.3590,3.3590,1,city
66404,QUICK FUEL #5302,"I-635, EXIT 14",Garland,TX,32.91262,-96.63888,3.0873,3.0873,3.0873,1,city
66405,FLYING J FUEL STOP #668,"I-75, EXIT 151",Saginaw,MI,43.41947,-83.95081,3.4440,3.2890,3.5990,4,city
66406,LOVES TRAVEL STOPS #317,"I-95, EXIT 4 & SR-629",Skippers,VA,36.61182,-77.54665,3.7950,3.7890,3.8010,2,city
66407,CIRCLE K #2723668,SR-35,Fort Payne,AL,34.44425,-85.71969,3.6490,3.6490,3.6490,1,city
66410,SIBLEY FOOD FUEL,US-72/SR-20 & CR-150,Courtland,AL,34.66898,-87.30946,3.3990,3.3990,3.3990,1,city
66416,DUCK THRU FOOD STORE #18,US-13,Winton,NC,36.39571,-76.9319,3.5623,3.5623,3.5623,1,city
66420,PILOT TRAVEL CENTER #911,I-90 EXIT 47,Superior,MT,47.19159,-114.8918,3.5590,3.5590,3.5590,1,city
66422,PLAQUEMINE TRUCK STOP,ST 1,Plaquemine,LA,30.29005,-91.23497,3.9990,3.9990,3.9990,1,city
66424,CIRCLE K #2741652,"I-10, EXIT 139",Phoenix,AZ,33.44838,-112.07404,3.3690,3.3690,3.3690,1,city
66425,CLARK OIL #31,"I-10, EXIT 44",Biloxi,MS,30.39603,-88.88531,2.8490,2.8490,2.8490,1,city
66428,SHELL,US-167,Hensley,AR,34.50537,-92.2057,3.5890,3.5890,3.5890,1,city
66437,PILOT #4596,"I-81, EXIT 4",White Pine,TN,36.10759,-83.28683,3.6990,3.6990,3.6990,1,city
66439,JACK FLASH,I-55,Farmersville,IL,39.44339,-89.65176,3.2290,3.1990,3.2590,2,city
66440,BP CONNECT #4701,I-55,Chicago,IL,41.85003,-87.65005,3.5690,3.5690,3.5690,1,city
66447,CIRCLE K #4701207,"U-55, EXIT 220",Dwight,IL,41.09448,-88.42506,3.3490,3.3490,3.3490,1,city
66448,HAMMOND TRAVEL CENTER,"I-55, EXIT 31B & US-190/SR-3260",Hammond,LA,30.50463,-90.46293,3.0990,3.0990,3.0990,1,city
66449,CITGO,"I-55, EXIT 67",Blytheville,AR,35.9273,-89.91898,3.3890,3.3890,3.3890,1,city
66451,EZ MART #304,M-57,Middleton,MI,43.18337,-84.70889,3.6990,3.6990,3.6990,1,city
66454,Fast Stop Shell,I-10,Reserve,LA,30.05381,-90.55175,3.7990,3.7990,3.7990,1,city
66456,TEXACO #383124,SR-70,Saint James,LA,29.98187,-90.83176,2.9690,2.9690,2.9690,1,city
66460,CASH MAGIC BROUSSARD NORTH,"I-49, EXIT 103",Broussard,LA,30.14715,-91.96123,3.3990,3.3990,3.3990,1,city
66461,YESWAY #1167,US-62 & CR-41/CR-168,Ropesville,TX,33.41342,-102.15434,3.0407,3.0407,3.0407,1,city
66465,Knapp Truck Stop,"I-64, EXIT 50 & SR-127",Nashville,IL,38.34366,-89.38064,3.2990,3.2990,3.2990,1,city
66470,CIRCLE K #9068,"I-65, EXIT 181",Millbrook,AL,32.47986,-86.36192,3.2157,3.2157,3.2157,1,city
66472,DIAMOND #21,"I-65, EXIT 54",Atmore,AL,31.02379,-87.49387,3.2590,3.2590,3.2590,1,city
66474,FAMCO EXPRESS,"I-690, EXIT 8",Syracuse,NY,43.04812,-76.14742,3.2990,3.2990,3.2990,1,city
66475,SPEEDWAY #4346,SR-7,Calexico,CA,32.67895,-115.49888,4.7990,4.7990,4.7990,1,city
66478,LOVES TRAVEL STOP #175,"I-70, EXIT 187",Tecumseh,KS,39.04806,-95.57915,3.2890,3.2890,3.2890,1,city
66480,LOVES TRAVEL STOP #360,"I-65, EXIT 58 & SR-218 & SR-335",Horse Cave,KY,37.1795,-85.90692,3.4290,3.4290,3.4290,1,city
66487,COMPASS,"I-55, EXIT 282",La Grange,IL,41.80503,-87.86923,3.6490,3.5490,3.7490,2,city
66488,HUCKS FOOD & FUEL #54,I-74,Farmer City,IL,40.24337,-88.64257,3.3040,3.2690,3.3390,2,city
66495,SUPER SAVER EXPRESS,"I-10, EXIT 21",Sulphur,LA,30.23659,-93.37738,2.9990,2.9990,2.9990,1,city
66496,EXXON FUEL EXPRESS,"I-10/SR-8, EXIT 31 & SR-87",Milton,FL,30.63241,-87.03969,3.9990,3.9990,3.9990,1,city
66502,SHOP RITE #82,"I-10, EXIT 64",Jennings,LA,30.22243,-92.65708,3.5890,3.5890,3.5890,1,city
66504,COUNTRY BOYS COUNTRY STORE,"I-10, EXIT 813",Hankamer,TX,29.85828,-94.62686,2.8657,2.8657,2.8657,1,city
66507,ST IGNACE TRUCKSTOP,I-75,Saint Ignace,MI,45.86614,-84.72751,3.7990,3.7990,3.7990,1,city
66508,SAMS SUNOCO,I-75,Toledo,OH,41.66394,-83.55521,3.3990,3.3990,3.3990,1,city
66509,FOUR STAR FOOD MART,"I-75, EXIT 122",Lima,OH,40.74255,-84.10523,3.1440,3.1440,3.1440,1,city
66512,MARATHON #1554,"I-75, EXIT 21",Newport,MI,42.00227,-83.30854,3.3490,3.2990,3.3990,2,city
66513,SUNRISE STORE,"I-75, EXIT 212",West Branch,MI,44.27641,-84.23861,3.2990,3.1990,3.3990,2,city
66514,BIGFOOT TRAVEL CENTER,"I-75, EXIT 29",Hahira,GA,30.99131,-83.37266,3.0990,3.0990,3.0990,1,city
66516,ADEL TRUCK PLAZA,"I-75, EXIT 39",Adel,GA,31.13727,-83.42408,2.9990,2.9990,2.9990,1,city
66517,ADMIRAL PETROLEUM #5796,"I-75, EXIT 392",Sault Sainte Marie,MI,46.4953,-84.34532,3.7990,3.7990,3.7990,1,fuzzy
66518,Racetrac #2622,"I-75, EXIT 60",Valdosta,GA,30.83334,-83.28032,3.0323,3.0323,3.0323,1,city
66523,LOVES TRAVEL STOP #325,"I-75, EXIT 59 & SOUTHWELL BLVD",Tifton,GA,31.45046,-83.5085,3.6090,3.6090,3.6090,1,city
66525,BP,"I-76, EXIT 6",Luna Pier,MI,41.80699,-83.44243,3.4490,3.3990,3.4990,2,city
66527,TA EXPRESS #648,"I-76, EXIT 90A",Brush,CO,40.25887,-103.62384,4.0990,4.0990,4.0990,1,city
66528,GO MART FOOD STORE #99,US-50 & SR-14,Parkersburg,WV,39.26674,-81.56151,3.4890,3.4890,3.4890,1,city
66529,7-ELEVEN #36076,"I-77, EXIT 73 & US-421",Hamptonville,NC,36.09847,-80.76035,2.8990,2.8990,2.8990,1,city
66531,MIDWAY EXXON TRAVEL CENTER,"I-78, EXIT 16",Bethel,PA,40.47454,-76.29134,3.3590,3.3590,3.3590,1,city
66532,PETRO PLAZA,"I-78, EXIT 17",Hampton,NJ,40.70704,-74.956,3.2657,3.2657,3.2657,1,city
66534,LOVES TRAVEL STOP #347,"I-70, EXIT 101 & SR-5",Boonville,MO,38.97364,-92.74324,3.5090,3.5090,3.5090,1,city
66537,BECKS EXPRESS MART #26,"I-80, EXIT 19",Geneseo,IL,41.44809,-90.15428,3.2690,3.2690,3.2690,1,city
66538,KUM & GO #0023,"I-80, EXIT 23",Neola,IA,41.44888,-95.61556,3.1573,3.1573,3.1573,1,city
66539,SOUTH RIDGE FARM MARKET,"I-80, EXIT 6",Clyde,OH,41.30422,-82.97519,3.3990,3.3990,3.3990,1,city
66547,OLD STONE JIFFY MART,"I-81, EXIT 321",Clear Brook,VA,39.25649,-78.09611,3.5990,3.5990,3.5990,1,city
66548,YESWAY #1156,US-84 & SR-289,Lubbock,TX,33.57786,-101.85517,2.9507,2.9507,2.9507,1,city
66550,CIRCLE K #2709663,"I-82, EXIT 730",Umatilla,OR,45.91735,-119.34252,3.6390,3.6390,3.6390,1,city
66552,GEM STOP,I-84,Marsing,ID,43.54544,-116.8132,3.5857,3.5857,3.5857,1,city
66553,JACKSONS FOOD STORE #83,"I-84, EXIT 304",Baker City,OR,44.77487,-117.83438,3.5990,3.5990,3.5990,1,city
66556,PILOT TRAVEL CENTER #899- SLIP IN,I-85,South Hill,VA,36.72653,-78.12889,3.9590,3.9590,3.9590,1,city
66560,Sunoco,"I-85, EXIT 11",Townville,SC,34.56371,-82.89848,3.1990,3.1990,3.1990,1,city
66562,TA EXPRESS FAIR PLAY,"I-85, EXIT 4",Fair Play,SC,34.51121,-82.98543,3.2090,3.2090,3.2090,1,city
66564,SPEEDWAY #6954,US-70,High Point,NC,35.95569,-80.00532,3.0490,3.0490,3.0490,1,city
66565,KWIK FILL #395,"I-86, EXIT 12",Jamestown,NY,42.097,-79.23533,4.4840,4.4690,4.4990,2,city
66571,LEXINGTON GULF,"I-128, NORTH MASS PIKE",Lexington,MA,42.44732,-71.2245,4.2990,4.2990,4.2990,1,city
66573,Brake Time Corner Market,"I-135, EXIT 14",Wichita,KS,37.69224,-97.33754,3.2990,3.2990,3.2990,1,city
66579,GULF OIL LP #5010,"I-90, EXIT 2",Lee,MA,42.30425,-73.24816,3.9140,3.9140,3.9140,1,city
66582,PWI #807,"I-15, EXIT 163 & SR-99",Fillmore,UT,38.96885,-112.32355,3.3740,3.3740,3.3740,1,city
66584,MOAPA PAIUTE TRAVEL CENTER,"I-15, EXIT 75",Moapa,NV,36.6758,-114.62082,3.3323,3.3323,3.3323,1,city
66586,CIRCLE K #4707609,US-20 & SR-12,Sangerfield,NY,42.91396,-75.37906,4.0990,4.0990,4.0990,1,city
66588,CUBBYS #402,"I-90, EXIT 330",Mitchell,SD,43.70943,-98.0298,3.1490,3.1490,3.1490,1,city
66594,FRIENDLY GUS STORE #23,I-16/SR-19,Dublin,GA,32.54044,-82.90375,3.3990,3.3990,3.3990,1,city
66595,GULF OIL LP #5040,"I-90, EXIT 9",Charlton,MA,42.13565,-71.97007,3.9090,3.9090,3.9090,1,city
66597,BP,"I-16, EXIT 90 & US-1",Twin City,GA,32.58294,-82.15512,3.7823,3.7823,3.7823,1,city
66598,WOODSHED LL,I-166 & I-169,S Coffeyville,OK,36.899,-95.615,3.0990,3.0990,3.0990,1,manual
66601,LOVES TRAVEL STOP #323,"I-69, EXIT 264 & SR-18",Marion,IN,40.55837,-85.65914,3.5757,3.5757,3.5757,1,city
66603,COFFEE CUP FUEL STOP #7,"I-90, EXIT 406 & SR-11",Brandon,SD,43.5947,-96.57199,2.9773,2.9773,2.9773,1,city
66604,GALLOPS,"I-90, I-80, EXIT 40",La Porte,IN,41.60774,-86.71389,3.5490,3.5490,3.5490,1,city
66606,BART INDUSTRIES,"I-91, EXIT 6",Bellows Falls,VT,43.13341,-72.44398,3.7090,3.7090,3.7090,1,city
66607,7-ELEVEN #37392,"I-93, EXIT 5",Londonderry,NH,42.86509,-71.37395,3.7990,3.7990,3.7990,1,city
66608,CASEYS #2650,I-94/US-52 EXIT 135 & CR-173,Melrose,MN,45.67469,-94.80752,3.1790,3.1790,3.1790,1,city
66612,STOP N GO #1709,"I-94, EXIT 105",Hixton,WI,44.38579,-91.01432,3.2373,3.2373,3.2373,1,city
66613,LOVES TRAVEL STOP #362,"I-10, EXIT 7 & SR-3063",Vinton,LA,30.19076,-93.58127,3.3057,3.3057,3.3057,1,city
66614,MARATHON,"I-94, EXIT 212A",Detroit,MI,42.33143,-83.04575,3.7990,3.6990,3.8990,2,city
66615,KWIK TRIP #396,"I-94, EXIT 295",Waukesha,WI,43.01168,-88.23148,3.3990,3.3990,3.3990,1,city
66618,CIRCLE K #2723378,I-95,Sumter,SC,33.92044,-80.34147,3.1590,3.1590,3.1590,1,city
66620,Shell,"I-95, EXIT 130",Ashland,VA,37.75903,-77.47998,3.2640,3.2640,3.2640,1,city
66622,DUNCAN TRUCK STOP,"I-95, EXIT 15",Jersey City,NJ,40.72816,-74.07764,3.4090,3.4090,3.4090,1,city
66624,Sunoco,"I-95, EXIT 25",Croydon,PA,40.08733,-74.9035,3.6590,3.6590,3.6590,1,city
66625,EXIT 43 QUICK STOP,"I-95, EXIT 43",Richmond,ME,44.0873,-69.79893,3.7657,3.7657,3.7657,1,city
66628,Chevron,"I-95, EXIT 5 & US-17",Hardeeville,SC,32.28714,-81.08067,3.0073,3.0073,3.0073,1,city
66631,SPEEDWAY #3589,I-96,Lake Odessa,MI,42.78476,-85.13834,3.5990,3.5990,3.5990,1,city
66632,SHELL FOOD MART AND TRUCKSTOP,I-985,Gainesville,GA,34.29788,-83.82407,3.3990,3.3990,3.3990,1,city
66635,C  BARN,US-67,Park Hills,MO,37.85422,-90.51818,3.0490,3.0490,3.0490,1,city
66637,BERKLYS TRAVEL CENTER,US-281,Round Mountain,TX,30.43158,-98.34474,3.3157,3.3157,3.3157,1,city
66640,Kent Kwik #928,US-82/SR-6 & SR-5/SR-25,Brent,AL,32.93735,-87.16472,3.0990,3.0990,3.0990,1,city
66643,DEERFIELD TRAVEL CENTER,"I-55, EXIT 8",Steele,MO,36.08396,-89.82925,2.9757,2.9757,2.9757,1,city
66645,ALLSUPS #2390,"I-20/US-84, EXIT 270",Merkel,TX,32.47068,-100.01287,2.8757,2.8757,2.8757,1,city
66648,CHEVRON,"I-20, EXIT 113",Bessemer,AL,33.40178,-86.95444,3.0990,3.0990,3.0990,1,city
66649,CHOCTAW TRAVEL PLAZA #637,US-59 & CR-E1452,Heavener,OK,34.88927,-94.60078,3.2990,3.2990,3.2990,1,city
66659,MARATHON,SR-37,Mitchell,IN,38.73283,-86.4736,3.5990,3.5990,3.5990,1,city
66664,CASEYS #3294,"I-380/SR-27, EXIT 43 & SR-150",Urbana,IA,42.22416,-91.87434,3.4490,3.4490,3.4490,1,city
66667,CIRCLE K #4701408,"I-36, EXIT 99",Rochelle,IL,41.92392,-89.06871,3.4990,3.4990,3.4990,1,city
66668,ACME TRUCK STOP,"I-4, EXIT 96",Orlando,FL,28.53834,-81.37924,3.3990,3.3990,3.3990,1,city
66669,CIRCLE K #2726032,I-40,Jacksonville,FL,30.33218,-81.65565,3.4290,3.4290,3.4290,1,city
66670,SPEEDWAY #7930,"I-40, 1126 N MAIN ST",Lillington,NC,35.39933,-78.81585,3.7590,3.7590,3.7590,1,city
66671,CIRCLE K #2723686,US-72,Scottsboro,AL,34.67231,-86.03415,3.2657,3.2657,3.2657,1,city
66673,MARATHON,SR-72,Huntsville,AL,34.7304,-86.58594,2.9790,2.9790,2.9790,1,city
66676,HUTCH'S #118,"I-40, EXIT 108",Watonga,OK,35.84477,-98.41313,3.0990,3.0990,3.0990,1,city
66678,NKS ROYAL TRUCKSTOP,"I-40, EXIT 16",Gallup,NM,35.52808,-108.74258,3.1190,3.1190,3.1190,1,city
66680,BIG TOP TRAVEL CENTER,"I-20, EXIT 157",Delhi,LA,32.45764,-91.49317,2.9690,2.9690,2.9690,1,city
66683,SUPERSTOP Shell,"I-40, EXIT 192",Stuttgart,AR,34.50037,-91.55263,3.4157,3.4157,3.4157,1,city
66689,ROSCOE TRAVEL PLAZA,"I-20, EXIT 235",Roscoe,TX,32.44595,-100.53872,2.7590,2.7590,2.7590,1,city
66693,Allsup Marketplace #2400,"I-40, EXIT 356",San Jon,NM,35.10756,-103.32856,3.0590,3.0590,3.0590,1,city
66705,7-ELEVEN,"I-44, EXIT 1/US-287",Wichita Falls,TX,33.91371,-98.49339,2.7607,2.7607,2.7607,1,city
66709,CIRCLE K #2709343,"I-24, EXIT 169",Wildwood,GA,34.96341,-85.41107,3.1457,3.1457,3.1457,1,city
66715,7-Eleven #34210,"I-25/US-87, EXIT 240 & SR-119",Longmont,CO,40.16721,-105.10193,3.1890,3.1890,3.1890,1,city
66717,Fast Stop Travel Centers #1131,"I-25/US-87, EXIT 80",Wheatland,WY,42.05407,-104.95295,3.4990,3.4990,3.4990,1,city
66718,Bartonville SHELL,"I-474, EXIT 6",Peoria,IL,40.69365,-89.58899,4.2990,4.2990,4.2990,1,city
66720,MOUNTAIN ENERGY #126,"I-26, EXIT 13",Hendersonville,NC,35.31873,-82.46095,2.8457,2.8457,2.8457,1,city
66721,USA SPEEDTRAC,"I-49US-167, EXIT 11",Grand Coteau,LA,30.41992,-92.04651,3.3990,3.3990,3.3990,1,city
66725,SPEEDWAY #9662,I-264,Louisville,KY,38.25424,-85.75941,3.0290,3.0290,3.0290,1,city
66728,CIRCLE K #2723706,"I-81/US-52, EXIT 72 & I-77, EXIT 41",Wytheville,VA,36.94845,-81.08481,3.3490,3.3490,3.3490,1,city
66734,Marathon,"I-675, Exit 7",Ellenwood,GA,33.61011,-84.28798,3.0090,3.0090,3.0090,1,city
66737,THE JUNCTION,US-59 & US-73,Atchison,KS,39.56305,-95.12164,3.2790,3.2790,3.2790,1,city
66738,TREX MART #9,I-29,Dearborn,MO,39.52194,-94.76996,2.9990,2.9990,2.9990,1,city
66739,ZIP TRIP #64,I-29,Brookings,SD,44.31136,-96.79839,3.3990,3.3990,3.3990,1,city
66741,DEANS LANE VALERO,I-295,Monmouth Junction,NJ,40.379,-74.54654,3.1457,3.1457,3.1457,1,city
66742,DEEP WATER TRUCK STOP,"I-295, EXIT 2C",Penns Grove,NJ,39.72956,-75.46797,3.2790,3.2790,3.2790,1,city
66746,CASEYS #4246,"I-30, EXIT 123",Bryant,AR,34.59593,-92.48905,3.0323,3.0323,3.0323,1,city
66747,LOVES TRAVEL STOP #322,"I-90, EXIT 3",Roscoe,IL,42.41335,-89.00927,3.7890,3.7890,3.7890,1,city
66749,BIG RIVER #18,"I-310 EXIT 2, & US-61",Saint Rose,LA,29.94687,-90.32313,3.0990,3.0990,3.0990,1,city
66750,LOVES TRAVEL STOP #177,I-35,El Dorado,KS,37.81724,-96.86225,3.2557,3.2557,3.2557,1,city
66751,FAST N FRIENDLY,"I-35, EXIT 132",Emporia,KS,38.4039,-96.18166,3.6573,3.6573,3.6573,1,city
66756,CASEYS #2550,"I-35, EXIT 33 & US-34",Osceola,IA,41.03389,-93.7655,3.3390,3.3390,3.3390,1,city
66760,LOVES TRAVEL STOP #326,I-26 EXIT 154A,Orangeburg,SC,33.49182,-80.85565,3.3890,3.3890,3.3890,1,city
66761,SPEEDWAY #4589,US-501 & SR-90,Conway,SC,33.836,-79.04781,3.0640,3.0640,3.0640,1,city
66762,EXXON TIGER MART #44,"US-45,  EXIT 249",Ennis,TX,32.32931,-96.62527,3.0990,3.0990,3.0990,1,city
66763,SPEEDWAY #7998,US-52 & US-74,Wadesboro,NC,34.96821,-80.07673,3.6457,3.6457,3.6457,1,city
66765,STRIPES #40736,US-77/US-83,Olmito,TX,26.02174,-97.53415,2.9990,2.9990,2.9990,1,city
66767,SPRINT MART #49,"I-22/US-78, EXIT 87 & SR-811",Tupelo,MS,34.25807,-88.70464,2.9923,2.9923,2.9923,1,city
66769,PETRO STOPPING CENTER #344,"I-95, EXIT 3",Kingsland,GA,30.79996,-81.68983,3.6490,3.6490,3.6490,1,city
66771,FLYING J TRAVEL PLAZA #727,"I-69C/US-281, EXIT 8 & FM-1925",Edinburg,TX,26.30174,-98.16334,3.0840,3.0840,3.0840,1,city
66773,STRIPES 7FLEET #42475,US-62,Hobbs,NM,32.70261,-103.13604,3.4590,3.4590,3.4590,1,city
66774,Clark #4667,"I-80/I-90, EXIT 39 & SR-109",Delta,OH,41.57366,-84.00522,3.6990,3.6990,3.6990,1,city
66775,GO MART,US-33 & CR-116,Rockbridge,OH,39.57979,-82.5221,3.4990,3.4990,3.4990,1,city
66776,S&G #77,US-224 & US-23,Alvada,OH,41.05033,-83.40187,3.2590,3.2590,3.2590,1,city
66778,LOVES TRAVEL STOP #169,"I-44, EXIT 179 & US-377/SR-99",Stroud,OK,35.74868,-96.65807,3.1440,3.1440,3.1440,1,city
66780,DIAMOND #20,"I-65, EXIT 93 & SR-84",Evergreen,AL,31.4335,-86.95692,3.3990,3.3990,3.3990,1,city
66784,Texaco #384529,US-80/SR-8 & SR-14,Selma,AL,32.40736,-87.0211,3.2990,3.2990,3.2990,1,city
66785,WINFIELD TRUCK STOP,SR-129,Winfield,AL,33.92899,-87.81725,3.6590,3.6590,3.6590,1,city
66786,Circle K #2741791,"I-40, EXIT 175 & SR-31",Lonoke,AR,34.78398,-91.89986,3.1390,3.1390,3.1390,1,city
66787,TEXACO,"I-59, EXIT 67B",Hattiesburg,MS,31.32712,-89.29034,3.0657,3.0657,3.0657,1,city
66788,CIRCLE K #4703626,"I-75, EXIT 60 & SR-68",Sweetwater,TN,35.60146,-84.46104,3.2890,3.2890,3.2890,1,city
66793,CIRCLE K #2723693,"I-526, EXIT 19 & SR-10-60",Charleston,SC,32.77632,-79.93275,2.9757,2.9757,2.9757,1,city
66795,FUEL MART #645,"I-90, EXIT 353",Spencer,SD,43.72748,-97.59312,3.4990,3.4990,3.4990,1,city
66796,ROYAL FARMS #109,US-13 & SR-404,Bridgeville,DE,38.74261,-75.60437,3.2590,3.2590,3.2590,1,city
66799,SHELL DBA ONE9 #1403,"I-75/SR-93, EXIT 451 & US-129",Jasper,FL,30.51827,-82.94819,3.2515,3.2440,3.2590,2,city
66800,CIRCLE K #2743950,I-35,San Antonio,TX,29.42412,-98.49363,2.8040,2.8040,2.8040,1,city
66801,SUNSTOP #330,"I-75, EXIT 460 & SR-6",Jennings,FL,30.6041,-83.09792,3.2990,3.2990,3.2990,1,city
66802,MOBIL,US-27 & SR-66,Sebring,FL,27.49559,-81.44091,3.4590,3.4590,3.4590,1,city
66803,Stripes,FM-2061 & FM-3072,Pharr,TX,26.1948,-98.18362,3.1657,3.1657,3.1657,1,city
66804,PWI #586,"I-80, EXIT 104  & US-191",Rock Springs,WY,41.58746,-109.2029,3.1990,3.1990,3.1990,1,city
66805,CIRCLE K #2723553,US-27,Ringgold,GA,34.91591,-85.10912,3.0757,3.0757,3.0757,1,city
66807,QUICK FUEL #5303,"I-35E, EXIT 436A",Dallas,TX,32.78306,-96.80667,3.0457,3.0457,3.0457,1,city
66809,CASEYS #3449,SR-78,Wapello,IA,41.18142,-91.18543,3.3490,3.3490,3.3490,1,city
66810,QUICK FUEL #3145,SR-83,Bensenville,IL,41.95503,-87.94007,3.5090,3.4490,3.5390,3,city
66812,FAMILY EXPRESS #47 (DISCOUNT AVAILABLE),"I-65, EXIT 201 & US-24/US-231",Remington,IN,40.76087,-87.15085,3.5523,3.5523,3.5523,1,city
66813,MCCLURE OIL #59,I-69 EXIT 259,Gas City,IN,40.48726,-85.61303,3.6390,3.6390,3.6390,1,city
66815,MAXS #132,US-641 N,Murray,KY,36.61033,-88.31476,3.3990,3.3990,3.3990,1,city
66816,CIRCLE K #4707082,"I-95, EXIT 132 & SR-139",Fairfield,ME,44.5884,-69.59866,3.8990,3.8990,3.8990,1,city
66817,JOLLY TRUCK STOP,US-82/US-287,Wichita Falls,TX,33.91371,-98.49339,2.8990,2.8990,2.8990,1,city
66819,ROAD RANGER #265,"I-88, EXIT 54",Dixon,IL,41.83892,-89.47955,3.4890,3.4790,3.4990,2,city
66820,CM BREAUX BRIDGE,"I-10, EXIT 109",Breaux Bridge,LA,30.27353,-91.89928,3.2990,3.2990,3.2990,1,city
66821,DENTON GOOSE CREEK,SR-404/SR-619,Denton,MD,38.88456,-75.82716,3.2590,3.2590,3.2590,1,city
66822,WILD BILL'S,I-78,Sherman,MS,34.35927,-88.84117,2.9190,2.9190,2.9190,1,city
66824,STRIPES #42435,US-87/US-277,San Angelo,TX,31.46377,-100.43704,2.7990,2.7990,2.7990,1,city
66833,STRIPES #5148,US-281,Pharr,TX,26.1948,-98.18362,3.3990,3.3990,3.3990,1,city
66834,ROAD RANGER #186,"I-39/US-51, EXIT 27 & SR-2/CR-2200",Minonk,IL,40.90448,-89.03452,3.4390,3.3390,3.4490,3,city
66838,RUTTERS #96,US-322 & SR-655,Milroy,PA,40.71396,-77.59055,4.0507,4.0507,4.0507,1,city
66843,FLYING J TRAVEL PLAZA #728,"I-10, EXIT 37",El Paso,TX,31.75872,-106.48693,3.0923,3.0923,3.0923,1,city
66844,CIRCLE K #2706984,US-77 & CR-1356,Kingsville,TX,27.51587,-97.85611,2.8223,2.8223,2.8223,1,city
66845,CIRCLE K #2723643,SR-431,Dothan,AL,31.22323,-85.39049,3.5823,3.5823,3.5823,1,city
66846,CIRCLE K #2723664,US-280,Childersburg,AL,33.27817,-86.35498,3.8990,3.8990,3.8990,1,city
66847,CIRCLE K #2723667,"I-20, EXIT 185 & SR-21",Oxford,AL,33.61427,-85.83496,2.9990,2.9990,2.9990,1,city
66848,CIRCLE K #2723695,"I-55, EXIT 265",Senatobia,MS,34.6176,-89.9687,3.1990,3.1990,3.1990,1,city
66850,Stripes,ST 77,Riviera,TX,27.29865,-97.815,3.1257,3.1257,3.1257,1,city
66853,LOVES TRAVEL STOP #327,US-77 & FM-1898,Kingsville,TX,27.51587,-97.85611,3.1557,3.1557,3.1557,1,city
66854,TA WAPAKONETA TRAVEL CENTER,"I-75, EXIT 111",Wapakoneta,OH,40.56783,-84.19356,3.2823,3.2823,3.2823,1,city
66856,Speedway #4800,"I-94, EXIT 183",Clearwater,MN,45.41941,-94.04887,3.1990,3.1990,3.1990,1,city
66858,LOVES TRAVEL STOP #328,"I-10, EXIT 162",Chandler,AZ,33.30616,-111.84125,3.4690,3.4690,3.4690,1,city
66862,LOVES TRAVEL STOP #330,I-40 EXIT 280 & SR-56,Baxter,TN,36.15367,-85.64359,3.2340,3.2340,3.2340,1,city
66863,101 TRAVEL PLAZA,"I-40, EXIT 101 & SR-104",Cedar Grove,TN,35.64424,-86.62611,2.9990,2.9990,2.9990,1,city
66865,FLYING J FUEL STOP #741,US-287/US-281/US-82 & SR-473,Wichita Falls,TX,33.91371,-98.49339,3.1257,3.1257,3.1257,1,city
66867,KWIK STAR #212,"US-61, EXIT 156",Maquoketa,IA,42.06891,-90.66569,3.6240,3.6240,3.6240,1,city
66868,STRIPES #40604,US-83,Mission,TX,26.21591,-98.32529,2.8823,2.8823,2.8823,1,city
66869,SPEEDWAY #4630,US-220 BUS & CR-782,Ridgeway,VA,36.98931,-79.48253,3.4090,3.4090,3.4090,1,city
66870,PETRO STOPPING CENTER NAPOLEON,"US-24/US-6/CR-3, EXIT 41",Napoleon,OH,41.39227,-84.12522,3.7057,3.7057,3.7057,1,city
66874,FLYING J TRAVEL PLAZA #733,"I-27, EXIT 4 & US-82",Lubbock,TX,33.57786,-101.85517,3.3323,3.3323,3.3323,1,city
66876,PILOT TRAVEL CENTERS #156,SR-1633 & SR-813 & SR-9004,Mortons Gap,KY,37.23671,-87.47528,3.6290,3.6290,3.6290,1,city
66877,PILOT TRAVEL CENTER #916- TOWN PUMP,US-93 & US-12,Lolo,MT,46.75881,-114.08094,3.6090,3.6090,3.6090,1,city
66878,PILOT TRAVEL CENTER #915- TOWN PUMP,"I-90, EXIT 455",Billings,MT,45.78329,-108.50069,3.5807,3.5807,3.5807,1,city
66879,TA EXPRESS,"I-40, EXIT 101",Atkins,AR,35.24647,-92.93656,3.3407,3.3407,3.3407,1,city
66880,LOVES TRAVEL STOP #324,I-80 EXIT 242 & SR 339,Mifflinville,PA,41.03231,-76.30799,3.9657,3.9657,3.9657,1,city
66881,PLAZAGO TRUCKSTOP,US-50/SR-61 & SR-96/SR-14,South Hutchinson,KS,38.02807,-97.94033,3.2690,3.2690,3.2690,1,city
66888,LOVES TRAVEL STOP #334,"I-84, EXIT 211 & US-30/SR-24",Heyburn,ID,42.55852,-113.7639,3.8923,3.8923,3.8923,1,city
66890,CASEYS #4223,US-25E,Middlesboro,KY,36.60842,-83.71658,3.4890,3.4890,3.4890,1,city
66892,LOVES TRAVEL STOP #336,"I-94, EXIT 112",Marshall,MI,42.27226,-84.96331,3.5790,3.4890,3.6490,4,city
66893,ONE9 #1291,US-287 & CR-174,Bowie,TX,33.559,-97.84865,2.9123,2.9123,2.9123,1,city
66894,PILOT TRAVEL CENTERS #259,US-69,Muskogee,OK,35.74788,-95.36969,3.3223,3.3223,3.3223,1,city
66895,TA Express Tonkawa,"I-35, EXIT 40 & US-60",Tonkawa,OK,36.67837,-97.31004,3.2940,3.2940,3.2940,1,city
66897,FLYING J TRAVEL PLAZA #604,"I-65, EXIT 158",Hope Hull,AL,32.26986,-86.35719,3.3090,3.3090,3.3090,1,city
66898,PILOT TRAVEL CENTERS #384,"I-95, EXIT 58",Colonial Heights,VA,37.26804,-77.40726,3.7990,3.7990,3.7990,1,city
66899,LOVES TRAVEL STOP #333,"I-77, EXIT 83",Fort Mill,SC,35.00737,-80.94508,3.3807,3.3807,3.3807,1,city
66900,DODGE CITY PETRO #397,"I-65, EXIT 299 & SR-69",Hanceville,AL,34.06065,-86.7675,3.9190,3.9190,3.9190,1,city
66902,CIRCLE K #4707239,SR-103,Warner,NH,43.28063,-71.81675,3.9323,3.9323,3.9323,1,city
66905,CIRCLE K #4707212,SR-27,Raymond,NH,43.0362,-71.1834,3.7590,3.7590,3.7590,1,city
66906,LOVES TRAVEL STOP #331,"I-45, EXIT 272",Hutchins,TX,32.6493,-96.71305,3.1023,3.1023,3.1023,1,city
66908,CIRCLE K #2723708,"I-81, EXIT 77",Wytheville,VA,36.94845,-81.08481,3.3657,3.3657,3.3657,1,city
66911,LOVES TRAVEL STOP #343,"I-20 & I-59, EXIT 165",Toomsuba,MS,32.41847,-88.50698,3.0090,3.0090,3.0090,1,city
66912,LOVES TRAVEL STOPS #335,"I-15, EXIT 62 & SR-130",Cedar City,UT,37.67748,-113.06189,3.6630,3.6490,3.6770,2,city
66914,FLYING J TRAVEL PLAZA #683,"I-95, EXIT 106",Kenly,NC,35.59627,-78.12416,3.7090,3.7090,3.7090,1,city
66915,CIRCLE K #2723716,"I-81, EXIT 84",Max Meadows,VA,36.9704,-80.94953,3.4623,3.4623,3.4623,1,city
66918,MINIT MART #647,"I-39, EXIT 35 & SR-17",Wenona,IL,41.05253,-89.05036,3.5240,3.4990,3.5490,2,city
66920,7-ELEVEN #35562,"I-85, EXIT 32",Charlotte,NC,35.22709,-80.84313,3.3790,3.3790,3.3790,1,city
66921,LOVES TRAVEL STOP #338,"I-95/SR-405, EXIT 90 & SR-144",Richmond Hill,GA,31.93827,-81.30344,3.3640,3.3640,3.3640,1,city
66922,LOVES TRAVEL STOPS #339,"I-20, EXIT 115 & FM-1882",Odessa,TX,31.84568,-102.36764,3.5490,3.5490,3.5490,2,city
66923,LOVES TRAVEL STOP #765,"I-85, EXIT 147",Commerce,GA,34.204,-83.45711,3.2107,3.2107,3.2107,1,city
66925,FLYING J TRAVEL PLAZA #714,"I-77, EXIT 73",Rock Hill,SC,34.92487,-81.02508,3.3990,3.3990,3.3990,1,city
66927,PILOT TRAVEL CENTERS #41,I-64 EXIT 113 SE QUAD,Mount Sterling,KY,38.05647,-83.94326,3.7640,3.7590,3.7690,2,city
66928,FLYING J TRAVEL PLAZA #730,"I-35/US-83, EXIT 13",Laredo,TX,27.50641,-99.50754,3.5990,3.5990,3.5990,1,city
66929,FLYING J TRAVEL PLAZA #642,"I-255,  EXIT 17",East Saint Louis,IL,38.6245,-90.15094,3.5490,3.3890,3.6990,4,city
66931,CASEYS #3896,"I-380, EXIT 35",Center Point,IA,42.19083,-91.78518,3.4490,3.4490,3.4490,1,city
66932,CIRCLE K #4701444,US-34 & SR-164,Monmouth,IL,40.91143,-90.64736,3.4240,3.3990,3.4490,2,city
66935,FRANCIS CREEK TRAVEL PLAZA,SR-41,Francis Creek,WI,44.19944,-87.72148,3.3840,3.3840,3.3840,1,city
66937,LOVES TRAVEL STOP #341,"I-44, EXIT 189",Rolla,MO,37.95143,-91.77127,3.3007,3.3007,3.3007,1,city
66939,KWIK TRIP #416,SR-172 & CR-GV,De Pere,WI,44.44888,-88.06038,3.3907,3.3907,3.3907,1,city
66941,PILOT TRAVEL CENTERS #367,"I-30, EXIT 87 & 88",Caddo Mills,TX,33.06567,-96.22776,3.1690,3.1690,3.1690,1,city
66942,MAVERIK COUNTRY STORE #612,"I-15, EXIT 362",Brigham City,UT,41.51021,-112.0155,3.4490,3.4490,3.4490,1,city
66944,LOVES TRAVEL STOPS #316,"I-95, EXIT 273 & US-1",Ormond Beach,FL,29.28581,-81.05589,3.4830,3.4770,3.4890,2,city
66945,PILOT TRAVEL CENTERS #159,"I-64, EXIT 211",Providence Forge,VA,37.44181,-77.04358,3.8990,3.8990,3.8990,1,city
66948,CIRCLE K #4707618,"I-481, EXIT 8 & CR-82",East Syracuse,NY,43.06534,-76.07853,3.7990,3.7990,3.7990,1,city
66951,BERKLYS TRAVEL CENTER #3,US-377/US-87,Brady,TX,31.13517,-99.33506,3.6157,3.6157,3.6157,1,city
66953,LOVES TRAVEL STOP #355,"I-65, EXIT 16",Memphis,IN,38.4834,-85.76163,3.9490,3.9490,3.9490,1,city
66954,LOVES TRAVEL STOP #344,I-240 EXIT 21 & US-78/SR-4,Memphis,TN,35.14953,-90.04898,3.2490,3.2490,3.2490,1,city
66955,LOVES TRAVEL STOP #349,"I-8, EXIT 3",Yuma,AZ,32.72532,-114.6244,3.5023,3.5023,3.5023,1,city
66956,LOVES TRAVEL STOP #348,"I-69/I-24, EXIT 27 & US-62",Calvert City,KY,37.03339,-88.35004,3.6890,3.6890,3.6890,1,city
66957,LOVES TRAVEL STOP #346,I-65 EXIT 46 & SR-99,Columbia,TN,35.61507,-87.03528,3.7890,3.7890,3.7890,1,city
66959,PILOT TRAVEL CENTERS #388,"I-20 & I-59, EXIT 151",Meridian,MS,32.36431,-88.70366,2.9790,2.9790,2.9790,1,city
66961,CIRCLE K #2707020,"I-4, EXIT 32 & US-98/SR-700/SR-35",Lakeland,FL,28.03947,-81.9498,3.4140,3.4140,3.4140,1,city
66962,PILOT TRAVEL CENTERS #242,"I-74, EXIT 109",Shelbyville,IN,39.52144,-85.77692,3.9990,3.9990,3.9990,2,city
66963,SPARTA TRAVEL CENTER,"I-90, EXIT 28",Sparta,WI,43.94413,-90.81291,3.1790,3.1790,3.1790,1,city
66964,PILOT TRAVEL CENTERS #239,US-30/US-23,Upper Sandusky,OH,40.82728,-83.28131,3.8990,3.8990,3.8990,1,city
66965,EATONTON TRAVEL CENTER,US-441/US/129/SR-24,Eatonton,GA,33.3268,-83.3885,3.2490,3.2490,3.2490,1,city
66966,LOVES TRAVEL STOP #352,I-71 EXIT 65,Jeffersonville,OH,39.65367,-83.56381,3.4223,3.4223,3.4223,1,city
66968,FLYING J TRAVEL PLAZA #675,US-136 & SR-27,Wayland,MO,40.39449,-91.58321,3.3057,3.3057,3.3057,1,city
66972,PETRO STOPPING CENTER #339,"I-90, EXIT 272",Spokane,WA,47.65966,-117.42908,3.9790,3.9590,3.9990,2,city
66987,LOVES TRAVEL STOP #354,"US-78 & I-20, EXIT 172",Thomson,GA,33.47069,-82.50457,3.8490,3.8490,3.8490,1,city
66993,PILOT TRAVEL CENTERS #198,US-30 & US-31,Plymouth,IN,41.34366,-86.30973,3.8640,3.8590,3.8690,2,city
66994,PILOT TRAVEL CENTERS #303,US-24/US-6 & SR-108,Napoleon,OH,41.39227,-84.12522,3.7107,3.7107,3.7107,1,city
66995,PILOT TRAVEL CENTERS #322,"I-86, EXIT 37",Bath,NY,42.33702,-77.31776,4.4990,4.4990,4.4990,1,city
66997,LOVES TRAVEL STOP #289,"I-20, EXIT 49 & SR-531",Minden,LA,32.61543,-93.28684,3.1490,3.1490,3.1490,1,city
67008,TA ST LOUIS EAST TRAVEL CENTER,"I-55, EXIT 18",Troy,IL,38.72921,-89.88315,3.4640,3.3790,3.6290,6,city
67009,PILOT TRAVEL CENTERS #407,"I-35, EXIT 194",Clear Lake,IA,43.13802,-93.37937,3.6590,3.6590,3.6590,2,city
67030,LOVES TRAVEL STOP #337,"I-90 & I-35, EXIT 11",Albert Lea,MN,43.64801,-93.36827,4.0890,4.0890,4.0890,1,city
67034,LOVES TRAVEL STOP #356,"I-75, EXIT 167",North Baltimore,OH,41.18283,-83.67827,3.3473,3.3473,3.3473,1,city
67037,LOVES TRAVEL STOP #332,I-71 EXIT 204,Burbank,OH,40.98867,-81.99487,3.6890,3.6890,3.6890,1,city
67038,PILOT TRAVEL CENTERS #260,US-82/SR-520 & SR-300,Albany,GA,31.57851,-84.15574,3.7990,3.7990,3.7990,2,city
67039,ROAD RANGER #145,"I-44, EXIT 275",Fenton,MO,38.51311,-90.43595,3.3590,3.3590,3.3590,1,city
67040,FLYING J TRAVEL PLAZA #603,US-431/SR-210 & US-231/SR-1,Dothan,AL,31.22323,-85.39049,3.9990,3.9990,3.9990,1,city
67041,CIRCLE K #4707040,"I-95, EXIT 133 & US-201",Skowhegan,ME,44.76506,-69.71922,3.7257,3.7257,3.7257,1,city
67044,PILOT TRAVEL CENTER #1212,"I-10, EXIT 45",Salome,AZ,33.78114,-113.61465,3.9590,3.9590,3.9590,2,city
67047,Circle K #2746490,"I-90, EXIT 332",Mitchell,SD,43.70943,-98.0298,3.0640,3.0640,3.0640,1,city
67051,PILOT TRAVEL CENTERS #208,"I-44, EXIT 257",Pacific,MO,38.482,-90.74152,3.3240,3.3240,3.3240,1,city
67053,TA LAREDO TRAVEL CENTER,"I-35/US-83, EXIT 13",Laredo,TX,27.50641,-99.50754,3.6490,3.6490,3.6490,1,city
67054,LOVES TRAVEL STOPS #436,"I-80, EXIT 118",Salt Lake City,UT,40.76078,-111.89105,3.7130,3.6490,3.7770,2,city
67055,FLYING J TRAVEL PLAZA #641,I-15,Mccammon,ID,42.65047,-112.19302,3.7490,3.7490,3.7490,1,city
67056,Arco,US-2 & US-59,Erskine,MN,47.66746,-96.01004,3.3990,3.3990,3.3990,1,city
67057,PILOT TRAVEL CENTERS #146,"I-90, EXIT 12",Castleton On Hudson,NY,42.51841,-73.75123,3.9990,3.9990,3.9990,1,city
67058,PILOT TRAVEL CENTERS #368,"I-72, EXIT 144",Decatur,IL,39.84031,-88.9548,3.5290,3.4590,3.5990,4,city
67060,PILOT TRAVEL CENTERS #151,"I-5, EXIT 99NE",Olympia,WA,47.04491,-122.90169,4.5990,4.5990,4.5990,1,city
67063,PILOT TRAVEL CENTERS #330,"I-35, EXIT 184 SW",New Braunfels,TX,29.703,-98.12445,3.3990,3.3990,3.3990,1,city
67064,LOVES TRAVEL STOP #385,"I-40, EXIT 101 & US-281",Hinton,OK,35.47144,-98.35562,3.3857,3.3857,3.3857,1,city
67065,TA GREENWOOD TRAVEL CENTER,"I-20, EXIT 5 & US-79",Greenwood,LA,32.44293,-93.97296,3.1657,3.1657,3.1657,1,city
67066,LOVES TRAVEL STOP #361,"I-80, EXIT 168",Newton,IA,41.69971,-93.04798,3.7623,3.7623,3.7623,1,city
67067,LOVES TRAVEL STOP #377,"I-76/US-6, EXIT 31 & SR-52",Hudson,CO,40.07359,-104.64302,3.4590,3.4590,3.4590,1,city
67069,FLYING J TRAVEL PLAZA #621,"I-70, EXIT 359 & US-24",Limon,CO,39.26388,-103.69217,3.8865,3.8740,3.8990,2,city
67070,CASEYS #4225,"SR-155N, EXIT 26-A",Nashville,TN,36.16589,-86.78444,3.0623,3.0623,3.0623,1,city
67071,FAS MART #5154,"I-270, EXIT 3 & SR-3",Hartford,IL,38.83338,-90.09594,3.2890,3.2790,3.2990,2,city
67073,PILOT TRAVEL CENTERS #81,"I-79, EXIT 99",Portersville,PA,40.92284,-80.14228,4.2590,4.2590,4.2590,1,city
67075,CM FOREST GOLD,SR-16,Amite,LA,30.72657,-90.50898,3.3990,3.3990,3.3990,1,city
67076,CASH MAGIC LUCKY MAGNOLIA,SR-63/SR-16,Denham Springs,LA,30.4874,-90.95753,3.3990,3.3990,3.3990,1,city
67077,CASH MAGIC BROUSSARD SOUTH,US-90,Broussard,LA,30.14715,-91.96123,3.3990,3.3990,3.3990,1,city
67078,CASH MAGIC SILVER FOX,SR-63/SR-16,Denham Springs,LA,30.4874,-90.95753,3.3990,3.3990,3.3990,1,city
67081,LOVES TRAVEL STOP #376,"I-85/SR-403, EXIT 28 & SR-54/SR-100",Hogansville,GA,33.17318,-84.91494,3.6890,3.6890,3.6890,1,city
67082,PILOT TRAVEL CENTERS #179,"I-81, EXIT 5-B",Hagerstown,MD,39.64176,-77.71999,3.9590,3.9590,3.9590,1,city
67085,PILOT TRAVEL CENTERS #210,"I-287, EXIT 66 & SR-17",Mahwah,NJ,41.08871,-74.14376,3.8990,3.8990,3.8990,1,city
67086,SPEEDWAY #7945,SR-24,Swansboro,NC,34.68766,-77.11912,3.6990,3.6990,3.6990,1,city
67087,SPEEDWAY #8189,"I-40, EXIT 408 & SR-210 & US-117",Rocky Point,NC,34.43517,-77.88776,3.6057,3.6057,3.6057,1,city
67088,PILOT #4580,"I-26, EXIT 82",Prosperity,SC,34.20931,-81.53316,3.4257,3.4257,3.4257,1,city
67090,LOVES TRAVEL STOP #373,US-69 & PLATTER RD,Calera,OK,33.93454,-96.4286,3.2290,3.2290,3.2290,1,city
67091,SPEEDWAY #7903,SR-211,Raeford,NC,34.981,-79.2242,3.6990,3.6990,3.6990,1,city
67092,SPEEDWAY #8288,US-64 & SR-149,Plymouth,NC,35.86683,-76.74856,3.2073,3.2073,3.2073,1,city
67094,SPEEDWAY #7943,US-64/SR-49 & US-220,Asheboro,NC,35.70791,-79.81364,3.5423,3.5423,3.5423,1,city
67095,SPEEDWAY #8297,US-17 & US-17 BYP,Chocowinity,NC,35.51266,-77.10051,3.1323,3.1323,3.1323,1,city
67096,SPEEDWAY #6997,I-95/US-301,Fayetteville,NC,35.05266,-78.87836,3.3957,3.3957,3.3957,1,city
67097,SPEEDWAY #8298,SR-11/SR-55,Kinston,NC,35.26266,-77.58164,3.3530,3.3530,3.3530,1,city
67101,SPEEDWAY #7974,US-601 & SR-24/SR-27,Midland,NC,35.22737,-80.50062,3.4290,3.4290,3.4290,1,city
67103,SPEEDWAY #8225,US-13/US-17 & US-64,Williamston,NC,35.8546,-77.05551,3.8490,3.8490,3.8490,1,city
67106,PILOT TRAVEL CENTER #4656,"I-295, EXIT 3-A & US-460",Disputanta,VA,37.12432,-77.22581,3.5723,3.5723,3.5723,1,city
67107,SPEEDWAY/7fleet #4595,US-501 & SR-544,Conway,SC,33.836,-79.04781,3.0890,3.0890,3.0890,1,city
67108,SPEEDWAY/7fleet #4594,SR-90,Longs,SC,33.93851,-78.73307,3.3090,3.3090,3.3090,1,city
67109,SPEEDWAY #4676,US-13/SR-32,Suffolk,VA,36.72836,-76.58496,3.7990,3.7990,3.7990,1,city
67113,COLUMBUS WEST TRAVEL CENTER,"US-151, EXIT 118",Columbus,WI,43.33805,-89.01539,3.1190,3.1190,3.1190,1,city
67114,SPEEDWAY #1415,"I-57, EXIT 306 & US-45/US-52",Kankakee,IL,41.12003,-87.86115,3.3590,3.3390,3.3790,2,city
67115,CIRCLE K #3912,"I-24/SR-27, EXIT 155 & SR-28",Jasper,TN,35.07424,-85.62608,2.8890,2.8890,2.8890,1,city
67117,MCCLURE OIL #65,US-31 & SR-38,Cicero,IN,40.12393,-86.01332,3.8890,3.8890,3.8890,1,city
67118,ABELS QUIK SHOP #20,US-36 & CR-437,Hannibal,MO,39.70838,-91.35848,3.0657,3.0657,3.0657,1,city
67119,EASTWAY TRUCKSTOP,SR-80,Somerset,KY,37.09202,-84.60411,3.5990,3.5990,3.5990,1,city
67120,LOVES TRAVEL STOP #379,"I-10 & CR 255, EXIT 262 SW",Lee,FL,30.41996,-83.30113,3.7890,3.7890,3.7890,1,city
67121,BETTY BEAVERS TRUCKSTOP,"I-88, EXIT 12 & CR-48",Otego,NY,42.3973,-75.1735,3.8190,3.8190,3.8190,1,city
67122,WORKMANS TRAVEL CENTER,"I-540, EXIT 24 & SR-282",Alma,AR,35.47787,-94.22188,3.3723,3.3723,3.3723,1,city
67125,LOVES TRAVEL STOP #370,I-80 EXIT 234,Hubbard,OH,41.15645,-80.56924,3.4657,3.4657,3.4657,1,city
67126,PILOT TRAVEL CENTERS #366,"I-40, EXIT 85 CHRISTMASVILLE RD",Jackson,TN,35.61452,-88.81395,3.5090,3.5090,3.5090,1,city
67127,LOVES TRAVEL STOP #381,"I-65, EXIT 322 & CR-55",Falkville,AL,34.36843,-86.90862,3.8490,3.8490,3.8490,1,city
67129,PILOT TRAVEL CENTERS #920,"I-70, EXIT 54",Colby,KS,39.39584,-101.05238,3.6415,3.6340,3.6490,2,city
67130,Pilot Travel Centers #473,"I-55, EXIT 248 & US-6",Channahon,IL,41.42948,-88.22867,3.4290,3.3590,3.5990,6,city
67133,LOVES TRAVEL STOP #365,I-80 EXIT 352,Wells,NV,41.11159,-114.96449,3.7157,3.7157,3.7157,1,city
67137,PILOT TRAVEL CENTERS #485,"I-80, EXIT 173",Winnemucca,NV,40.97296,-117.73568,3.7707,3.7707,3.7707,1,city
67138,Kum N Go #0561,US-65 & SR-744,Springfield,MO,37.21533,-93.29824,2.8990,2.8990,2.8990,1,city
67139,LOVES TRAVEL STOP #383,I-71 EXIT 55 & SR-1039,Sparta,KY,38.67701,-84.90689,3.7490,3.7490,3.7490,1,city
67140,Maverik Country Store #5069,I-35 EXIT 133,Ellsworth,IA,42.31276,-93.57882,3.0957,3.0957,3.0957,1,city
67141,KUM & GO #0022,"I-80, EXIT 182 & SR-146",Grinnell,IA,41.74305,-92.72241,3.1973,3.1973,3.1973,1,city
67143,ALL AMERICAN STORES #7,US-30,Fort Wayne,IN,41.1306,-85.12886,3.5590,3.5590,3.5590,1,city
67149,HOOPS TRAVEL CENTER,I-39 & SR-21,Coloma,WI,44.03553,-89.52151,3.1823,3.1823,3.1823,1,city
67150,Maverik Country Store #5119,"US-30, EXIT 150",Ames,IA,42.03471,-93.61994,3.0823,3.0823,3.0823,1,city
67151,CASEYS #2523,"SR-163, EXIT 29 & SR-14",Monroe,IA,41.52221,-93.10187,3.1990,3.1990,3.1990,1,city
67155,PILOT TRAVEL CENTER #1219,"I-70, EXIT 61",Vandalia,IL,38.9606,-89.09368,3.6990,3.6990,3.7590,3,city
67158,GOLDEN GATE AUTO TRUCK PLAZA,"I-80 , EXIT 32",Sparks,NV,39.53491,-119.75269,3.5390,3.5390,3.5390,1,city
67160,LOVES TRAVEL STOPS #378,"I-77, EXIT 132",Ripley,WV,38.8187,-81.71069,3.6050,3.5890,3.6210,2,city
67162,PILOT TRAVEL CENTERS #495,"I-80 , EXIT 201",Brooklyn,IA,41.73361,-92.44546,3.7423,3.6990,3.7857,2,city
67163,LOVES TRAVEL STOP #358,"I-78, EXIT 23",Hamburg,PA,40.55565,-75.98188,3.8573,3.8573,3.8573,1,city
67164,FLYING J TRAVEL PLAZA #510,"I-15 , EXIT 188",Scipio,UT,39.24496,-112.1041,3.6890,3.6890,3.6890,1,city
67165,SOMERSET TRAVEL CENTER,"I-76 , EXIT 110",Somerset,PA,40.00841,-79.07808,4.2190,4.2190,4.2190,1,city
67166,Circle K #4705726,US-33,Carroll,OH,39.79895,-82.701,3.2457,3.2457,3.2457,1,city
67167,LOVES TRAVEL STOP #372,"I-84, EXIT 374",Ontario,OR,44.02655,-116.96294,3.6890,3.6890,3.6890,1,city
67168,LOVES TRAVEL STOPS #455,"I-70, EXIT 145",Ellis,KS,38.93807,-99.56067,3.6560,3.6230,3.6890,2,city
67169,JD ORANGEBURG,US-301/US-601/SR-4,Orangeburg,SC,33.49182,-80.85565,3.3423,3.3423,3.3423,1,city
67170,FAST TRACK #410,"I-10, EXIT 258",Madison,FL,30.46938,-83.41293,3.7490,3.7490,3.7490,1,city
67174,KWIK STAR #419,"US-218, EXIT 218",Charles City,IA,43.06636,-92.67241,3.5390,3.5390,3.5390,1,city
67175,KWIK STAR #428,SR-9,Cresco,IA,43.38136,-92.11405,3.5240,3.5240,3.5240,1,city
67178,KWIK STAR #701,US-63,Denver,IA,42.67137,-92.3374,3.4990,3.4990,3.4990,1,city
67182,KWIK STAR #817,US-52 & SR-24,Calmar,IA,43.18358,-91.86405,3.5790,3.5790,3.5790,1,city
67185,KWIK TRIP #385,SR-19/SR-3,Northfield,MN,44.4583,-93.1616,3.4990,3.4990,3.4990,1,city
67186,KWIK TRIP #424,SR-15 & CR-26,Fairmont,MN,43.65218,-94.46108,3.3990,3.3990,3.3990,1,city
67192,KWIK TRIP #464,US-63,Rochester,MN,44.02163,-92.4699,3.5407,3.5407,3.5407,1,city
67193,KWIK TRIP #609,SR-16 & SR-43,Rushford,MN,43.8083,-91.75293,3.4990,3.4990,3.4990,1,city
67195,KWIK TRIP #646,US-169 & CR-53,Blue Earth,MN,43.63746,-94.10218,3.3240,3.3240,3.3240,1,city
67196,KWIK TRIP #753,US-14 & SR-42,Eyota,MN,43.9883,-92.2285,3.6157,3.6157,3.6157,1,city
67200,KWIK TRIP #319,SR-13,Spencer,WI,44.75774,-90.2968,3.4757,3.4757,3.4757,1,city
67202,KWIK TRIP #328,US-53 & SR-95,Blair,WI,44.2944,-91.23516,3.2373,3.2373,3.2373,1,city
67204,KWIK TRIP #337,SR-65,New Richmond,WI,45.12302,-92.53659,3.4990,3.4990,3.4990,1,city
67206,KWIK TRIP #352,US-53,Chippewa Falls,WI,44.93691,-91.39293,3.4073,3.4073,3.4073,1,city
67207,KWIK TRIP #354,SR-26,Watertown,WI,43.19472,-88.72899,3.3723,3.3723,3.3723,1,city
67208,KWIK TRIP #363,US-14 & CR-O,Richland Center,WI,43.33471,-90.38679,3.3890,3.3890,3.3890,1,city
67209,KWIK TRIP #386,SR-64,Merrill,WI,45.18052,-89.68346,3.4990,3.4990,3.4990,1,city
67211,KWIK TRIP #392,SR-49/SR-23,Ripon,WI,43.8422,-88.83594,3.3907,3.3907,3.3907,1,city
67219,KWIK TRIP #455,US-8 & SR-27,Ladysmith,WI,45.46302,-91.10404,3.2723,3.2723,3.2723,1,city
67220,KWIK TRIP #456,"US-18/151, EXIT 79 & CR-PB",Verona,WI,42.99083,-89.53318,3.5790,3.5790,3.5790,1,city
67221,KWIK TRIP #457,"I-41/US-41, EXIT 116 & SR-44/SR-91",Oshkosh,WI,44.02471,-88.54261,3.2907,3.2907,3.2907,1,city
67223,KWIK TRIP #476,"US-53, EXIT 140",Rice Lake,WI,45.50607,-91.73823,3.4323,3.4323,3.4323,1,city
67226,KWIK TRIP #494,US-53 & SR-35,Onalaska,WI,43.88441,-91.23514,3.3357,3.3357,3.3357,1,city
67229,KWIK TRIP #740,SR-15,Hortonville,WI,44.3347,-88.63816,3.5090,3.5090,3.5090,1,city
67230,KWIK TRIP #750,US-14/US-61/SR-35,La Crosse,WI,43.80136,-91.23958,3.2990,3.2990,3.2990,1,city
67233,KWIK TRIP #807,US-10,Brillion,WI,44.17721,-88.06427,3.3657,3.3657,3.3657,1,city
67234,KWIK TRIP #847,SR-33 & SR-82/SR-80,Wonewoc,WI,43.65275,-90.22346,3.4990,3.4990,3.4990,1,city
67235,FLYING J TRAVEL PLAZA #507,I-35,Jarrell,TX,30.82491,-97.60445,3.2207,3.2207,3.2207,1,city
67237,OUTPOST TRAVEL CENTER,US-79 & CR-111,Minden,LA,32.61543,-93.28684,3.1323,3.1323,3.1323,1,city
67239,RELAY STATION,SR-1,Shreveport,LA,32.52515,-93.75018,3.1323,3.1323,3.1323,1,city
67241,RELAY STATION 3,SR-175,Frierson,LA,32.25183,-93.6899,3.2590,3.2590,3.2590,1,city
67242,SPEEDWAY #6940,"I-77, EXIT 85 & SR-268",Elkin,NC,36.2443,-80.8484,2.8590,2.8590,2.8590,1,city
67243,LOVES TRAVEL STOP #386,"I-40, EXIT 9 & SR-95",Lake Havasu City,AZ,34.4839,-114.32245,3.9223,3.9223,3.9223,1,city
67245,SPEEDWAY #4582,US-378,Conway,SC,33.836,-79.04781,3.0890,3.0890,3.0890,1,city
67246,SPEEDWAY #7941,US-17 & SR-24,Jacksonville,NC,34.75405,-77.43024,3.3257,3.3257,3.3257,1,city
67247,CIRCLE K #4707512,"I-93, EXIT 47",Methuen,MA,42.7262,-71.19089,3.7990,3.7990,3.7990,1,city
67248,SPEEDWAY #6962,"I-40, EXIT 303",Garner,NC,35.71126,-78.61417,2.9207,2.9207,2.9207,1,city
67255,LOVES TRAVEL STOP #393,"I-55, EXIT 13",Mccomb,MS,31.24379,-90.45315,3.2390,3.2390,3.2390,1,city
67262,PILOT TRAVEL CENTERS #497,"I-20, EXIT 165",Lincoln,AL,33.61316,-86.11831,3.1540,3.1090,3.1990,2,city
67264,CIRCLE K #4707016,US-1,Princeton,ME,45.22341,-67.57222,3.8823,3.8823,3.8823,1,city
67265,CIRCLE K #4707048,US-2,Lincoln,ME,45.36228,-68.50502,3.7323,3.7323,3.7323,1,city
67269,ONVO TRAVEL PLAZA - GOULDSBORO,"I-380, EXIT 13 & SR-507",Gouldsboro,PA,41.24453,-75.45602,3.5857,3.5857,3.5857,1,city
67271,KWIK TRIP #330,US-169 & SR-25,Belle Plaine,MN,44.62274,-93.76857,3.3790,3.3790,3.3790,1,city
67272,PILOT TRAVEL CENTER #922- TOWN PUMP,US-2 & SR-40,Columbia Falls,MT,48.37246,-114.18152,3.6490,3.6490,3.6490,1,city
67273,LOVES TRAVEL STOP #396,I-26 EXIT 76,Newberry,SC,34.27458,-81.61872,3.4157,3.4157,3.4157,1,city
67274,KWIK STAR #790,"US-20, EXIT 275 & SR-13",Manchester,IA,42.48415,-91.45543,3.5623,3.5623,3.5623,1,city
67275,KWIK TRIP #481,US-61,Red Wing,MN,44.56247,-92.5338,3.3240,3.3240,3.3240,1,city
67279,LOVES TRAVEL STOP #391,"I-74, EXIT 123",Saint Paul,IN,39.4281,-85.62831,3.9890,3.9890,3.9890,1,city
67281,PARKERS SURRENCY #208,US-341/SR-27 & SR-121,Surrency,GA,31.72381,-82.1979,3.5857,3.5857,3.5857,1,city
67282,RUTTERS #65,"I-81, EXIT 14 & US-11",Chambersburg,PA,39.93759,-77.6611,4.3990,4.3990,4.3990,1,city
67283,PILOT #4597,"I-40, EXIT 258/SR-53",Gordonsville,TN,36.17256,-85.92971,3.2457,3.2457,3.2457,1,city
67284,LOVES TRAVEL STOP #390,"I-80, EXIT 179",North Platte,NE,41.12389,-100.76542,3.4557,3.4557,3.4557,1,city
67285,CASEY'S #4504,"I-35, EXIT 159 & CR-C47",Dows,IA,42.65664,-93.50104,3.2990,3.2990,3.2990,1,city
67292,LOVES TRAVEL STOP #304,"I-59, EXIT 174",Steele,AL,33.93982,-86.20164,3.9890,3.9890,3.9890,1,city
67293,KWIK TRIP #367,SR-33/CR-A,Fox Lake,WI,43.56554,-88.9065,3.2457,3.2457,3.2457,1,city
67294,MAPLEFIELDS,"I-87, EXIT 42/SR-11",Champlain,NY,44.98643,-73.44653,3.7990,3.7990,3.7990,1,city
67296,LOVES TRAVEL STOP #340,"I-15, EXIT 64 & US-93",Las Vegas,NV,36.17497,-115.13722,3.6890,3.6890,3.6890,1,city
67297,BAR-B,I-20 EXIT 370 & FM-919,Gordon,TX,32.54846,-98.36922,2.9323,2.9323,2.9323,1,city
67298,SPEEDWAY #5360,US-42,London,OH,39.88645,-83.44825,3.0990,3.0990,3.0990,1,city
67302,KUM & GO #0187,"I-90, EXIT 87",Sherburn,MN,43.65218,-94.72692,3.1873,3.1873,3.1873,1,city
67303,KUM & GO #0615,"I-29, EXIT 15",Elk Point,SD,42.68333,-96.68365,3.0723,3.0723,3.0723,1,city
67304,JACKRABBIT JUNCTION,"SR-60, EXIT 51 & CR-A22",Sibley,IA,43.39914,-95.75196,3.2657,3.2657,3.2657,1,city
67305,RELAY STATION,"I-20, EXIT 3",Bethany,LA,32.37321,-94.04269,3.1223,3.1223,3.1223,1,city
67306,150 QUICK STOP,US-150/SR-605,Bardstown,KY,37.80923,-85.4669,3.1723,3.1723,3.1723,1,city
67307,CMS FUELING CENTER,I-69 EXIT 153 AT MILE 153,Lapeer,MI,43.05142,-83.31883,3.8990,3.8990,3.8990,1,city
67308,FUEL STAR,SR-48,New Orleans,LA,29.95465,-90.07507,3.2790,3.2790,3.2790,1,city
67311,HOLIDAY STATIONSTORE #2746409,US-53 & CR-13,Duluth,MN,46.78327,-92.10658,3.4990,3.4990,3.4990,1,city
67312,RHODES 101 STOP #790,"I-55, EXIT 91",Scott City,MO,37.21672,-89.52453,3.4240,3.4240,3.4240,1,city
67313,Majors 660 Diboll Truck Plaza,US-59,Diboll,TX,31.18713,-94.78104,2.8323,2.8323,2.8323,1,city
67316,LOVES TRAVEL STOP #302,US-287 & US-412,Boise City,OK,36.72947,-102.51324,3.4023,3.4023,3.4023,1,city
67321,LOVES TRAVEL STOP #388,"I-55, EXIT 246 & SR-35",Batesville,MS,34.3115,-89.94426,3.4607,3.4607,3.4607,1,city
67322,LOVES TRAVEL STOP #398,"US-78, EXIT 81 & SR-178",Tupelo,MS,34.25807,-88.70464,3.8823,3.8823,3.8823,1,city
67323,PUMP & PANTRY #13,US-281/SR-92,Saint Paul,NE,41.21473,-98.45812,3.3073,3.3073,3.3073,1,city
67325,LOVES TRAVEL STOP #225,"I-65, EXIT 93 & US-84",Evergreen,AL,31.4335,-86.95692,3.3390,3.3390,3.3390,1,city
67329,LOVES TRAVEL STOP #387,"I-85, EXIT 4",Fair Play,SC,34.51121,-82.98543,3.2123,3.2123,3.2123,1,city
67331,LOVES TRAVEL STOP #227,"I-20 /I-59, EXIT 100 & SR-216",Mc Calla,AL,33.34872,-87.01416,3.1590,3.1590,3.1590,1,fuzzy
67333,PILOT #880,"I-84, EXIT 1",Montague,NJ,41.30315,-74.7935,3.9990,3.9990,3.9990,1,city
67334,KWIK TRIP #338,US-51,Plover,WI,44.45636,-89.54401,3.2990,3.2990,3.2990,1,city
67335,TOP STOP MARKET,"I-24, EXIT 111",Manchester,TN,35.48174,-86.0886,3.0157,3.0157,3.0157,1,city
67336,LOVES TRAVEL STOPS #342,"I-37, EXIT 72 & US-281",Three Rivers,TX,28.46027,-98.18251,3.1290,3.0890,3.1690,2,city
67337,KWIK TRIP #422,"I-94, EXIT 322",Oak Creek,WI,42.88585,-87.86314,3.7440,3.7440,3.7440,1,city
67338,HUTCH'S #114,US-81,Enid,OK,36.39559,-97.87839,2.9990,2.9990,2.9990,1,city
67340,MCCLURE,I-74 EXIT  34,Crawfordsville,IN,40.04115,-86.87445,3.6157,3.6157,3.6157,1,city
67341,CASEYS #3898,"US-151, EXIT 49 & CR-E34",Anamosa,IA,42.10834,-91.28516,3.3590,3.3590,3.3590,1,city
67342,One9 #1414,"I-81, EXIT 128",Elliston,VA,37.21652,-80.23254,3.2423,3.2423,3.2423,1,city
67343,EAGLE EXPRESS,US-41,Peshtigo,WI,45.05443,-87.74927,3.3990,3.3990,3.3990,1,city
67344,DODGE CITY SHELL,"I-65, EXIT 299",Hanceville,AL,34.06065,-86.7675,3.9523,3.9523,3.9523,1,city
67345,STEELE SERVICE STATION,"I-59, EXIT 174",Steele,AL,33.93982,-86.20164,3.8890,3.8890,3.8890,1,city
67348,LOVES TRAVEL STOP #389,I-90 EXIT 241,Conneaut,OH,41.94756,-80.55424,3.8490,3.8490,3.8490,1,city
67350,DE PERE SUPER STORE,US-41,De Pere,WI,44.44888,-88.06038,3.2557,3.2557,3.2557,1,city
67356,PRIDE CONVENIENCE STORE,"I-91, EXIT 8 & US-20",Springfield,MA,42.10148,-72.58981,3.5590,3.5590,3.5590,1,city
67357,LOVES TRAVEL STOP #353,"I-29, EXIT 62",Fargo,ND,46.87719,-96.7898,3.5257,3.5257,3.5257,1,city
67358,KWIK TRIP #453,SR-35/SR-65,River Falls,WI,44.86136,-92.62381,3.4473,3.4473,3.4473,1,city
67359,SAGE HILL TRAVEL CENTER,"I-15, EXIT 89 & US-91",Blackfoot,ID,43.19047,-112.34498,3.5690,3.5690,3.5690,1,city
67360,BP,"I-95/SR-405, EXIT 49 & SR-251",Darien,GA,31.37023,-81.43399,3.5390,3.5390,3.5390,1,city
67361,SUMNER TRUCK STOP,SR-167,Sumner,WA,47.20316,-122.2404,4.2990,4.2990,4.2990,1,city
67362,TA Glenrio,"I-40, Exit 369 & SR-392",San Jon,NM,35.10756,-103.32856,3.8990,3.8990,3.8990,1,city
67364,KWIK TRIP #373,"I-94, EXIT 295",Waukesha,WI,43.01168,-88.23148,3.4573,3.4573,3.4573,1,city
67365,KWIK TRIP #491,US-151,Manitowoc,WI,44.08861,-87.65758,3.3823,3.3823,3.3823,1,city
67366,KWIK TRIP #499,"I-43, EXIT 57",New Berlin,WI,42.9764,-88.10842,3.4907,3.4907,3.4907,1,city
67367,KWIK TRIP #757,US-14/US-61/SR-27,Viroqua,WI,43.55692,-90.88874,3.3590,3.3590,3.3590,1,city
67368,KWIK TRIP #653,"I-39, EXIT 87 & US-51/SR-16",Portage,WI,43.53915,-89.46262,3.2740,3.2740,3.2740,1,city
67369,KENOSHA TRAVEL PLAZA,"I-94, EXIT 340/US-41 & SR-142",Kenosha,WI,42.58474,-87.82119,3.7190,3.7190,3.7190,1,city
67370,CIRCLE M #43,US-441/US-23/SR-15,Rabun Gap,GA,34.96049,-83.39318,3.5490,3.5490,3.5490,1,city
67371,PARAMOUNT TRAVEL PLAZA,"I-30, EXIT 46 & SR-19",Prescott,AR,33.80261,-93.38101,3.3790,3.3790,3.3790,1,city
67380,MILLERS TRAVEL CENTER,"I-80, EXIT 1",Wendover,UT,40.73715,-114.03751,3.5990,3.5990,3.5990,1,city
67381,ENMARKET #875,US-78 & US-21,Branchville,SC,33.25127,-80.81565,3.2657,3.2657,3.2657,1,city
67382,CORNER PANTRY TRAVEL PLAZA,SR-79 & SR-40,Hermosa,SD,43.83971,-103.19102,3.2990,3.2990,3.2990,1,city
67383,FRIENDSHIP FOOD MART #96,SR-101/SR- 2,Sandusky,OH,41.44894,-82.70796,3.5290,3.5290,3.5290,1,city
67391,SHOEMAKERS SHELL TRAVEL CENTER,I-80 EXIT 395 AT MILE 395,Lincoln,NE,40.8,-96.66696,3.3490,3.3490,3.3490,1,city
67393,LOVES TRAVEL STOP #280,"I-10, EXIT 114",Buckeye,AZ,33.37032,-112.58378,3.5690,3.5690,3.5690,1,city
67394,Circle K #2745133,US-23 & SR-38,Waycross,GA,31.21368,-82.3557,3.3990,3.3990,3.3990,1,city
67395,KUM & GO #0267,"I-80, EXIT 267 & SR 38",Tipton,IA,41.76974,-91.12793,2.9823,2.9823,2.9823,1,city
67396,Q C MART,US-61 & CR-E63,Welton,IA,41.90808,-90.59541,3.6990,3.6990,3.6990,1,city
67397,EXPRESS LANE #51,I-80 EXIT 93 ROUTE 71,Ottawa,IL,41.34559,-88.84258,3.7490,3.5990,3.8990,2,city
67398,CASEYS #3998,SR-13 & HWY-C,Lowry City,MO,38.14003,-93.72688,3.2490,3.2490,3.2490,1,city
67400,SPEEDWAY #3547,I-75 & 696,Lima,OH,40.74255,-84.10523,3.4990,3.4990,3.4990,1,city
67401,QUIKTRIP #973,"I-45, EXIT 272",Hutchins,TX,32.6493,-96.71305,2.8823,2.8823,2.8823,1,city
67402,TA EXPRESS HOT SPRINGS,US-395/US-18 & SR-79,Hot Springs,SD,43.43165,-103.47436,3.2990,3.2990,3.2990,1,city
67404,Meskwaki Travel Plaza,HIGHWAY 30 E,Tama,IA,41.96666,-92.57686,3.2340,3.2340,3.2340,1,city
67405,ANTELOPE TRUCK STOP,"I-80, EXIT 386",Burns,WY,41.19276,-104.35912,3.1990,3.1990,3.1990,1,city
67406,GETGO #3701,"I-99, EXIT 23",East Freedom,PA,40.35757,-78.42974,4.0990,4.0990,4.0990,1,city
67408,STOCKTON TRAVEL CENTER,US-20/SR-78,Stockton,IL,42.34974,-90.00679,3.5990,3.5990,3.5990,1,city
67409,XTRA MART #7025,SR-146,Sutton,MA,42.1501,-71.76285,3.6490,3.6490,3.6490,1,city
67410,STRIPES #40532,US-83 & US-277,Carrizo Springs,TX,28.52193,-99.86061,3.3490,3.3490,3.3490,1,city
67411,LOVES TRAVEL STOP #226,"I-25, EXIT 104",Pueblo,CO,38.25445,-104.60914,3.6190,3.6190,3.6190,1,city
67414,PILOT TRAVEL CENTERS #590,"I-94, EXIT 100",Alexandria,MN,45.88524,-95.37754,3.4657,3.4657,3.4657,1,city
67416,CASEYS #4025,US-61/SR-92,Muscatine,IA,41.42447,-91.04321,3.2990,3.2990,3.2990,1,city
67417,QUIKTRIP #444,"I-10 EXIT, 139",Phoenix,AZ,33.44838,-112.07404,3.3690,3.3690,3.3690,1,city
67418,KUM & GO #0080,"US-218/SR-27, EXIT 80 & SR-22",Riverside,IA,41.47974,-91.58128,3.0973,3.0973,3.0973,1,city
67419,LOVES TRAVEL STOP #359,"I-75, EXIT 283",Cartersville,GA,34.16533,-84.80231,3.5557,3.5557,3.5557,1,city
67420,LOVES TRAVEL STOP #369,I-40 EXIT 163 & SR-48,Dickson,TN,36.077,-87.38779,3.1757,3.1757,3.1757,1,city
67421,LOVES TRAVEL STOP #375,US-79/SR-6 & FM-485,Hearne,TX,30.87852,-96.59303,3.4890,3.4890,3.4890,1,city
67422,KUM & GO #0137,"I-80, EXIT 237",Tiffin,IA,41.70585,-91.66295,3.0990,3.0990,3.0990,1,city
67423,FIRELAKE GRAND TRAVEL PLAZA,"I-40, EXIT 178 & SR-102",Shawnee,OK,35.32729,-96.9253,2.8990,2.8990,2.8990,1,city
67424,FLORIDA 595 TRUCK STOP,"I-595/SR-84, EXIT 9 & US-441",Fort Lauderdale,FL,26.12231,-80.14338,3.7690,3.7690,3.7690,1,city
67425,LITTLEFIELD EXPRESS #15,"US-67, EXIT 55 & SR-258",Bald Knob,AR,35.30981,-91.56791,3.3090,3.3090,3.3090,1,city
67426,Spearville Truck Stop,"I-56, 126 RD",Spearville,KS,37.85002,-99.75679,3.4657,3.4657,3.4657,1,city
67427,CASEYS #2907,I-57 & I-62,Charleston,MO,36.92089,-89.35063,3.0440,3.0440,3.0440,1,city
67428,CONOCO,"I-95, EXIT 12",Carteret,NJ,40.57733,-74.2282,3.4990,3.4990,3.4990,1,city
67429,7-ELEVEN #40396,"NJTP, EXIT 8A",Monroe Township,NJ,40.81288,-74.44238,3.5590,3.5590,3.5590,1,city
67431,SPARKYS ONE STOP #32,I-30 & CR 33,Carroll,IA,42.06582,-94.86693,3.2323,3.2323,3.2323,1,city
67432,PILOT TRAVEL CENTERS #471,US-27 & US-17,Haines City,FL,28.1145,-81.62009,3.5640,3.5590,3.5690,2,city
67434,SHELL FOOD MART,"I-35, EXIT 54",Cameron,MO,39.74028,-94.24106,2.9907,2.9907,2.9907,1,city
67435,7 ELEVEN #40122,I-95 MM2,Newark,DE,39.68372,-75.74966,3.4590,3.4590,3.4590,1,city
67436,7-ELEVEN #40069,"I-81, EXIT 29",Shippensburg,PA,40.05065,-77.52026,3.4223,3.4223,3.4223,1,city
67437,CANDIA FIRST STOP,"SR-101, EXIT 3",Candia,NH,43.07786,-71.27673,3.8990,3.8990,3.8990,1,city
67438,LOVES TRAVEL STOPS #363,"I-75, EXIT 358 & SR-326",Ocala,FL,29.1872,-82.14009,3.3410,3.3290,3.3530,2,city
67439,LOVES TRAVEL STOPS #380,US-287/SR-114,Rhome,TX,33.05346,-97.47197,3.1250,3.0890,3.1610,2,city
67440,PILOT TRAVEL CENTERS #503,"I-79, EXIT 146 & CR-77",Morgantown,WV,39.62953,-79.9559,4.0590,4.0590,4.0590,1,city
67442,PILOT #4598,I-75 EXIT 56,Niota,TN,35.51341,-84.54521,3.5990,3.5990,3.5990,1,city
67443,PILOT #4599,"I-24, EXIT 135",Monteagle,TN,35.24008,-85.8397,3.3357,3.3357,3.3357,1,city
67612,FLYING J TRAVEL PLAZA #914- TOWN PUMP,"I-90, EXIT 96 & US-93/SR-200",Missoula,MT,46.87215,-113.994,3.6090,3.6090,3.6090,1,city
67613,KWIK STAR #490,"US-20, EXIT 225 & SR-27/SR-58",Cedar Falls,IA,42.52776,-92.44547,3.5240,3.5240,3.5240,1,city
67614,KWIK TRIP #622,US-14 & CR-5,Byron,MN,44.03274,-92.64546,3.5740,3.5740,3.5740,1,city
67615,KWIK TRIP #844,US-63,Lake City,MN,44.44968,-92.2682,3.5490,3.5490,3.5490,1,city
67616,KWIK TRIP #887,"US-41, EXIT 139 & SR-15",Appleton,WI,44.26193,-88.41538,3.3023,3.3023,3.3023,1,city
67617,Twice Daily Convenience Store #8046,"I-24, EXIT 31 & SR-249",Joelton,TN,36.31311,-86.86528,3.3490,3.3490,3.3490,1,city
67618,7-ELEVEN #40441,I-80 MM 21E,West Unity,OH,41.58616,-84.43495,3.6623,3.6623,3.6623,1,city
67619,7-ELEVEN #40442,"I-80, MM 21W",West Unity,OH,41.58616,-84.43495,3.6623,3.6623,3.6623,1,city
67620,LOVES TRAVEL STOP #452,"I-35, EXIT 70",Pauls Valley,OK,34.74008,-97.22225,3.6490,3.6490,3.6490,1,city
67621,FLYING J TRAVEL PLAZA #925- TOWN PUMP,"I-15, EXIT 277",Great Falls,MT,47.50024,-111.30081,3.6357,3.6357,3.6357,1,city
67622,LOVES TRAVEL STOP #454,"I-5/US-12, EXIT 72",Chehalis,WA,46.66205,-122.96402,4.5890,4.5890,4.5890,1,city
67623,LOVES TRAVEL STOP #301,"I-90, EXIT 2",Post Falls,ID,47.71796,-116.95159,3.7457,3.7457,3.7457,1,city
67624,LOVES TRAVEL STOP #300,I-70 EXIT 304,Bennett,CO,39.75887,-104.42746,3.3257,3.3257,3.3257,1,city
67625,LOVES TRAVEL STOPS #453,"I-10, EXIT 130 & US-231",Cottondale,FL,30.79714,-85.3766,3.5710,3.5530,3.5890,2,city
67626,KWIK TRIP #316,SR-15 N/SR-22 E,Hutchinson,MN,44.88774,-94.36971,3.2790,3.2790,3.2790,1,city
67627,PILOT TRAVEL CENTER #4556,"I-75, EXIT 329",Wildwood,FL,28.86542,-82.04058,3.2723,3.2257,3.3190,2,city
67628,LOVES TRAVEL STOP #394,"I-65,EXIT 230",Demotte,IN,41.19504,-87.19864,3.5123,3.5123,3.5123,1,city
67629,KWIK TRIP #681,"I-94, EXIT 205",Saint Michael,MN,45.20996,-93.66496,3.2973,3.2973,3.2973,1,city
67630,KWIK TRIP #630,US-151/SR-32/SR-57,Chilton,WI,44.02888,-88.16288,3.3657,3.3657,3.3657,1,city
67634,54 TRUCK STOP,US-54,Mullinville,KS,37.58613,-99.47567,3.4657,3.4657,3.4657,1,city
67635,LOVES TRAVEL STOP #456,I-280 EXIT 1B,Perrysburg,OH,41.557,-83.62716,3.7607,3.7607,3.7607,1,city
67636,LOVES TRAVEL STOPS #258,"I-35, EXIT 183",Ottawa,KS,38.61557,-95.26775,3.2510,3.2390,3.2630,2,city
67637,Power Gas & Truck Stop,US-1/US-9/US-46 & SR-5,Palisades Park,NJ,40.84816,-73.99764,3.2190,3.2190,3.2190,1,city
67641,DANIEL BOONE TRAVEL CENTER,US-23 /US-421/US-58 & SR-871,Duffield,VA,36.71898,-82.796,3.5573,3.5573,3.5573,1,city
67642,GO MART FOOD STORE #103,SR-16 & CR 50/39,Ellenboro,WV,39.26452,-81.05622,3.6990,3.6990,3.6990,1,city
67643,QUALITY MART #62,I-77 EXIT 82,Jonesville,NC,36.2393,-80.84452,2.8590,2.8590,2.8590,1,city
67644,PARKERS #31 (DISCOUNT AVAILABLE),US-80/SR-26 & US-280,Ellabell,GA,32.12354,-81.48567,3.0323,3.0323,3.0323,1,city
67645,CIRCLE K #2721416,US-441 & SR-20,Gainesville,FL,29.65163,-82.32483,3.8990,3.8990,3.8990,1,city
67647,BUCHS TRUCK STOP,SR-7,Steubenville,OH,40.36979,-80.63396,3.6923,3.6923,3.6923,1,city
67650,VIRGINIA FAST STOP,SR-78 & SR-125,Virginia,IL,39.95116,-90.21234,3.7590,3.7590,3.7590,1,city
67651,SIMMONS,US-60/SR-21,Ellsinore,MO,36.93422,-90.74679,3.4240,3.4240,3.4240,1,city
67652,ON THE GO TRAVEL CENTER,"I-435, EXIT 8",Kansas City,KS,39.11417,-94.62746,3.9990,3.9990,3.9990,1,city
67655,CIRCLE K #2706627,"I-10, EXIT 261",Slidell,LA,30.27519,-89.78117,3.1890,3.1890,3.1890,1,city
67656,KWIK TRIP #888,US-10/US-49 & SR-54,Waupaca,WI,44.35803,-89.08595,3.4573,3.4573,3.4573,1,city
67657,KWIK TRIP #463,US-52/SR-60,Zumbrota,MN,44.29413,-92.66908,3.5240,3.5240,3.5240,1,city
67658,MIRABITO #41,I-81 EXIT 13,Tully,NY,42.79812,-76.10937,4.2990,4.2990,4.2990,1,city
67664,CEFCO #16,SR-171,Godley,TX,32.44903,-97.52669,2.9823,2.9823,2.9823,1,city
67665,ALL STAR,US-75 N,Sabetha,KS,39.90222,-95.80082,3.4990,3.4990,3.4990,1,city
67666,5 STAR TRUCK STOP,"I-44, EXIT 137",Oklahoma City,OK,35.46756,-97.51643,2.8790,2.8790,2.8790,1,city
67668,ADVENTURE TRUCK PLAZA,SR-3185 & SR-3107,Thibodaux,LA,29.79576,-90.82287,3.3990,3.3990,3.3990,1,city
67669,CHEVRON DBA ONE9 #1271,SR-86,Thermal,CA,33.6403,-116.13945,4.2790,4.2590,4.2990,2,city
67676,VALERO,"I-530/US-65, EXIT 34 & SR-365",White Hall,AR,34.27399,-92.09098,3.1657,3.1657,3.1657,1,city
67677,BIGGAS TRUCK STOP,US-190/SR-6 & FM-2818,Bryan,TX,30.67436,-96.36996,3.1990,3.1990,3.1990,1,city
67678,7-ELEVEN #40301,I-90/I-80,Genoa,OH,40.78284,-81.46651,3.6623,3.6623,3.6623,1,city
67682,CASEYS #2739,1323 E MAIN ST,Beloit,KS,39.45612,-98.10616,3.3590,3.3590,3.3590,1,city
67683,CASEYS #2734,"I-80, EXIT 222",Cozad,NE,40.85973,-99.98734,3.0323,3.0323,3.0323,1,city
67684,CASEYS #2490,"I-35, EXIT 124 & US-69",Story City,IA,42.18721,-93.59577,3.0623,3.0623,3.0623,1,city
67685,CASEYS #2792,"I-380/US-218, EXIT 13",Cedar Rapids,IA,42.00833,-91.64407,3.4990,3.4990,3.4990,1,city
67686,CASEYS #2956,"I-315/US-81, EXIT 40",Hesston,KS,38.13834,-97.43143,3.1990,3.1990,3.1990,1,city
67690,CEFCO #64,ST RT 14,Mexia,TX,31.67989,-96.4822,3.0990,3.0990,3.0990,1,city
67695,MOREHEAD TRUCKSTOP,"I-64, EXIT 133 & SR- 801",Morehead,KY,37.27115,-87.17638,3.5990,3.5990,3.5990,1,city
67697,FLORENCE TRAVEL PLAZA,"I-95, EXIT 150",Timmonsville,SC,34.13488,-79.93979,3.9990,3.9990,3.9990,1,city
67698,FRONTIER TRAVEL CENTER,US-12 & US-85,Bowman,ND,46.18306,-103.39491,3.5323,3.5323,3.5323,1,city
67699,GAP FARMS TRAVEL CENTER,"I-20, EXIT 69 & SR-151",Arcadia,LA,32.54904,-92.92016,3.2490,3.2490,3.2490,1,city
67701,MARATHON,"I-94, EXIT 331",Casselton,ND,46.90053,-97.2112,3.3157,3.3157,3.3157,1,city
67702,SPEEDWAY #6539,US-41/SR-45 & SR-52,Land O Lakes,FL,28.2189,-82.45759,3.4957,3.4957,3.4957,1,city
67703,SPEEDWAY #6880,CR-611,Clearwater,FL,27.96585,-82.8001,3.3773,3.3773,3.3773,1,city
67705,CITGO,US-1,North Brunswick,NJ,40.454,-74.482,3.1857,3.1857,3.1857,1,city
67706,SPEEDWAY #3495,US-1/9,Elizabeth,NJ,40.66399,-74.2107,3.5990,3.5990,3.5990,1,city
67707,SPEEDWAY #3503,"I-95, EXIT 13 & I-278/US-1/US-9",Linden,NJ,40.62205,-74.24459,3.4290,3.4290,3.4290,1,city
67711,HOUMA COTEAU TRAVEL PLAZA,I-90/SR-20,Houma,LA,29.59577,-90.71953,3.0623,3.0623,3.0623,1,city
67712,CASEYS #3810,"I-29, EXIT 132 & US-14",Volga,SD,44.32358,-96.92645,3.2790,3.2790,3.2790,1,city
67715,HUTCH'S #109,"I-40, EXIT 38",Elk City,OK,35.41199,-99.40426,2.9690,2.9690,2.9690,1,city
67716,HWY 19 SCALE,"SR-19/I-35, EXIT 66",Gaylord,MN,44.55302,-94.22053,3.4657,3.4657,3.4657,1,city
67718,SUNSTOP #622,SR-52 & SR-167,Hartford,AL,31.1024,-85.69688,3.5990,3.5990,3.5990,1,city
67720,REFUEL #1046,"I-20, EXIT 116 & US-15",Bishopville,SC,34.21821,-80.24841,3.3090,3.3090,3.3090,1,city
67721,J AND D COUNTRYSIDE MARTHON,SR-76 & SR-173,Poplar Grove,IL,42.36835,-88.82205,3.4990,3.4990,3.4990,1,city
67723,JET FOOD STORE #80,US-221/SR-135 & SR-206,Douglas,GA,31.50881,-82.84987,3.4573,3.4573,3.4573,1,city
67724,LOVES TRAVEL STOP #458,"I-44, EXIT 88",Strafford,MO,37.26838,-93.11713,3.3723,3.3723,3.3723,1,city
67726,SPEEDWAY #7909,"US-264, EXIT 73",Greenville,NC,35.61266,-77.36635,3.1323,3.1323,3.1323,1,city
67727,SPEEDWAY #7907,US-264 & SR-33,Greenville,NC,35.61266,-77.36635,2.9440,2.9440,2.9440,1,city
67728,SPEEDWAY #7905,SR-43 & SR-118,Vanceboro,NC,35.3085,-77.15412,3.3757,3.3757,3.3757,1,city
67729,SPEEDWAY #6981,US-301 BYP,Rocky Mount,NC,35.93821,-77.79053,3.4323,3.4323,3.4323,1,city
67732,Quik Pik,US-275 & SR-9,West Point,NE,41.84167,-96.70864,3.2157,3.2157,3.2157,1,city
67734,TROTTER TRUCK PLAZA,ST 11,Ord,NE,41.60334,-98.9262,3.2990,3.2990,3.2990,1,city
67735,Fast Fuel,US-81/SR-3,Kingfisher,OK,35.86143,-97.93172,3.1907,3.1907,3.1907,1,city
67736,SPEEDWAY #9855,I-10 EXIT 49,Fabens,TX,31.50234,-106.15859,3.2357,3.2357,3.2357,1,city
67738,SUPER JACK TRUCK STOP,US-84,Brookhaven,MS,31.57906,-90.44065,3.1157,3.1157,3.1157,1,city
67739,STRIPES #40819,SR-359,Orange Grove,TX,27.95668,-97.93694,3.0657,3.0657,3.0657,1,city
67742,STRIPES 7FLEET #42514,"I-20, EXIT 138",Midland,TX,31.99735,-102.07791,3.4590,3.4590,3.4590,1,city
67743,STRIPES 7FLEET #42506,US-380 & US-277,Haskell,TX,33.1576,-99.7337,3.5390,3.5390,3.5390,1,city
67744,STRIPES #40715,SR-107,La Villa,TX,26.29868,-97.92861,3.1690,3.1690,3.1690,1,city
67745,STRIPES #40628,"I-2, EXIT 134 & US-83",Mission,TX,26.21591,-98.32529,3.2590,3.2590,3.2590,1,city
67746,STRIPES #40598,I-2/US-83,Mission,TX,26.21591,-98.32529,2.8690,2.8690,2.8690,1,city
67747,STRIPES 7FLEET #42424,US-87/US-190,Brady,TX,31.13517,-99.33506,3.5990,3.5990,3.5990,1,city
67748,STRIPES 7FLEET #42428,"I-20 EXIT, 115",Odessa,TX,31.84568,-102.36764,3.0690,3.0690,3.0690,1,city
67749,STRIPES 7FLEET #42436,I-20 EXIT 134,Midland,TX,31.99735,-102.07791,3.0657,3.0657,3.0657,1,city
67750,STRIPES #40729,FM-511 & FM-802,Brownsville,TX,25.90175,-97.49748,2.9990,2.9990,2.9990,1,city
67753,STRIPES #40892,SR-359 & SR-16,Hebbronville,TX,27.30688,-98.68032,3.2857,3.2857,3.2857,1,city
67754,Refuel #185,US-220,Stokesdale,NC,36.23708,-79.97948,3.6990,3.6990,3.6990,1,city
67755,BLUE WATER #12,"I-526, EXIT 23",Charleston,SC,32.77632,-79.93275,3.2323,3.2323,3.2323,1,city
67757,KEITH'S SUPERSTORE,"I-59, I-20, EXIT 160",Meridian,MS,32.36431,-88.70366,3.0490,3.0490,3.0490,1,city
67758,CLARKS PUMP N SHOP #47,SR-10/SR-9,Vanceburg,KY,38.59924,-83.3188,3.5990,3.5990,3.5990,1,city
67762,CEFCO #2008,US-83/US-62 & US-287,Childress,TX,34.42645,-100.204,2.9157,2.9157,2.9157,1,city
67763,SHELL,US-72,Mount Pleasant,MS,31.69655,-89.6973,3.3990,3.3990,3.3990,1,city
67764,NINNEKAH TRUCK STOP,US-277/US-81 & SR-19,Ninnekah,OK,34.94785,-97.92393,3.2290,3.2290,3.2290,1,city
67766,STOP IN Food Store #8143,US-221/US-460 & SR-607,Montvale,VA,37.38458,-79.73115,3.3657,3.3657,3.3657,1,city
67768,SHELL,US-60 & SR-657,Lewisport,KY,37.937,-86.90221,3.4990,3.4990,3.4990,1,city
67771,DUCK THRU FOOD STORE #26,"I-95, EXIT 154 & SR-308 & SR-11/SR-42",Lewiston Woodville,NC,36.12293,-77.17663,3.3990,3.3990,3.3990,1,city
67772,STEVES SHELL,"I-55, EXIT 42",Brookhaven,MS,31.57906,-90.44065,3.1990,3.1990,3.1990,1,city
67774,7-ELEVEN #39329,I-278/US-1,Linden,NJ,40.62205,-74.24459,3.3757,3.3757,3.3757,1,city
67777,CIRCLE K #2721270,"I-95, EXIT 358B, SR-105",Jacksonville,FL,30.33218,-81.65565,3.3423,3.3423,3.3423,1,city
67779,REATA PETROLEUM,I-76 & BARLOW RD,Fort Morgan,CO,40.25026,-103.79995,3.4390,3.4390,3.4390,1,city
67782,SAMS MART #45,"I-40, EXIT 24 & SR-209",Waynesville,NC,35.48871,-82.98875,3.5990,3.5990,3.5990,1,city
67783,RUTTERS #4,US-30 & SR-1016/2011,Wrightsville,PA,40.02565,-76.52997,3.9890,3.9890,3.9890,1,city
67784,HAVANA CONVENIENCE,US-136,Havana,IL,40.30004,-90.06095,3.7990,3.7990,3.7990,1,city
67787,PWI #109,"I-20, EXIT 126",Midland,TX,31.99735,-102.07791,2.9990,2.9990,2.9990,1,city
67789,BEAR RIVER VALLEY CO OP,SR-13/SR-83,Corinne,UT,41.55104,-112.11023,3.4190,3.4190,3.4190,1,city
67791,KINGSPORT TRUCK STOP,"I-81, EXIT 63",Kingsport,TN,36.54843,-82.56182,3.8990,3.8990,3.8990,1,city
67792,CUBBYS #113,US-20/US-275,Oneill,NE,42.45778,-98.64759,3.2257,3.2257,3.2257,1,fuzzy
67793,PILOT TRAVEL CENTERS #131,"I-35, EXIT 34",Osceola,IA,41.03389,-93.7655,3.4490,3.4390,3.4590,2,city
67794,ROAD RANGER #181,"I-55, EXIT 90",Springfield,IL,39.80172,-89.64371,3.3990,3.2990,3.4090,3,city
67795,ROAD RANGER #263,"I-80, EXIT 93",Ottawa,IL,41.34559,-88.84258,3.2890,3.2190,3.3990,4,city
67797,CHEVRON,US-71 & SR-179,Coushatta,LA,32.01488,-93.34212,3.1557,3.1557,3.1557,1,city
67798,SUNSTOP #631,SR-231/SR-53 & SR-123,Ozark,AL,31.45906,-85.64049,3.5990,3.5990,3.5990,1,city
67801,SUNOCO,"I-275, EXIT 42/SR-747",Cincinnati,OH,39.12711,-84.51439,3.0990,3.0990,3.0990,1,city
67804,SUNSTOP #616,US-84/SR-134 & CR-1,Daleville,AL,31.31017,-85.71299,3.3990,3.3990,3.3990,1,city
67806,84 QUICK STOP,I-84,Brookhaven,MS,31.57906,-90.44065,3.1490,3.1490,3.1490,1,city
67811,QUICK FUEL #5301,SR-360,Grand Prairie,TX,32.74596,-96.99778,3.0240,3.0240,3.0240,1,city
67813,LEROY TRUCK PLAZA,"I-74, EXIT 149",Le Roy,IL,40.35198,-88.76424,3.4790,3.4790,3.4790,1,city
67815,LOVES TRAVEL STOP #254,"I-70, EXIT 59 & SR-39",Mooresville,IN,39.61282,-86.37416,3.9290,3.9290,3.9290,1,city
67818,LOVES TRAVEL STOP #457,"I-30/US-67/US-70, EXIT 128",Little Rock,AR,34.74648,-92.28959,3.2423,3.2423,3.2423,1,city
67819,BREW #31,US-71/US-18,Spencer,IA,43.14136,-95.14444,3.4657,3.4657,3.4657,1,city
67820,CIRCLE K #2723487,US-17 & SR-211,Supply,NC,34.01767,-78.2675,3.2890,3.2890,3.2890,1,city
67821,FAS MART #5261,SR-9 & SR-57,Tollesboro,KY,38.55952,-83.57603,3.3523,3.3523,3.3523,1,city
67822,SPINX #178 (DISCOUNT AVAILABLE),"I-385, EXIT 42 & I-85, EXIT 51B & US-25",Travelers Rest,SC,34.96762,-82.44345,3.1923,3.1923,3.1923,1,city
67823,FLASH MARKET #17032,"I-555/US-63, EXIT 29 & SR-69",Trumann,AR,35.67369,-90.50733,3.4073,3.4073,3.4073,1,city
67824,CIRCLE K #2723641,US-231/SR-87/SR-10/SR-53 & CR-21,Troy,AL,31.80877,-85.96995,3.7990,3.7990,3.7990,1,city
67826,VALLEN MART,US-14,Volga,SD,44.32358,-96.92645,3.3190,3.3190,3.3190,1,city
67827,GAS N GO,US-280/SR-27 & SR-520,Richland,GA,32.08793,-84.66742,3.1990,3.1990,3.1990,1,city
67829,KWIK TRIP #721,SR-19 & SR-73,Marshall,WI,43.16833,-89.06678,3.4973,3.4973,3.4973,1,city
67832,Sprint Mart #45,US-278/US-45,Tupelo,MS,34.25807,-88.70464,3.1890,3.1890,3.1890,1,city
67833,PETES #05,US-59 & US-400,Parsons,KS,37.34034,-95.26108,3.2990,3.2990,3.2990,1,city
67835,CIRCLE K #2723782,"I-40, EXIT 38 & US-421",Greensboro,NC,36.07264,-79.79198,3.0823,3.0823,3.0823,1,city
67837,PILOT TRAVEL CENTER #1054,US-183 & SR-21,Buda,TX,30.08521,-97.84028,3.4157,3.4157,3.4157,1,city
67839,EL TIGRE FOOD STORE #13,SR-336,Hidalgo,TX,26.10035,-98.26307,3.2157,3.2157,3.2157,1,city
67841,CIRCLE K #2723844,US-15/US-501/US-1,Sanford,NC,35.47988,-79.1803,3.0490,3.0490,3.0490,1,city
67842,CIRCLE K #4707627,"I-81, EXIT 48",Watertown,NY,43.97478,-75.91076,4.0990,4.0990,4.0990,1,city
67844,UNCLE WILLIES #1288,US-13,Felton,DE,39.00845,-75.57798,3.2190,3.2190,3.2190,1,city
67846,CEDAR RIVER PLAZA,SR-35,Stephenson,MI,45.41525,-87.60762,3.4190,3.4190,3.4190,1,city
67847,E Z PICKENS,"US-20, EXIT 275 & SR-13",Manchester,IA,42.48415,-91.45543,3.5790,3.5790,3.5790,1,city
67848,JEMISON EXXON,"I-65, EXIT 219 & CR-42",Jemison,AL,32.95985,-86.74665,3.2990,3.2990,3.2990,1,city
67849,KUM & GO #0379,US-412/ US-63 & SR-25,Black Rock,AR,36.1084,-91.09735,3.1990,3.1990,3.1990,1,city
67850,SMILEYS FUEL CITY,"I-64/I-81, EXIT 205 & SR-206",Raphine,VA,37.93735,-79.23281,3.5390,3.5390,3.5390,1,city
67854,CircleK #2709341,US-411,Chatsworth,GA,34.76591,-84.76994,3.4990,3.4990,3.4990,1,city
67855,FAS MART #5262,"I-64, EXIT 94 & SR-1958/SR-2888",Winchester,KY,37.99008,-84.17965,2.9073,2.9073,2.9073,1,city
67859,PILOT #1135,US-281,Falfurrias,TX,27.22699,-98.14417,3.4590,3.4590,3.4590,1,city
67860,SHELL,"I-55, EXIT 227 & SR-32",Oakland,MS,34.05567,-89.91648,2.9990,2.9990,2.9990,1,city
67861,CASEYS #4308,US-34,Chariton,IA,41.01389,-93.3066,3.5390,3.5390,3.5390,1,city
67862,SUNOCO TRUCK STOP,"I-70, EXIT 123 & SR-3",Spiceland,IN,39.83838,-85.43886,3.3990,3.3990,3.3990,1,city
67865,PILOT TRAVEL CENTERS #897,"I-95, EXIT 12B, INTERSECTION OF SR-826 & 817",Opa Locka,FL,25.90232,-80.25033,3.6990,3.6990,3.6990,2,city
67866,QUICK DRAW TRAVEL PLAZA,"I-20, EXIT 49 & SR-531",Minden,LA,32.61543,-93.28684,3.0123,3.0123,3.0123,1,city
67868,CHEVRON,SR-19,Huntsville,TX,30.72353,-95.55078,2.9790,2.9790,2.9790,1,city
67871,BASIN MARKET #107,US-40,Vernal,UT,40.45552,-109.52875,3.5990,3.5990,3.5990,1,city
67872,SMOKIES,US-45,Okolona,MS,34.00178,-88.75533,3.0990,3.0990,3.0990,1,city
67874,RUTTERS #56,"I-83, EXIT 39A & SR-114",New Cumberland,PA,40.23231,-76.8847,3.8990,3.8990,3.8990,1,city
67875,EXXON TIGER MART,"US-67/US-167, EXIT 28 & US-64",Beebe,AR,35.07064,-91.87959,3.2990,3.2990,3.2990,1,city
67876,KUM & GO #0880,"US-412, EXIT 36",Stillwater,OK,36.11561,-97.05837,2.9540,2.9540,2.9540,1,city
67877,CIRCLE K #4703701,I-24 EXIT 70,Smyrna,TN,35.98284,-86.5186,3.0323,3.0323,3.0323,1,city
67879,Strike,US-287/96/69 & SR-347,Beaumont,TX,30.08605,-94.10185,3.4990,3.4990,3.4990,1,city
67883,CASH MAGIC HOLLYWOOD,US-90,Berwick,LA,29.69465,-91.21899,3.3990,3.3990,3.3990,1,city
67884,ROADRUNNER FUELS,US-550/SR-544,Aztec,NM,36.82223,-107.99285,3.7757,3.7757,3.7757,1,city
67886,MAVERIK #5200,"I-70 BUSINESS, EXIT 25, CR-24",De Beque,CO,39.33442,-108.21508,3.4423,3.4423,3.4423,1,city
67887,AIRLINE CHEVRON,US-61,Kenner,LA,29.99409,-90.24174,3.0990,3.0990,3.0990,1,city
67890,KUM & GO #0449,US-60/US-71,Neosho,MO,36.86896,-94.368,3.0557,3.0557,3.0557,1,city
67892,TURRELL FUEL STOP,"I-55, EXIT 21",Turrell,AR,35.37981,-90.25787,3.4657,3.4657,3.4657,1,city
67894,CIRCLE K #2705098,US-27 & SR-44,Leesburg,FL,28.81082,-81.87786,3.5723,3.5723,3.5723,1,city
67897,KENT KWIK #273,SR-302 & SR-18,Kermit,TX,31.85763,-103.09267,3.0390,3.0390,3.0390,1,city
67900,SPRINT FOODS #725,"I-520, EXIT 16/SR-28",Beech Island,SC,33.42736,-81.89095,3.3490,3.3490,3.3490,1,city
67906,ON THE GO,SR-239,Prescott,KS,38.06364,-94.69551,3.1990,3.1990,3.1990,1,city
67908,CIRCLE K #2744062,"I-25, EXIT 74",Colorado City,CO,37.94529,-104.83526,3.3490,3.3490,3.3490,1,city
67910,G FUEL,US-40 & SR-140,Penns Grove,NJ,39.72956,-75.46797,3.3990,3.3990,3.3990,1,city
67917,STRIPES 7FLEET #42510,"I-10, EXIT 256/US-285",Fort Stockton,TX,30.89404,-102.87932,3.3790,3.3790,3.3790,1,city
67918,DELAWARE TRUCK STOP,"I-80, EXIT 4C/US-46",Delaware,NJ,40.89288,-75.06462,3.0790,3.0790,3.0790,1,city
67922,EXXON,"I-20, EXIT 44 & US-371 & US-80/US-79",Minden,LA,32.61543,-93.28684,3.3990,3.3990,3.3990,1,city
67923,MONROE CENTER BP OASIS,"I-39, EXIT 111/US-51 & SR-72",Monroe Center,IL,42.09836,-89.00065,3.5990,3.5990,3.5990,1,city
67924,KUM & GO #0026,"I-90, EXIT 26",Adrian,MN,43.63497,-95.9328,3.1907,3.1907,3.1907,1,city
67925,CHEVRON,US-61,Baton Rouge,LA,30.44332,-91.18747,3.8990,3.8990,3.8990,1,city
67927,STONES TRUCK STOP,"I-29, EXIT 77/US-212",Watertown,SD,44.89941,-97.11507,3.3823,3.3823,3.3823,1,city
67929,Circle K,SR-574,Plant City,FL,28.01888,-82.11469,3.3257,3.3257,3.3257,1,city
67930,CIRCLE K #2721426,US-98/SR-30A & SR-368,Panama City,FL,30.15946,-85.65983,3.2907,3.2907,3.2907,1,city
67931,Forks 1&23,US-1/US-23/SR-4 & SR-19,Alma,GA,31.53937,-82.46236,3.5990,3.5990,3.5990,1,city
67932,SPRINT MART #4144,US-82/US-45/SR-12 & SR-182,Columbus,MS,33.49567,-88.42726,3.0157,3.0157,3.0157,1,city
67933,SUNOCO,SR-50 & SR-471,Webster,FL,28.60999,-82.05508,3.3357,3.3357,3.3357,1,city
67934,WHISPERING PINES,SR-10,Greensburg,LA,30.83074,-90.67176,3.0990,3.0990,3.0990,1,city
67935,CIRCLE K #2707610,"I-10, EXIT 26",Milton,FL,30.63241,-87.03969,3.2323,3.2323,3.2323,1,city
67938,TEXACO,"I-84, EXIT 376",Tremonton,UT,41.71187,-112.16551,3.4557,3.4557,3.4557,1,city
67939,DELTA FUEL,"I-80, EXIT 242 & SR-339",Mifflinville,PA,41.03231,-76.30799,3.3657,3.3657,3.3657,1,city
67940,MARTIN GENERAL STORE,US-22,Ebensburg,PA,40.48507,-78.72474,3.5240,3.5240,3.5240,1,city
67941,FIESTA MART #21,"I-40, EXIT 278",Warner,OK,35.49426,-95.30552,3.6390,3.6390,3.6390,1,city
67943,LOVES TRAVEL STOP #459,"I-65, EXIT 133 & SR-267",Whitestown,IN,39.99726,-86.34583,3.6223,3.6223,3.6223,1,city
67949,7-ELEVEN #36835,"I-85, EXIT 32",Pelzer,SC,34.64234,-82.45596,3.1823,3.1823,3.1823,1,city
67952,CIRCLE K #2707682,"I-75, EXIT 164 & US-17/SR-35",Punta Gorda,FL,26.92978,-82.04537,3.3990,3.3990,3.3990,1,city
67957,CITGO,US-27,Hialeah,FL,25.8576,-80.27811,3.4723,3.4723,3.4723,1,city
67965,DIAMOND #7,"I-65, EXIT 69",Brewton,AL,31.10518,-87.07219,3.3990,3.3990,3.3990,1,city
67968,WHITESBURG BP,US-27/SR-16,Whitesburg,GA,33.494,-84.91383,3.6990,3.6990,3.6990,1,city
67974,TALL TIMBERS TRUCKSTOP,"I-10, EXIT 23 & SR-108",Sulphur,LA,30.23659,-93.37738,3.8323,3.8323,3.8323,1,city
67976,KWIK TRIP #587,US-141 & SR-22,Lena,WI,44.9511,-88.04677,3.2823,3.2823,3.2823,1,city
67977,KUM & GO #4127,"I-29, EXIT 127",Sloan,IA,42.23277,-96.22808,3.1090,3.1090,3.1090,1,city
67994,Pure,US-82/SR-520/SR-135,Willacoochee,GA,31.34076,-83.04598,3.4657,3.4657,3.4657,1,city
67997,CIRCLE K #2745137,"I-75/SR-401, EXIT 149 & SR-49",Byron,GA,32.65376,-83.75963,3.1990,3.1990,3.1990,1,city
68002,CO RETAIL VENTURE DB,US-34 & SR-59,Yuma,CO,40.12221,-102.72521,3.4490,3.4490,3.4490,1,city
68005,WESSON,"I-84, EXIT 22, SR-8, EXIT 22",Waterbury,CT,41.55815,-73.0515,4.1790,4.1790,4.1790,1,city
68007,Highland oil,US-412,Hardy,AR,36.3159,-91.48264,3.2690,3.2690,3.2690,1,city
68008,FAST LANE #3,US-64 & US-49,Mc Crory,AR,35.2562,-91.20012,3.3990,3.3990,3.3990,1,fuzzy
68009,CIRCLE K #2741779,"US-270, EXIT 2",Hot Springs National Park,AR,34.504,-93.055,3.3690,3.3690,3.3690,1,manual
68012,ROYAL FARMS #120,US-13/CR-16,Greenwood,DE,38.80706,-75.59132,3.2590,3.2590,3.2590,1,city
68016,Chevron #386730,"I-10, EXIT 139",Phoenix,AZ,33.44838,-112.07404,3.2990,3.2990,3.2990,1,city
68017,TEXACO,SR-89,Prescott,AZ,34.54002,-112.4685,3.7390,3.7390,3.7390,1,city
68019,PAC PRIDE CARDLOCK,CR-25/CR-826,Miami,FL,25.77427,-80.19366,3.4790,3.4790,3.4790,1,city
68020,EXXON,"I-10, EXIT 335/SR-121",Macclenny,FL,30.28218,-82.12206,3.4990,3.4990,3.4990,1,city
68026,MINIT MART #600627,"I-57, EXIT 312",Kankakee,IL,41.12003,-87.86115,3.4490,3.4490,3.4490,1,city
68029,MAPCO #3502,SR-151,Ringgold,GA,34.91591,-85.10912,3.0923,3.0923,3.0923,1,city
68030,FIVE STAR EXPRESS,"I-520/SR-415, EXIT 16 & SR-28",Augusta,GA,33.47097,-81.97484,3.4990,3.4990,3.4990,1,city
68031,ORCHARD STOP BP,US-30,Montgomery,IL,41.73058,-88.3459,3.5990,3.5490,3.6490,2,city
68033,CIRCLE K #2703175,"I-520/SR-415, EXIT 9 & SR-56",Augusta,GA,33.47097,-81.97484,3.2823,3.2823,3.2823,1,city
68036,MOBIL,"I-95, EXIT 60",Salisbury,MA,42.84176,-70.86061,3.5990,3.5990,3.5990,1,city
68040,MISHAWAKA ROAD FLEET SITE,SR-19 & CR-20,Elkhart,IN,41.68199,-85.97667,3.6890,3.6890,3.6890,1,city
68043,CARROLL MOTOR FUELS,US-40,Middle River,MD,39.33427,-76.43941,3.1390,3.1390,3.1390,1,city
68048,CASEYS #3961,SR-3 & SR-143,Marcus,IA,42.82582,-95.80751,3.2990,3.2990,3.2990,1,city
68052,CUBBYS #302,SR-39 & SR-175,Odebolt,IA,42.31221,-95.25055,3.3157,3.3157,3.3157,1,city
68053,KJ TRAVEL CENTER,"US-20, EXIT 310",Idaho Falls,ID,43.46658,-112.03414,3.4073,3.4073,3.4073,1,city
68055,Gallops,US-20,Michigan City,IN,41.70754,-86.89503,3.3990,3.3990,3.3990,1,city
68062,FARMERS UNION OIL,US-83,Wilton,ND,47.1586,-100.78347,3.8990,3.8990,3.8990,1,city
68065,Caseys #4450,US-160,Ulysses,KS,37.58141,-101.35517,3.3990,3.3990,3.3990,1,city
68067,PUMP & PANTRY #2,US-30 & US-281,Grand Island,NE,40.92501,-98.34201,3.3073,3.3073,3.3073,1,city
68068,ELGIN ONE STOP,SR-14 & SR-70,Elgin,NE,41.98334,-98.08368,3.1373,3.1373,3.1373,1,city
68070,PAULS TRUCK STOP,US-171,Leesville,LA,31.14352,-93.261,3.4490,3.4490,3.4490,1,city
68072,FAMILY FARE #834 (DISCOUNT AVAILABLE),"US-131, EXIT 175",Byron Center,MI,42.81225,-85.72281,3.7390,3.7390,3.7390,1,city
68073,BIG BATS 2,US-20,Chadron,NE,42.82942,-102.99991,3.6990,3.6990,3.6990,1,city
68076,JENNINGS TRUCKSTOP,"I-10, EXIT 65",Jennings,LA,30.22243,-92.65708,2.9990,2.9990,2.9990,1,city
68079,NORTH FORK TRUCK STOP,US-12/CR-103,White Pigeon,MI,41.79811,-85.64332,3.5790,3.5590,3.5990,2,city
68080,SAMMYS TRUCK AUTO PLAZA,"I-49, EXIT 53",Bunkie,LA,30.95325,-92.18263,3.3990,3.3990,3.3990,1,city
68081,SHELL,SR-308 & SR-654,Mathews,LA,29.68632,-90.54675,3.4590,3.4590,3.4590,1,city
68091,ALLTOWN MARKETS,"SR-101, EXIT 2",Auburn,NH,43.00453,-71.3484,3.7990,3.7990,3.7990,1,city
68093,MARATHON,US-223/CR-52,Adrian,MI,41.89755,-84.03717,3.5990,3.5990,3.5990,1,city
68095,ALEXS MARKET AND GRILL,"I-75, EXIT 101",Holly,MI,42.79197,-83.62773,4.6990,4.6990,4.6990,1,city
68100,REFINED MARKETERS,"I-96, EXIT 31A/US-131, EXIT 88",Grand Rapids,MI,42.96336,-85.66809,3.7390,3.7390,3.7390,1,city
68102,SUNOCO,ST 17,Carlstadt,NJ,40.84038,-74.0907,3.1623,3.1623,3.1623,1,city
68107,SPEEDWAY #4500,"I-35, EXIT 171/CR-11",Pine City,MN,45.82607,-92.96854,3.5490,3.5490,3.5490,1,city
68110,CIRCLE K #4705573,SR-82,Grafton,OH,41.27255,-82.05459,3.7490,3.7490,3.7490,1,city
68112,QUICK FUEL #3138,"I-35, EXIT 98/CR-26",Saint Paul,MN,44.94441,-93.09327,3.6173,3.6173,3.6173,1,city
68113,CIRCLE K #4705571,ST 2,Holland,OH,41.62172,-83.7116,3.5490,3.5490,3.5490,1,city
68114,BP,US-130,Burlington,NJ,40.07122,-74.86489,3.1457,3.1457,3.1457,1,city
68116,Circle K #2746335,"I-35, EXIT 22",Minneapolis,MN,44.97997,-93.26384,3.7990,3.7990,3.7990,1,city
68122,CENEX,SR-11/SR-310,Roseau,MN,48.84609,-95.76277,3.4990,3.4990,3.4990,1,city
68124,CIRCLE K #4705587,SR-585 & SR-57,Rittman,OH,40.97811,-81.78208,3.6590,3.6590,3.6590,1,city
68129,CULVERS HAWKINS,"US-59/I-29, EXIT 43",Saint Joseph,MO,39.76861,-94.84663,3.1990,3.1990,3.1990,1,city
68133,CASEYS #4256,US-71/SR-175,Joplin,MO,37.08423,-94.51328,3.0690,3.0690,3.0690,1,city
68140,CROSSROADS RATON TRUCK STOP,"I-25/US-85, EXIT 451 & US-87",Raton,NM,36.90336,-104.43915,3.4990,3.4990,3.4990,1,city
68147,Regal Truck Stop,SR 30,New Albany,MS,34.49427,-89.00784,3.2490,3.2490,3.2490,1,city
68148,CIRCLE K #2723389,US-49,Gulfport,MS,30.36742,-89.09282,2.9440,2.9440,2.9440,1,city
68151,KUM & GO #0498,SR-125,Rogersville,MO,37.117,-93.05573,3.0523,3.0523,3.0523,1,city
68154,LOVES TRAVEL STOP #395,"I-57, EXIT 308",Kankakee,IL,41.12003,-87.86115,3.4490,3.3790,3.5490,5,city
68155,SHEETZ #181,"I-80, EXIT 158 & SR-220",Bellefonte,PA,40.91339,-77.77833,3.7290,3.7290,3.7290,1,city
68156,A PLUS MINI MARKET,"I-95, EXIT 26",Philadelphia,PA,39.95238,-75.16362,3.9990,3.9990,3.9990,1,city
68157,RAJS MINI MART,US-1/SR-29,Morrisville,PA,40.2115,-74.78794,3.8990,3.8990,3.8990,1,city
68158,SUNOCO,"I-78, EXIT 29A/SR-61",Shoemakersville,PA,40.50093,-75.96993,3.6390,3.6390,3.6390,1,city
68161,KWIK FILL #390,SR-15 & TABER RD,Blossburg,PA,41.67952,-77.06386,3.6840,3.6840,3.6840,1,city
68165,GOLDEN GATE Fallon,US-50,Fallon,NV,39.47353,-118.77737,3.5490,3.5490,3.5490,1,city
68167,CIRCLE K #4707628,SR-90 & SR-5,Montezuma,NY,43.01006,-76.70328,3.9990,3.9990,3.9990,1,city
68169,GOLDEN GATE GOLDEN VALLEY,"US-395, EXIT 73",Reno,NV,39.52963,-119.8138,3.9490,3.9490,3.9490,1,city
68174,MIRABITO #42,"I-81, EXIT 7",Castle Creek,NY,42.22758,-75.91825,3.9990,3.9990,3.9990,1,city
68177,ONVO TRAVEL PLAZA - MIFFLINVILLE,"I-80, EXIT 242/CR-339",Mifflinville,PA,41.03231,-76.30799,3.3657,3.3657,3.3657,1,city
68178,CIRCLE K #2723748,"I-20, EXIT 48",Pearl,MS,32.27459,-90.13203,3.3890,3.3890,3.3890,1,city
68179,WEST PAK A POK,SR-8,Houston,MS,33.89845,-88.99923,3.3990,3.3990,3.3990,1,city
68180,One9 #1374,"I-81, EXIT 143, SR-924",Hazleton,PA,40.95842,-75.97465,3.8623,3.8623,3.8623,1,city
68185,CITGO,US-22/SR-72,Jonestown,PA,40.4137,-76.4783,3.7490,3.7490,3.7490,1,city
68188,ONVO TRAVEL PLAZA - GIBSON,"I-81, EXIT 219 & SR-848",New Milford,PA,41.87258,-75.72713,3.5890,3.5890,3.5890,1,city
68189,EAGLE EXXON,US-27/SR-29,Dayton,TN,35.49396,-85.01245,3.3990,3.3990,3.3990,1,city
68191,MARTIN GENERAL STORE # 207,SR-865/I-99 EXIT 41,Altoona,PA,40.51868,-78.39474,3.5390,3.5390,3.5390,1,city
68196,CATDADDY MARKET,SR-33,Tazewell,TN,36.45425,-83.56935,3.2990,3.2990,3.2990,1,city
68211,CEFCO #2005,"I-40, EXIT 73",Amarillo,TX,35.222,-101.8313,2.8690,2.8690,2.8690,1,city
68212,CIRCLE K #2723415,"I-26, EXIT 16",Spartanburg,SC,34.94957,-81.93205,3.0990,3.0990,3.0990,1,city
68213,CADOO MILLS,"I-30/US-67, EXIT 87 & FM-1903",Caddo Mills,TX,33.06567,-96.22776,2.8007,2.8007,2.8007,1,city
68215,COWBOY TRAVEL PLAZA,"I-10, EXIT 833",Hamshire,TX,29.86161,-94.31241,2.8990,2.8990,2.8990,1,city
68217,CIRCLE K #2723881,US-701 & US-501,Conway,SC,33.836,-79.04781,3.1840,3.1840,3.1840,1,city
68225,OASIS TRUCK STOP,US-60 & US-83,Canadian,TX,35.91282,-100.38208,3.2990,3.2990,3.2990,1,city
68227,QUARLES #4914,"I-64 EXIT 297, US-13",Chesapeake,VA,36.81904,-76.27494,3.5257,3.5257,3.5257,1,city
68234,CIRCLE K #2723705,"I-81, EXIT 80 & SR-121",Wytheville,VA,36.94845,-81.08481,3.2657,3.2657,3.2657,1,city
68235,JOLLEY #113,"I-91, EXIT 28",Derby,VT,44.95,-72.133,3.5390,3.5390,3.5390,1,manual
68236,TEX BEST #506,"I-35, EXIT 84",Dilley,TX,28.66748,-99.17059,3.0990,3.0990,3.0990,1,city
68243,PILOT EXPRESS #1173,"I-5, EXIT 135",Tacoma,WA,47.25288,-122.44429,4.5990,4.5990,4.5990,1,city
68245,STRIPES #40705,US-77/SR-374,Combes,TX,26.24869,-97.73388,2.9123,2.9123,2.9123,1,city
68253,KENT KWIK #262,"CR-18/I-20, EXIT 80",Monahans,TX,31.5943,-102.89265,2.8590,2.8590,2.8590,1,city
68256,EXTRA MILE TRUCK STOP,I-30 EXIT 208,Hooks,TX,33.46623,-94.28853,2.8173,2.8173,2.8173,1,city
68257,LOVES TRAVEL STOP #292,"I-55, EXIT 220",Dwight,IL,41.09448,-88.42506,3.4490,3.3490,3.5890,5,city
68258,CIRCLE K #2741536,SR-83/CR-1015,Weslaco,TX,26.15952,-97.99084,3.0357,3.0357,3.0357,1,city
68260,ALVARADO MARKET STATION,"I-35W, EXIT 26A & US-67",Alvarado,TX,32.40653,-97.21168,2.8440,2.8440,2.8440,1,city
68261,STRIPES #2294,US-83 & FM-1120,Leakey,TX,29.72884,-99.76145,2.9490,2.9490,2.9490,1,city
68266,FREDS FUEL AND FOOD #2,"I-57, EXIT 283 & US-24",Gilman,IL,40.7667,-87.99226,3.1890,3.0490,3.2690,3,city
68268,SPEED SMART,"I-10, EXIT 114",Buckeye,AZ,33.37032,-112.58378,3.3723,3.3723,3.3723,1,city
68270,MPC #2,US-67 & CR-A,Fredericktown,MO,37.55978,-90.29401,2.9907,2.9907,2.9907,1,city
68271,PHOENIX #308,ST 210,Rocky Point,NC,34.43517,-77.88776,3.6190,3.6190,3.6190,1,city
68273,CHISUM TRAVEL CENTER,US-70/US-54,Tularosa,NM,33.07397,-106.0186,2.9990,2.9990,2.9990,1,city
68274,CEFCO #6,SR-6 & SR-7,Marlin,TX,31.30629,-96.89804,2.9990,2.9990,2.9990,1,city
68276,KWIK STAR #895,US-18/US-63 EXIT 204,New Hampton,IA,43.05914,-92.31768,3.4490,3.4490,3.4490,1,city
68277,WHITE OAK STATION #15,US-65,Harrison,AR,36.22979,-93.10768,3.5990,3.5990,3.5990,1,city
68279,MACS MARKET #101,ST 22A,Fair Haven,VT,43.59479,-73.26567,3.5990,3.5990,3.5990,1,city
68282,SUNSTOP #612,US-84,Andalusia,AL,31.30808,-86.48243,3.4857,3.4857,3.4857,1,city
68290,WALTON TRUCK STOP,US-78/SR-10 & SR-83,Monroe,GA,33.79484,-83.71323,3.9990,3.9990,3.9990,1,city
68292,GAS N GO,US-280/US-19,Americus,GA,32.07239,-84.23269,3.2990,3.2990,3.2990,1,city
68294,BP,"I-74, EXIT 51",Galesburg,IL,40.94782,-90.37124,3.4990,3.4990,3.4990,1,city
68298,MR FUEL #719,"I-80, EXIT 6",Gary,IN,41.59337,-87.34643,3.5657,3.5657,3.5657,1,city
68301,LOVES TRAVEL STOP #463,I-10 EXIT 604,Seguin,TX,29.56884,-97.96473,3.1790,3.1790,3.1790,1,city
68302,FLYING J #493,I-95 EXIT 77,Saint George,SC,33.186,-80.57565,3.5190,3.5190,3.5190,1,city
68303,KWIK TRIP #351,SR-13 & SR-64,Medford,WI,45.13858,-90.34014,3.4007,3.4007,3.4007,1,city
68306,BIG D #018,SR-387 & SR-59,Gillette,WY,44.29109,-105.50222,3.4590,3.4590,3.4590,1,city
68307,EXPRESSWAY LUVERNE,"I-90, EXIT 12",Luverne,MN,43.65414,-96.21281,3.2390,3.2390,3.2390,1,city
68308,PINECONE TRAVEL PLAZA,"I-94, EXIT 267",Johnson Creek,WI,43.07611,-88.77427,3.2190,3.2190,3.2190,1,city
68311,SUN DO KWIK SHOP,SR-242,Evergreen,NC,34.296,-78.21778,3.1590,3.1590,3.1590,1,city
68314,Refuel #313,US-183 & SR-29,Liberty Hill,TX,30.66491,-97.92252,2.9090,2.9090,2.9090,1,city
68315,SHELL,"I-40, EXIT 200 & SR-99",Seminole,OK,35.22452,-96.67057,2.8590,2.8590,2.8590,1,city
68316,CIRCLE K #2723622,"I-75, EXIT 345",Ringgold,GA,34.91591,-85.10912,3.0757,3.0757,3.0757,1,city
68318,NINOS TRUCK PLAZA,"I-10, EXIT 151",Port Allen,LA,30.45214,-91.21011,3.0390,3.0390,3.0390,1,city
68319,HOLIDAY STATIONSTORE #2746484,US-61 & US-10,Hastings,MN,44.7433,-92.85243,3.5690,3.5690,3.5690,1,city
68321,Big's #304,"I-35, EXIT 141",Moore,TX,29.05524,-99.01031,2.9990,2.9990,2.9990,1,city
68323,TRAINER MART,"I-10, EXIT 593",Marion,TX,29.57134,-98.14029,2.9990,2.9990,2.9990,1,city
68328,TONKAWA TRAVEL CENTER,"I-35, EXIT 214 & US-60",Tonkawa,OK,36.67837,-97.31004,3.0990,3.0990,3.0990,1,city
68330,SHREES TRUCK STOP,"I-90, EXIT 149 & SR-281",George,WA,47.07902,-119.85588,3.7240,3.5690,3.7590,4,city
68332,CIRCLE K #2701526,"I-40, EXIT 208",Colfax,NC,36.11264,-80.01448,2.9573,2.9573,2.9573,1,city
68333,GO MART FOOD STORE #106,US-250/US-219/SR-92/SR-55,Elkins,WV,38.92594,-79.84673,3.4990,3.4990,3.4990,1,city
68335,PILOT #481,"I-75, EXIT 20",Mc Donald,TN,35.11341,-84.98273,3.5990,3.5990,3.5990,1,fuzzy
68337,SPEEDWAY #1426,US-30 & SR-51,Merrillville,IN,41.48281,-87.33281,3.8857,3.8857,3.8857,1,city
68339,LOVES TRAVEL STOP #464,"I-10, EXIT 523 & US-87",Comfort,TX,29.96771,-98.90503,3.2123,3.2123,3.2123,1,city
68343,HUTCH'S #119,I-40 EXIT 40,Elk City,OK,35.41199,-99.40426,2.9690,2.9690,2.9690,1,city
68347,ENERGY EXPRESS TRAVEL CENTER,I-70 EXIT 247,Saint Louis,MO,38.62727,-90.19789,2.9090,2.9090,2.9090,1,city
68348,HOT SPOT #6007,"I-85, EXIT 80",Spartanburg,SC,34.94957,-81.93205,3.0890,3.0890,3.0890,1,city
68349,SAPP BROS TRAVEL CENTER,"US-75, EXIT 116",Le Mars,IA,42.79416,-96.16558,3.2690,3.2690,3.2690,1,city
68350,JOAQUIN QUICK STOP,US-84,Joaquin,TX,31.96578,-94.05499,3.4323,3.4323,3.4323,1,city
68354,LEERJAK TRAVEL CENTER,US-60,Ellsinore,MO,36.93422,-90.74679,3.4090,3.4090,3.4090,1,city
68359,LOVES TRAVEL STOP #466,"I-78, EXIT 65",Jasper,AL,33.83122,-87.27751,3.5557,3.5557,3.5557,1,city
68360,A PLUS MINI MARKET,"I-95, EXIT 19",Philadelphia,PA,39.95238,-75.16362,4.0490,4.0490,4.0490,1,city
68361,DUCK THRU FOOD STORE #34,US-158 & US-17,Elizabeth City,NC,36.2946,-76.25105,3.4990,3.4990,3.4990,1,city
68362,RUTTERS #5,US-30 & SR-997,Fayetteville,PA,39.9112,-77.54999,3.8590,3.8590,3.8590,1,city
68364,Maplefields,"I-89, EXIT 19",Saint Albans,VT,44.81088,-73.08319,3.5390,3.5390,3.5390,1,city
68365,7-ELEVEN #36834,SR-72,Abbeville,SC,34.17817,-82.37901,3.6190,3.6190,3.6190,1,city
68366,MARATHON,US-68/SR-80,Russellville,KY,36.84532,-86.88722,3.1990,3.1990,3.1990,1,city
68367,LOVES TRAVEL STOP #447,"I-10 E, EXIT 0",Anthony,TX,31.99927,-106.60555,3.4490,3.4490,3.4490,1,city
68368,AKAL TRAVEL CENTER,I-80 EX 360,Waco,NE,40.89696,-97.46338,2.7990,2.7990,2.7990,1,city
68369,WORKMANS TRAVEL CENTER,"I-40 EXIT, 35 & SR-23",Ozark,AR,35.48703,-93.8277,3.2973,3.2973,3.2973,1,city
68370,GULF EXPRESS DIESEL AND GAS,"I-295, EXIT 4 & SR-14",Johnston,RI,41.82186,-71.50675,3.7990,3.7990,3.7990,1,city
68372,SPEEDWAY #8062,SR-26/CR-00,Kokomo,IN,40.48643,-86.1336,3.7990,3.7990,3.7990,1,city
68375,PILOT #491,"I-81, EXIT 251 & US-11",Harrisonburg,VA,38.44957,-78.86892,3.6590,3.6590,3.6590,1,city
68377,PILOT #4568,I-20 EXIT 11,Graniteville,SC,33.56375,-81.80789,3.3923,3.3923,3.3923,1,city
68378,PILOT TRAVEL CENTERS #596,I-69 EXIT 196,Smiths Creek,MI,42.91392,-82.60381,3.9590,3.9590,3.9590,1,city
68381,Fast Stop Travel Centers #2241,US-26 S & SR-39,Blackfoot,ID,43.19047,-112.34498,3.9990,3.9990,3.9990,1,city
68382,QUIKTRIP #766,US-29 & SR-316,Dacula,GA,33.98872,-83.89796,3.3207,3.3207,3.3207,1,city
68383,AYERCO 32,US-61 & SR-P,Canton,MO,40.1295,-91.51852,3.0157,3.0157,3.0157,1,city
68386,KWIK TRIP #884,US-45 & SR-22,Clintonville,WI,44.62053,-88.76232,3.5590,3.5590,3.5590,1,city
68389,WEBERS OF PLYMOUTH,SR-57 N/CR-PP E,Plymouth,WI,43.74861,-87.97704,3.4990,3.4990,3.4990,1,city
68394,CHEVRON,"I-84, EXIT 343/CR-104",Ogden,UT,41.223,-111.97383,3.4423,3.4423,3.4423,1,city
68396,TOOT N TOTUM #44,SR-287 E/CR-335 N,Amarillo,TX,35.222,-101.8313,3.0423,3.0423,3.0423,1,city
68403,RUTTERS #16,"I-83, EXIT 10 & SR-214",York,PA,39.9626,-76.72774,4.1990,4.1990,4.1990,1,city
68405,PILOT TRAVEL CENTER #1028,"I-45, EXIT 178/US-79 N",Buffalo,TX,31.46379,-96.05802,3.5490,3.5490,3.5490,1,city
68406,TOOT N TOTUM #114,US-385/US-54,Dalhart,TX,36.05948,-102.51325,3.1990,3.1990,3.1990,1,city
68411,PAWNEE TRAVEL PLAZA,US-412 & SR-18,Pawnee,OK,36.33783,-96.80392,3.0440,3.0440,3.0440,1,city
68416,STRIPES 7FLEET #42515,US-87 N,Lamesa,TX,32.7376,-101.95099,3.0990,3.0990,3.0990,1,city
68417,7-ELEVEN #42072,"I-20, EXIT 599/SR-281",Longview,TX,32.5007,-94.74049,3.2073,3.2073,3.2073,1,city
68419,ROAD RANGERS #270,"I-35, EXIT 114/SR-462",Moore,TX,29.05524,-99.01031,3.1690,3.1690,3.1690,1,city
68420,SHELBINA Phillips 66,US-36 & SR-15,Shelbina,MO,39.69393,-92.04295,3.0990,3.0990,3.0990,1,city
68421,STRIPES,US-77,Refugio,TX,28.30528,-97.27527,3.0740,3.0740,3.0740,1,city
68423,GOLDEN GATE TRUCKSTOP,"I-80, EXIT 106 & SR-398",Lovelock,NV,40.17935,-118.47348,3.6490,3.6490,3.6490,1,city
68424,MAVERICK TRAVEL CENTER,"I-20, EXIT 386/US-281",Santo,TX,32.60319,-98.21532,3.0990,3.0990,3.0990,1,city
68428,STRIPES #40519,US-90/CR-1023,Uvalde,TX,29.20968,-99.78617,3.3590,3.3590,3.3590,1,city
68432,PAPA ROCK,US-79/SR-76,Clarksville,TN,36.52977,-87.35945,3.1990,3.1990,3.1990,1,city
68434,Circle K #2741789,"I-30, EXIT 98 & US-270",Malvern,AR,34.36231,-92.81295,3.4390,3.4390,3.4390,1,city
68440,EXPRESS GAS,"I-40, EXIT 2A/US-51",Memphis,TN,35.14953,-90.04898,2.9790,2.9790,2.9790,1,city
68441,QUIKTRIP #1106,US-76,Anderson,SC,34.50344,-82.65013,2.9590,2.9590,2.9590,1,city
68444,Sunoco,US-30,Roebling,NJ,40.11594,-74.78627,3.1590,3.1590,3.1590,1,city
68446,J J OIL #07,US-160,Ulysses,KS,37.58141,-101.35517,3.3990,3.3990,3.3990,1,city
68447,JUMPIN JACKS 419,SR-161,Rockport,IN,37.88311,-87.04944,3.9990,3.9990,3.9990,1,city
68451,CASEYS #3439,US-63,Lime Springs,IA,43.44886,-92.28073,3.5657,3.5657,3.5657,1,city
68453,Marathon,US-82/US-27,Cuthbert,GA,31.77127,-84.78937,3.6990,3.6990,3.6990,1,city
68458,SPEEDWAY #6278,"I-96, EXIT 16",Coopersville,MI,43.06391,-85.93477,3.5490,3.4990,3.5990,2,city
68462,CHEVRON,SR-24 & SR-660,Houma,LA,29.59577,-90.71953,3.0990,3.0990,3.0990,1,city
68463,SPANISH LAKE TRUCK AND CASINO PLAZA,SR-182,New Iberia,LA,30.00354,-91.81873,3.3290,3.3290,3.3290,1,city
68465,LOVES TRAVEL STOP #470,"I-75, EXIT 451",Jasper,FL,30.51827,-82.94819,3.3273,3.3273,3.3273,1,city
68466,KWIK TRIP #462,SR-11 & SR-83,Burlington,WI,42.67807,-88.2762,3.2740,3.2740,3.2740,1,city
68468,SHELL,SR-193/SR-163 & CR-26,Theodore,AL,30.54769,-88.17528,3.0390,3.0390,3.0390,1,city
68469,8 MILE STORE,"US-64/I-40, EXIT 127",Conway,AR,35.0887,-92.4421,3.3990,3.3990,3.3990,1,city
68471,B LINE SHELL,SR-710,Jupiter,FL,26.93422,-80.09421,3.9573,3.9573,3.9573,1,city
68476,CREEK TRAVEL PLAZA,"I-65, EXIT 54",Atmore,AL,31.02379,-87.49387,3.1357,3.1357,3.1357,1,city
68480,KUM & GO #0414,US-212/SR-265,Springdale,AR,36.18674,-94.12881,3.1423,3.1423,3.1423,1,city
68493,FAST TRACK 427,"I-10, EXIT 225/US-19",Lamont,FL,30.37715,-83.81294,3.7390,3.7390,3.7390,1,city
68494,LOVES TRAVEL STOPS #469,"I-85, EXIT 15 & US-1",South Hill,VA,36.72653,-78.12889,3.9490,3.9490,3.9490,2,city
68497,JACKSONS FOOD STORE #30,"I-86, EXIT 61",Pocatello,ID,42.8713,-112.44553,3.4590,3.4590,3.4590,1,city
68499,DUBOIS TRAVEL STOP,I-15 & MAIN,Dubois,ID,44.1763,-112.23082,4.2990,4.2990,4.2990,1,city
68506,WARRIOR RIDGE,US-22 & SR-3035,Ashland,PA,40.78175,-76.34578,3.6990,3.6990,3.6990,1,city
68511,PWI #675,I-10/US-85/US-180 EXIT 155 & SR-227,Vado,NM,32.11176,-106.6625,2.9490,2.9490,2.9490,1,city
68512,BP,US-29/SR-154,Palmetto,GA,33.51789,-84.66965,3.2490,3.2490,3.2490,1,city
68518,CHEVRON,SR-243,Gordon,GA,32.88209,-83.33238,3.3590,3.3590,3.3590,1,city
68520,SPEED GAS,SR-56,Rosenhayn,NJ,39.47817,-75.13129,3.4590,3.4590,3.4590,1,city
68522,MINIT MART #600632,"I-474, EXIT 9 & SR-29",Pekin,IL,40.56754,-89.64066,3.7390,3.7390,3.7390,1,city
68524,Coastal Fuel,US-421,Wilmington,NC,34.23556,-77.94604,3.3990,3.3990,3.3990,1,city
68531,CASEYS #2845,"SR-150, I-380, EXIT 41",Urbana,IA,42.22416,-91.87434,3.4490,3.4490,3.4490,1,city
68533,MACH ONE FOOD SHOP #17,US-45/US-50,Flora,IL,38.66894,-88.4856,3.8990,3.8990,3.8990,1,city
68534,BG FOOD MART,US-31,Bowling Green,KY,36.99032,-86.4436,3.0573,3.0573,3.0573,1,city
68535,CASEYS #3295,SR-35 & SR-27,Prairie Du Chien,WI,43.05165,-91.14124,3.4990,3.4990,3.4990,1,city
68541,DUCK THRU #3,SR-11 & SR-561,Ahoskie,NC,36.28682,-76.98468,3.5623,3.5623,3.5623,1,city
68542,EXCELL FUELS,SR-5,Buffalo,NY,42.88645,-78.87837,3.9990,3.9990,3.9990,1,city
68549,GOOD 2 GO #212,US-310/SR 789,Lovell,WY,44.83745,-108.38956,3.6570,3.6570,3.6570,1,city
68552,HUCKS FOOD & FUEL #368,"US-41, EXIT 44/SR-281",Madisonville,KY,37.3281,-87.49889,3.3990,3.3990,3.3990,1,city
68556,MONICARLO FUEL STOP,US-61 & SR-54,Garyville,LA,30.05604,-90.61926,3.1990,3.1990,3.1990,1,city
68559,KUM & GO #0779,"I-35, EXIT 92 & US-136",Bethany,MO,40.26833,-94.02829,2.9557,2.9557,2.9557,1,city
68562,CHEVRON,SR-3235,Galliano,LA,29.44216,-90.29925,3.4990,3.4990,3.4990,1,city
68572,FOOD N FUN #17,US-90 & SR-83 & CR-605,New Iberia,LA,30.00354,-91.81873,3.0670,3.0670,3.0670,1,city
68574,SPRING STREET SERVICE STATION,US-1/US-9,Elizabeth,NJ,40.66399,-74.2107,3.0990,3.0990,3.0990,1,city
68581,CHEVRON #308195,"I-82, EXIT 58/US-12 & SR-223",Granger,WA,46.34207,-120.18727,4.4140,4.3290,4.4990,2,city
68588,SHELL,"US-202, EXIT 16",Orange,MA,42.59036,-72.30981,3.6490,3.6490,3.6490,1,city
68592,Sprint Food #742,US-25/SR-121,North Augusta,SC,33.5018,-81.96512,3.1590,3.1590,3.1590,1,city
68593,ONE9 #1285,"I-20, EXIT 386 & US-281",Santo,TX,32.60319,-98.21532,2.9240,2.9240,2.9240,1,city
68594,CIRCLE K #2723796,SR-S-8-33 & SR-S-8-119,Charleston,SC,32.77632,-79.93275,3.1990,3.1990,3.1990,1,city
68595,SUPER LUCKY LOUIES,US-190/SR-1,Port Allen,LA,30.45214,-91.21011,3.0323,3.0323,3.0323,1,city
68596,FLASH MARKET SHELL,US-63,Koshkonong,MO,36.59589,-91.6457,3.4990,3.4990,3.4990,1,city
68598,7-ELEVEN #41032,US-84 & US-259,Mount Enterprise,TX,31.91795,-94.68104,3.3490,3.3490,3.3490,1,city
68602,NEW DIXIE MART #19,"I-95, EXIT150",Whitakers,NC,36.10543,-77.71275,3.3390,3.3390,3.3390,1,city
68606,SAMS MART #95,SR-49,Harrisburg,NC,35.32395,-80.65784,3.7990,3.7990,3.7990,1,city
68613,SHEETZ #236,SR-441 & SR-772,Marietta,PA,40.05704,-76.55219,3.3890,3.3890,3.3890,1,city
68618,MINER TOWNE MART,206 R-11,Shullsburg,WI,42.57334,-90.23096,3.3990,3.3990,3.3990,1,city
68621,CIRCLE K #2723367,"I-77, EXIT 8 & SR-148",Fancy Gap,VA,36.66596,-80.69229,3.2907,3.2907,3.2907,1,city
68622,PILOT #474,"I-79, EXIT 67 & SR-19",Sutton,WV,38.66454,-80.70982,3.8657,3.8657,3.8657,1,city
68623,FLYING J TRAVEL PLAZA #304,"I-469, EXIT 19 & US-30",New Haven,IN,41.0706,-85.01441,3.8590,3.8590,3.8590,2,city
68624,PILOT #586,"I-10, EXIT 69 & SR-63",Moss Point,MS,30.41159,-88.53446,3.4590,3.4590,3.4590,1,city
68625,FLYING J #470 HUDSON,"I-94, EXIT 10 & US-65",Roberts,WI,44.98386,-92.55603,3.5590,3.5590,3.5590,1,city
68626,BECKS EXPRESS MART #14,SR-26,Princeton,IL,41.36809,-89.46481,3.2490,3.2490,3.2490,1,city
68630,DOWNSTREAM Q STORE,US-166/US-400,Joplin,MO,37.08423,-94.51328,3.1990,3.1990,3.1990,1,city
68642,EXXON SANDY RIDGE MART,"I-40/US-421, EXIT 208",Colfax,NC,36.11264,-80.01448,3.0990,3.0990,3.0990,1,city
68643,SHELL,"I-95, EXIT 58 & US-13",Wade,NC,35.16294,-78.73613,3.1990,3.1990,3.1990,1,city
68644,SUPERPUMPER #32,US-2,Minot,ND,48.23251,-101.29627,3.5990,3.5990,3.5990,1,city
68650,MARATHON,"I-75, EXIT 8",Cincinnati,OH,39.12711,-84.51439,3.8990,3.8990,3.8990,1,city
68653,KWIK TRIP #679,"I-43, EXIT 128 & SR-42",Sheboygan,WI,43.75083,-87.71453,3.2157,3.2157,3.2157,1,city
68656,TA Express Williston,US-2 & US-85,Williston,ND,48.14697,-103.61797,3.4473,3.4473,3.4473,1,city
68659,KWIK TRIP #659,"US-52, EXIT 56 & CR-22",Rochester,MN,44.02163,-92.4699,3.5490,3.5490,3.5490,1,city
68663,LOVES TRAVEL STOP #474,US-85/US-2 & CR-6,Williston,ND,48.14697,-103.61797,3.5190,3.5190,3.5190,1,city
68665,BIG D 14,"I-90, EXIT 46/US-14/SR-79",Piedmont,SD,44.23165,-103.38908,3.1373,3.1373,3.1373,1,city
68671,CASEYS #2969,US-81 & RD F,Fairmont,NE,40.63695,-97.58533,3.2823,3.2823,3.2823,1,city
68672,24 NORTH MOBIL,"I-495, EXIT 7A & SR-24, EXIT 14B",Bridgewater,MA,41.99038,-70.97504,3.6990,3.6990,3.6990,1,city
68674,TEXACO,US-290 & SR-696,Elgin,TX,30.34965,-97.37027,3.0990,3.0990,3.0990,1,city
68684,Rebecca Plantation Truck Plaza,"US-90, EXIT 200 & SR-311",Schriever,LA,29.74215,-90.81037,2.9990,2.9990,2.9990,1,city
68685,QUICK FUEL #2403,"I-29/I-35/SR-71, EXIT 5B",Kansas City,MO,39.09973,-94.57857,3.3440,3.3440,3.3440,1,city
68689,CHEVRON,"I-10, EXIT 59 & SR-395",Roanoke,LA,30.23687,-92.74709,3.6090,3.6090,3.6090,1,city
68690,MARATHON,US-30 & SR-30,Mansfield,OH,40.75839,-82.51545,3.4990,3.4990,3.4990,1,city
68691,BYRNE DAIRY #43,"I-81, EXIT 36 & SR-13",Pulaski,NY,43.56701,-76.1277,4.0990,4.0990,4.0990,1,city
68692,DANDY MINI MART #57,SR-14,Horseheads,NY,42.16702,-76.82051,3.8990,3.8990,3.8990,1,city
68693,SUPER STOPS,SR-70 & SR-308,Belle Rose,LA,30.05048,-91.04149,3.4990,3.4990,3.4990,1,city
68696,STRIPES #40800,FM-351 & US-181,Beeville,TX,28.40095,-97.74974,3.0157,3.0157,3.0157,1,city
68697,STRIPES #40915,"I-35, EXIT 8 & SR-20 & FM-1472",Laredo,TX,27.50641,-99.50754,2.9790,2.9790,2.9790,1,city
68698,GAS N WASH,"I-80, EXIT 145 & SR-84",Mokena,IL,41.52614,-87.88922,3.4990,3.4990,3.4990,1,city
68699,ORGANIC CONNECTION MOBIL,SR-997,Homestead,FL,25.46872,-80.47756,3.3440,3.3440,3.3440,1,city
68701,SPEEDWAY #1421,US-45 & CR-74,Frankfort,IL,41.49587,-87.84866,3.3640,3.2990,3.3990,4,city
68702,QUIKTRIP #1120,"I-85, EXIT 90 & SR-105",Gaffney,SC,35.07179,-81.64982,3.1907,3.1907,3.1907,1,city
68708,LOVES TRAVEL STOP #476,"I-80, EXIT 292 & SR-130",Davenport,IA,41.52364,-90.57764,3.8623,3.8623,3.8623,1,city
68716,ALLTOWN MARKETS #833,I-95 EXIT 41,Milford,CT,41.22232,-73.0565,3.5990,3.5990,3.5990,1,city
68722,Pilot #140,US-40/US-191,Roosevelt,UT,40.2994,-109.98876,3.7590,3.7590,3.7590,1,city
68730,KENT KWIK #315,SR-158 & FM-1788,Midland,TX,31.99735,-102.07791,3.4373,3.4373,3.4373,1,city
68734,LOVES TRAVEL STOP #478,"I-15, EXIT 113",Idaho Falls,ID,43.46658,-112.03414,3.7557,3.7557,3.7557,1,city
68737,KWIK TRIP #691,"I-39, EXIT 161",Stevens Point,WI,44.52358,-89.57456,3.5590,3.5590,3.5590,1,city
68738,CASEYS #2316,US-136/SR-5 & SR-5,Unionville,MO,40.47696,-93.00326,3.2140,3.2140,3.2140,1,city
68740,Certified Oil #400352,US-20 & SR-510 & SR-101,Clyde,OH,41.30422,-82.97519,3.3790,3.3790,3.3790,1,city
68741,COUNTY LINE TRUCK STOP,SR-22,Dickinson,ND,46.87918,-102.78962,3.5323,3.5323,3.5323,1,city
68742,ARTESIA #401,SR-82 & SR-285,Artesia,NM,32.84233,-104.4033,3.4390,3.4390,3.4390,1,city
68796,MR FUEL #731,"I-70, EXIT 123 & SR-3",Spiceland,IN,39.83838,-85.43886,3.6990,3.6990,3.6990,1,city
68797,SPEEDWAY #1412,SR-43,Frankfort,IL,41.49587,-87.84866,3.3590,3.3590,3.3590,1,city
68798,PILOT DEALER #1179,SR-189,Nogales,AZ,31.34038,-110.93425,4.2490,4.2490,4.2490,2,city
68799,SHELL FOOD MART # 25,"I-20, EXIT 77 & SR-13",Morton,MS,32.35376,-89.65452,3.1990,3.1990,3.1990,1,city
68801,7-ELEVEN #40574,US-281,Blanco,TX,30.09799,-98.42141,3.3990,3.3990,3.3990,1,city
68803,SHELL,"I-45, EXIT 152",Madisonville,TX,30.94991,-95.91162,3.1823,3.1823,3.1823,1,city
68806,SHELL,US-90,Westwego,LA,29.90604,-90.1423,3.0657,3.0657,3.0657,1,city
68808,SPEEDWAY #4574,US-701,Loris,SC,34.05628,-78.8903,3.2690,3.2690,3.2690,1,city
68813,SPEEDWAY #8741,"I-96, EXIT 86 & SR-100",Eagle,MI,42.80781,-84.7886,3.7890,3.7890,3.7890,1,city
68814,TA HOLBROOK,"I-40/US-180, EXIT 283",Holbrook,AZ,34.90225,-110.15818,3.6557,3.6557,3.6557,1,city
68815,LOVES TRAVEL STOPS #471,"I-35, EXIT 127 & FM-471",Natalia,TX,29.18968,-98.86253,3.2460,3.2030,3.2890,2,city
68821,Joe's Kwik Mart #473,CR-139,Lancaster,NY,42.90061,-78.67031,3.7290,3.6590,3.7990,2,city
68822,CASEYS #3919,"I-35/US-50, EXIT 148 & SR-131",Lebo,KS,38.41668,-95.85304,3.0890,3.0890,3.0890,1,city
68823,FRIENDS FOOD MART,SR-13,Mansfield,OH,40.75839,-82.51545,4.1990,4.1990,4.1990,1,city
68824,EXPRESSWAY,SR-60 & CR-9,Heron Lake,MN,43.79496,-95.32028,3.2990,3.2990,3.2990,1,city
68825,ALLTOWN MARKETS #832,"I-95, EXIT 40",Milford,CT,41.22232,-73.0565,3.5990,3.5990,3.5990,1,city
68826,HIGHWAY SERVICE,US-44,Seekonk,MA,41.80843,-71.337,3.3190,3.3190,3.3190,1,city
68828,CIRCLE K #2721540,US-78 & SR-15,New Albany,MS,34.49427,-89.00784,3.7590,3.7590,3.7590,1,city
68831,KWIK TRIP #896,SR-65 & CR-J,Minneapolis,MN,44.97997,-93.26384,3.5990,3.5990,3.5990,1,city
68835,SPEEDWAY #7954,US-258/SR-24,Richlands,NC,34.89933,-77.54663,3.3240,3.3240,3.3240,1,city
68836,Corner Market #160,US-60,Pampa,TX,35.53616,-100.95987,3.3990,3.3990,3.3990,1,city
68839,CHOCTAW TRAVEL PLAZA #641,US-69/SR-43,Stringtown,OK,34.46676,-96.05333,3.1590,3.1590,3.1590,1,city
68840,LOVES TRAVEL STOP #475,"I-20/US-84, EXIT 242 & FM-142",Sweetwater,TX,32.47095,-100.40594,3.1890,3.1890,3.1890,1,city
68841,PILOT TRAVEL CENTERS #575,"I-95, EXIT 1",Saint Marys,GA,30.73051,-81.54649,3.5990,3.5990,3.5990,2,city
68843,PILOT #467,"I-37, EXIT 125",San Antonio,TX,29.42412,-98.49363,3.3990,3.3990,3.3990,1,city
68844,FLYING J #553,"I-10, EXIT 259",Fort Stockton,TX,30.89404,-102.87932,3.6590,3.6590,3.6590,1,city
68845,PILOT TRAVEL CENTER #4651,"I-95, EXIT 4",Skippers,VA,36.61182,-77.54665,3.7990,3.7990,3.7990,1,city
68847,CIRCLE K #2741553,US-190/US-183 & US-281,Lampasas,TX,31.06378,-98.1817,2.7590,2.7590,2.7590,1,city
68848,CIRCLE K #2741328,"I-35, EXIT 328 & FM-2063",Hewitt,TX,31.46239,-97.19584,2.8657,2.8657,2.8657,1,city
68849,Circle K #2706632,US-80/SR-8 & CR-480,Selma,AL,32.40736,-87.0211,3.6990,3.6990,3.6990,1,city
68850,SPRINT MART #67,US-84/US-425,Vidalia,LA,31.56544,-91.42595,3.0823,3.0823,3.0823,1,city
68856,KWIK N EZ #1,"I-40, EXIT 265",Checotah,OK,35.4701,-95.52304,2.9090,2.9090,2.9090,1,city
68860,PETRO STOP #394,"I-35, EXIT 101 & FM-140",Pearsall,TX,28.89219,-99.09503,3.5357,3.5357,3.5357,1,city
68861,KWIK TRIP #733,SR-76/SR-44,Caledonia,MN,43.63469,-91.49681,3.4907,3.4907,3.4907,1,city
68864,QUICK FUEL #3190,"I-75, EXIT 68",Dayton,OH,39.75895,-84.19161,3.6773,3.6773,3.6773,1,city
68865,QUICK FUEL #3192,"I-275, EXIT 42B & SR-747",Cincinnati,OH,39.12711,-84.51439,3.2523,3.2523,3.2523,1,city
68868,PUMP & PANTRY #14,SR-92/SR-2,Broken Bow,NE,41.40195,-99.63928,3.2990,3.2990,3.2990,1,city
68869,PUMP & PANTRY #4,SR-2 & SR-11,Cairo,NE,41.00112,-98.60757,3.3273,3.3273,3.3273,1,city
68873,ONVO TRAVEL PLAZA - MOUNTAIN COBB,"I-84, EXIT 8",Lake Ariel,PA,41.45397,-75.38268,3.5857,3.5857,3.5857,1,city
68874,QUIKTRIP #492,"I-10, EXIT 114 & SR-85",Buckeye,AZ,33.37032,-112.58378,3.3690,3.3690,3.3690,1,city
68875,SHEETZ #512,"I-40, EXIT 203 & SR-66",Kernersville,NC,36.11986,-80.07365,2.8440,2.8440,2.8440,1,city
68882,CAPITAL FUELS MYTON,US-40/191,Myton,UT,40.1944,-110.06182,3.5023,3.5023,3.5023,1,city
68883,CBH TRAVEL CENTER,US-85,Belle Fourche,SD,44.67137,-103.85215,3.2990,3.2990,3.2990,1,city
68885,FLYING J #488,"I-35, EXIT 69",Cotulla,TX,28.43693,-99.23503,3.5990,3.5990,3.5990,1,city
68886,BEBO'S,SR-38,Kentwood,LA,30.93824,-90.50898,3.0157,3.0157,3.0157,1,city
68888,Express Lane,"US-80, EXIT 33 & US-6/SR-78",Annawan,IL,41.39726,-89.90455,3.3490,3.2990,3.3990,2,city
68890,Circle K #2741795,"I-430, EXIT 12 & SR-100",Maumelle,AR,34.86676,-92.40432,3.1857,3.1857,3.1857,1,city
68891,LOVES TRAVEL STOP #480,I-40 EXIT 364,Lenoir City,TN,35.7973,-84.25603,3.4390,3.4390,3.4390,1,city
68892,OLIVE EXXON,US-31,Holland,MI,42.78752,-86.10893,3.7990,3.7990,3.7990,1,city
68893,J & H FAMILY STORE,"I-96, EXIT 52 & SR-50",Lowell,MI,42.93364,-85.34196,3.7890,3.7890,3.7890,1,city
68894,ROCKFORD MOBIL MART,"US-131, EXIT 97",Rockford,MI,43.12003,-85.56003,3.4490,3.2990,3.5990,2,city
68895,J & H FAMILY STORE #103,"I-196, EXIT 62",Hudsonville,MI,42.87086,-85.86504,3.3990,3.3990,3.3990,1,city
68897,TA CARYVILLE,"I-75, EXIT 141",Pioneer,TN,36.41758,-84.3141,3.0073,3.0073,3.0073,1,city
68899,XTRAMART,SR-9,Westborough,MA,42.26954,-71.61618,3.6490,3.6490,3.6490,1,city
68900,DUCK THRU #41,US-17/SR-37,Hertford,NC,36.19016,-76.46605,3.5990,3.5990,3.5990,1,city
68901,SPEEDWAY #1224,"SR-741 & I-71, EXIT 25",Mason,OH,39.36006,-84.30994,3.1590,3.1590,3.1590,1,city
68902,CASEYS #3062,SR-281 & SR-160,Medicine Lodge,KS,37.28113,-98.58036,3.1140,3.1140,3.1140,1,city
68903,BIG D KWIK SHOP,SR-59,Gillette,WY,44.29109,-105.50222,3.3790,3.3790,3.3790,1,city
68907,QUIKTRIP #943,"I-35E, EXIT 405 & US-77",Waxahachie,TX,32.38653,-96.84833,2.8957,2.8957,2.8957,1,city
68908,SPEEDWAY #1804,"I-270, EXIT 32 & I-71, EXIT 116",Columbus,OH,39.96118,-82.99879,3.6923,3.6923,3.6923,1,city
68912,Chisholm Corner #13,"SR-19 & I-35, EXIT 72",Pauls Valley,OK,34.74008,-97.22225,3.0890,3.0890,3.0890,1,city
68913,CASEYS #3263,"I-90, EXIT 43 & SR-60",Worthington,MN,43.61996,-95.5964,3.1423,3.1423,3.1423,1,city
68915,PUMP & PANTRY #53,US-20,Jackson,NE,42.44861,-96.56476,3.4123,3.4123,3.4123,1,city
68916,YESWAY #1075,"I-20, EXIT 278",Tye,TX,32.45762,-99.87148,2.8757,2.8757,2.8757,1,city
68919,GULF MART 5150,"I-90 E, MM 117",Natick,MA,42.28343,-71.3495,4.0657,4.0657,4.0657,1,city
68921,GAS N GO,US-341/SR-7 & SR-96/SR-49,Fort Valley,GA,32.55376,-83.88741,3.1823,3.1823,3.1823,1,city
68923,STRIPES 7FLEET #42509,US-67 & SR-137,Big Lake,TX,31.19154,-101.46039,3.5990,3.5990,3.5990,1,city
68924,KWIK TRIP #326,"I-90, EXIT 171 & US-51 & US-14",Janesville,WI,42.68279,-89.01872,3.3740,3.3740,3.3740,1,city
68925,KWIK TRIP #874,"I-35, EXIT 132 & US-8",Chisago City,MN,45.37358,-92.88994,3.3273,3.3273,3.3273,1,city
68926,KWIK TRIP #872,SR-26,Jefferson,WI,43.00556,-88.80733,3.3823,3.3823,3.3823,1,city
68927,MARATHON,US-19 & SR-80,Rosedale,VA,36.95928,-81.93124,3.7490,3.7490,3.7490,1,city
68928,PILOT TRAVEL CENTER #475,"I-40, EXIT 196 & SR-41",Moriarty,NM,34.99005,-106.04919,3.2440,3.2440,3.2440,1,city
68929,SPEEDWAY #6953,"I-74/US-311, EXIT 65",High Point,NC,35.95569,-80.00532,3.5290,3.5290,3.5290,1,city
68930,PILOT #4569,"I-95, EXIT 5",Hardeeville,SC,32.28714,-81.08067,3.3757,3.3757,3.3757,1,city
68933,RUTTERS #23,US-30 & SR-462,Mountville,PA,40.03926,-76.4308,3.9790,3.9790,3.9790,1,city
68935,JACKSONS FOOD STORES #144,I-84 & SR-55,Nampa,ID,43.54072,-116.56346,3.8990,3.8990,3.8990,1,city
68936,AMOCO,US-421/SR-11 & SR-53,Burgaw,NC,34.55211,-77.9261,3.5990,3.5990,3.5990,1,city
68937,LANTZ CORNERS MINI MART #255,US-6 & US-219,Kane,PA,41.66284,-78.81114,3.7157,3.7157,3.7157,1,city
68938,TOOT N TOTUM #23,SR-136/207 & SR-152,Borger,TX,35.66782,-101.39739,3.0157,3.0157,3.0157,1,city
68941,ALLTOWN MARKETS #2743,"US-3, EXIT 28",North Billerica,MA,42.58343,-71.2845,3.6823,3.6823,3.6823,1,city
68946,FLYING J #97,"I-75, EXIT 64",Vandalia,OH,39.89061,-84.19883,3.3523,3.3523,3.3523,1,city
68947,PILOT TRAVEL CENTER #593,"I-10, EXIT 268",Tucson,AZ,32.22174,-110.92648,3.3023,3.3023,3.3023,1,city
68949,JOES KWIK MARTS #475,US-15 & SR-20,Orange,VA,38.24541,-78.11083,3.3323,3.3323,3.3323,1,city
68950,KWIK TRIP #608,US-52 & SR-30,Chatfield,MN,43.84552,-92.18905,3.4823,3.4823,3.4823,1,city
68951,KWIK TRIP #313,US-10 & SR-73,Neillsville,WI,44.55996,-90.59625,3.3390,3.3390,3.3390,1,city
68952,MAVERIK COUNTRY STORE #425,"I-84, EXIT 376, US-30/US-95",Fruitland,ID,44.00766,-116.91655,3.3657,3.3657,3.3657,1,city
68956,SPEEDWAY #4533,"US-18/US-12, EXIT 146",Madison,WI,43.07305,-89.40123,3.5990,3.5990,3.5990,1,city
68957,TA EXPRESS #6259,US-85/SR-200,Alexander,ND,47.84308,-103.6427,3.5257,3.5257,3.5257,1,city
68959,SPEEDWAY #5215,"I-70, EXIT 66 & SR-54",South Vienna,OH,39.927,-83.61242,3.1590,3.1590,3.1590,1,city
68960,MAVERIK COUNTRY STORE #484,"I-15/84, EXIT 343 & SR-126",Ogden,UT,41.223,-111.97383,3.3923,3.3923,3.3923,1,city
68964,JIFFY TRIP #201,US-64/SR-58,Cherokee,OK,36.75447,-98.35674,3.2690,3.2690,3.2690,1,city
68969,MAVERIK COUNTRY STORE #474,"I-80, EXIT 115, CR-154",Salt Lake City,UT,40.76078,-111.89105,3.3890,3.3890,3.3890,1,city
68971,FLYING J #580,"I-20, EXIT 121",Odessa,TX,31.84568,-102.36764,3.5657,3.5657,3.5657,1,city
68972,SUNOCO CLARA BARTON PLAZA #7005,NJTP MM 5 SB,Penns Grove,NJ,39.72956,-75.46797,3.8990,3.8990,3.8990,1,city
68974,STRIPES #40801,US-181 & SR-123 & CR-347,Karnes City,TX,28.88498,-97.90084,3.1740,3.1740,3.1740,1,city
68976,MAVERIK COUNTRY STORE #453,"I-80, EXIT 223 & SR-305",Battle Mountain,NV,40.64213,-116.93427,3.3890,3.3890,3.3890,1,city
68977,MAVERIK COUNTRY STORE #444,US-491 & US-666,Monticello,UT,37.87138,-109.34289,3.4890,3.4890,3.4890,1,city
68978,MAVERIK COUNTRY STORE #287,"I-84, EXIT 36 & US-30",Nampa,ID,43.54072,-116.56346,3.3857,3.3857,3.3857,1,city
68979,MAVERIK COUNTRY STORE #478,"I-40, EXIT 286 & SR-77",Holbrook,AZ,34.90225,-110.15818,3.2240,3.2240,3.2240,1,city
68981,PETRO-CARD 24 #910450,US-63 & US-36,Macon,MO,39.74226,-92.47269,3.2390,3.2390,3.2390,1,city
68982,SHELL,US-23,Grand Blanc,MI,42.92753,-83.62995,3.7990,3.7990,3.7990,1,city
68985,LOVES TRAVEL STOP #500,"I-35, EXIT 106",Eagleville,MO,40.46917,-93.98717,3.7890,3.7890,3.7890,1,city
68987,STRIPES #40535,I-35,Cotulla,TX,28.43693,-99.23503,3.3390,3.3390,3.3390,1,city
68988,7-ELEVEN #40547,US-281 & SR-29,Burnet,TX,30.75824,-98.22836,2.9573,2.9573,2.9573,1,city
68989,QUARLES #4907,SR-166,Norfolk,VA,36.84681,-76.28522,3.8090,3.8090,3.8090,1,city
68990,LOVES TRAVEL STOP #490,"I-24, EXIT 158",Jasper,TN,35.07424,-85.62608,3.2523,3.2523,3.2523,1,city
68991,LOVES TRAVEL STOPS #514,"I-90/US-395, EXIT 221 & SR-261",Ritzville,WA,47.12755,-118.37999,3.9890,3.9190,4.0490,5,city
68992,SHORT STOP #24,US-24,Saint Marys,KS,39.19416,-96.0711,2.9673,2.9673,2.9673,1,city
68993,SHORT STOP #22,SR-15,Clay Center,KS,37.51946,-96.77114,2.9723,2.9723,2.9723,1,city
68994,SHORT STOP #25,US-36 & SR-15,Washington,KS,39.81806,-97.05086,2.9023,2.9023,2.9023,1,city
68995,ALLTOWN MARKETS #839,"I-95, EXIT 10",Darien,CT,41.07871,-73.46929,3.8323,3.8323,3.8323,1,city
68996,BLU / DRIVEN FUELS,"I-15, EXIT 113",Idaho Falls,ID,43.46658,-112.03414,3.4790,3.4790,3.4790,1,city
69002,KWIK TRIP #863,US-10,Stevens Point,WI,44.52358,-89.57456,3.5840,3.5840,3.5840,1,city
69004,Maplefields,HWY 9 N & ROUTE 22,Ticonderoga,NY,43.84867,-73.42345,3.7490,3.7490,3.7490,1,city
69005,SPEEDWAY #1017,"I-70, EXIT 186 & SR-285",Lore City,OH,39.98479,-81.45845,3.2323,3.2323,3.2323,1,city
69006,PILOT #449,"I-70, EXIT 208",Belmont,OH,39.7295,-84.13966,3.5390,3.5390,3.5390,1,city
69007,SPEEDWAY #7136,US-41 & US-70,Nashville,TN,36.16589,-86.78444,3.2423,3.2423,3.2423,1,city
69008,SPEEDWAY #7137,SR-42 & SR-111,Cookeville,TN,36.16284,-85.50164,3.0773,3.0773,3.0773,1,city
69009,PILOT #1140,US-287,Rhome,TX,33.05346,-97.47197,3.1757,3.1757,3.1757,1,city
69010,PILOT TRAVEL CENTER #1023,US-69 & US-59/SR-287,Lufkin,TX,31.33824,-94.7291,3.6590,3.6590,3.6590,1,city
69013,SPEEDWAY #7124,US-231/SR-10,Lebanon,TN,36.20811,-86.2911,3.0240,3.0240,3.0240,1,city
69014,SPEEDWAY #4100,"I-94, EXIT 308 & US-41",Milwaukee,WI,43.0389,-87.90647,3.5990,3.5990,3.5990,1,city
69015,Joe's Kwik Mart,"I-75, EXIT 7 & US-11 & US-64",Chattanooga,TN,35.04563,-85.30968,3.1490,3.1490,3.1490,1,city
69016,SPEEDWAY #7606,"I-75, EXIT 25",Corbin,KY,36.9487,-84.09688,3.5190,3.5190,3.5190,1,city
69017,SHELL,US-71 & SR-511,Bossier City,LA,32.51599,-93.73212,2.9990,2.9990,2.9990,1,city
69021,SWEET CRUDE TRAVEL CENTER,HWY 85 & SR 200,Grassy Butte,ND,47.39251,-103.24797,3.6407,3.6407,3.6407,1,city
69027,SPINX #134 (DISCOUNT AVAILABLE),SR-55 & 418,Simpsonville,SC,34.73706,-82.25428,3.0657,3.0657,3.0657,1,city
69028,LOVES TRAVEL STOP #427,"I-75, EXIT 51",Dayton,OH,39.75895,-84.19161,3.3190,3.3190,3.3190,1,city
69029,LOVES TRAVEL STOP #461,"I-70, EXIT 246A",Saint Louis,MO,38.62727,-90.19789,3.1140,3.1140,3.1140,1,city
69030,LOVES TRAVEL STOP #424,"I-20, EXIT 51",Lexington,SC,33.98154,-81.23621,3.4073,3.4073,3.4073,1,city
69031,LOVES TRAVEL STOPS #492,"I-20, EXIT 42 & US-285",Pecos,TX,31.42291,-103.49323,3.4520,3.4490,3.4550,2,city
69036,REFUEL #1038,US-15 & SR-151,Hartsville,SC,34.37404,-80.0734,3.3657,3.3657,3.3657,1,city
69037,CIRCLE K #2723192,US-64 & US-421,Siler City,NC,35.72347,-79.46224,2.9490,2.9490,2.9490,1,city
69038,REFUEL #1028,US-421/US-52 & US-15,Society Hill,SC,34.51266,-79.8509,3.3990,3.3990,3.3990,1,city
69041,SPEEDWAY #7960,US-258/US-13,Farmville,NC,35.59544,-77.58525,2.8990,2.8990,2.8990,1,city
69042,Joes Kwik Mart #7012,US-17/701,Georgetown,SC,33.37683,-79.2945,2.9990,2.9990,2.9990,1,city
69043,KWIK TRIP #204,"US-51, EXIT 188",Wausau,WI,44.95914,-89.63012,3.3323,3.3323,3.3323,1,city
69045,TA BRUNSWICK #6258,"I-95, EXIT 29",Brunswick,GA,31.15013,-81.49147,3.4607,3.4607,3.4607,1,city
69046,SPEEDWAY #6303,"I-96, EXIT 4 & US-31",Muskegon,MI,43.23418,-86.24839,3.3190,3.2790,3.3790,5,city
69047,SPEEDWAY #7461,I-294 & SR-50/SR-31,Alsip,IL,41.66892,-87.73866,3.2190,3.2190,3.2190,1,city
69048,QUICK FUEL #2104,"I-74, EXIT 11",Indianapolis,IN,39.76838,-86.15804,3.6623,3.6623,3.6623,1,city
69049,CIRCLE K #2741787,"I-440, EXIT 7 & US-165",North Little Rock,AR,34.76954,-92.26709,3.3690,3.3690,3.3690,1,city
69051,PILOT TRAVEL CENTER #1225,"I-64, EXIT 23 & SR-4",Mascoutah,IL,38.49033,-89.79315,3.8590,3.7990,3.8590,3,city
69052,PILOT DEALER #1193,US-93,Wikieup,AZ,34.70335,-113.61132,3.8690,3.8390,3.8990,2,city
69053,PILOT DEALER #1192,US-60,Wittmann,AZ,33.77642,-112.5285,4.8990,4.8990,4.8990,2,city
69055,PILOT TRAVEL CENTER #1058,US-301 & SR-200,Waldo,FL,29.78969,-82.16732,3.7990,3.7990,3.7990,2,city
69057,MACH ONE FOOD SHOP #18,US-45/SR-15,Fairfield,IL,42.21919,-88.06147,3.7440,3.7290,3.7590,2,city
69058,FOOD N FUEL,SR-53,Joliet,IL,41.52519,-88.0834,3.5490,3.4990,3.5990,2,city
69059,LOVES TRAVEL STOP #530,"I-20, EXIT 147",Moody,AL,33.59094,-86.49082,3.1757,3.1757,3.1757,1,city
69061,SPINX #125 (DISCOUNT AVAILABLE),US-25 & SR-331,Piedmont,SC,34.70234,-82.46457,3.0657,3.0657,3.0657,1,city
69064,DUCK THRU #7,US-258,Rich Square,NC,36.27404,-77.28441,3.6990,3.6990,3.6990,1,city
69067,AP FUEL STOP,"I-75, EXIT 120",Lima,OH,40.74255,-84.10523,3.0807,3.0807,3.0807,1,city
69069,SPINX #179 (DISCOUNT AVAILABLE),SR-291,Greenville,SC,34.85262,-82.39401,3.7990,3.7990,3.7990,1,city
69073,LOVES TRAVEL CENTER #518,"I-15, EXIT 260 & SR-77",Springville,UT,40.16523,-111.61075,3.7490,3.6890,3.8090,2,city
69076,A PLUS MINI MARKET,"I-95, MM 82",Aberdeen,MD,39.50956,-76.16412,3.8323,3.8323,3.8323,1,city
69077,FLYING J #554,"I-37, EXIT 56",George West,TX,28.3325,-98.11751,3.1990,3.1990,3.1990,1,city
69078,PILOT #559,"I-20, EXIT 178",Big Spring,TX,32.2504,-101.47874,3.6590,3.6590,3.6590,1,city
69079,Circle K #2746432,SR-2,Stanley,ND,48.31724,-102.39045,3.5490,3.5490,3.5490,1,city
69084,TIGER MART #79,SR-287 & FM-664,Waxahachie,TX,32.38653,-96.84833,2.8490,2.8490,2.8490,1,city
69085,FATDOGS OGALLALA,"US-80, EXIT 126 & US-26/SR-61",Ogallala,NE,41.12805,-101.71962,3.0140,3.0140,3.0140,1,city
69088,SPEEDWAY #3478,US-9 & SR-184,Perth Amboy,NJ,40.50677,-74.26542,3.4190,3.4190,3.4190,1,city
69091,SPEEDWAY #6670,US-36/SR-67,Indianapolis,IN,39.76838,-86.15804,3.2290,3.2290,3.2290,1,city
69095,JACKSONS FOOD STORE #23,"SR-395, EXIT 78",Reno,NV,39.52963,-119.8138,3.9990,3.9990,3.9990,1,city
69096,SPEEDWAY #2907,US-62 & SR-18,Hermitage,PA,41.23339,-80.44868,3.9373,3.9373,3.9373,1,city
69097,CIRCLE K #2741192,"I-30, EXIT 42B & SR-180",Dallas,TX,32.78306,-96.80667,2.8990,2.8990,2.8990,1,city
69098,CIRCLE K #2741318,SR-285 & CR-160,Dripping Springs,TX,30.19021,-98.08668,3.0490,3.0490,3.0490,1,city
69099,LOVES TRAVEL STOP #523,"I-10, EXIT 92",Rayne,LA,30.23493,-92.26846,3.1490,3.1490,3.1490,1,city
69100,DADS NORTH YELLOWSTONE,US-26,Idaho Falls,ID,43.46658,-112.03414,3.5990,3.5990,3.5990,1,city
69101,BROMPTON VALERO,"I-20, EXIT 147 WEST",Moody,AL,33.59094,-86.49082,3.1223,3.1223,3.1223,1,city
69102,CIRCLE K #4701445,"I-57, EXIT 250 & US-36",Rantoul,IL,40.30837,-88.15588,3.6990,3.5990,3.7990,2,city
69103,LOVES TRAVEL STOP #539,US-385 & FM-1910,Andrews,TX,32.31872,-102.54572,3.6890,3.6890,3.6890,1,city
69104,QUIKTRIP #970,SR-12 & SR-180,Dallas,TX,32.78306,-96.80667,2.9757,2.9757,2.9757,1,city
69106,SPINX #201,"I-185, EXIT 1A, I-385, EXIT 30",Simpsonville,SC,34.73706,-82.25428,2.9657,2.9657,2.9657,1,city
69109,SHEETZ #497,"I-99, EXIT 15 & US-220 (BUSINESS)",Claysburg,PA,40.29674,-78.44974,3.6440,3.6440,3.6440,1,city
69110,SHEETZ #498,US-22/US-119,Blairsville,PA,40.43118,-79.26087,3.5273,3.5273,3.5273,1,city
69112,LOVES TRAVEL STOP #529,"I-39, EXIT 54",Oglesby,IL,41.29531,-89.05953,3.4890,3.3890,3.5890,3,city
69115,BP,"I-90, EXIT 387/CR-151",Hartford,SD,43.62303,-96.94255,2.9773,2.9773,2.9773,1,city
69117,SPEEDWAY #6395,US-24 & SR-64,Waterville,OH,41.50089,-83.71827,3.6990,3.6990,3.6990,1,city
69119,CIRCLE K #2741217,"I-24, EXIT 242 & US-550/SR-24",Bernalillo,NM,35.30004,-106.55114,3.5257,3.5257,3.5257,1,city
69122,DOUBLE QUICK #61,US-82,Leland,MS,33.40539,-90.8976,3.2990,3.2990,3.2990,1,city
69123,LATTA TRAVEL STOP,SR-1,Ada,OK,34.77453,-96.67834,3.1073,3.1073,3.1073,1,city
69124,LOVES TRAVEL STOP #467,"I-95, EXIT 131 & SR-68",Fort Pierce,FL,27.44671,-80.32561,3.5057,3.5057,3.5057,1,city
69125,TA BROOKLYN,"I-80, EXIT 197",Brooklyn,IA,41.73361,-92.44546,3.8190,3.8190,3.8190,1,city
69127,TALL TIMBERS TRUCK STOP,"I-55, EXIT 46 & SR-16",Amite,LA,30.72657,-90.50898,2.9990,2.9990,2.9990,1,city
69128,BEACON & BRIDGE #34,"US-127, EXIT 194 & SR-55",Houghton Lake,MI,44.31474,-84.76475,3.3990,3.3990,3.3990,1,city
69132,PILOT #1001,US-67 & SR-137,Big Lake,TX,31.19154,-101.46039,4.0590,4.0590,4.0590,1,city
69133,PILOT TRAVEL CENTERS #557,US-180 & US-62,Hobbs,NM,32.70261,-103.13604,3.7290,3.7290,3.7290,1,city
69134,LOVES TRAVEL STOP #486,"I-40 & US-270, EXIT 166",Choctaw,OK,35.49756,-97.26892,3.3373,3.3373,3.3373,1,city
69135,SPEEDWAY #8013,"I-70, EXIT 21",Brookville,OH,39.83672,-84.41134,3.3407,3.3407,3.3407,1,city
69137,CIRCLE K #2741564,"I-35/US-77, EXIT 338B",Waco,TX,31.54933,-97.14667,2.8890,2.8890,2.8890,1,city
69139,CIRCLE K #2741545,SR-72 & US-87,Cuero,TX,29.09387,-97.28916,3.0990,3.0990,3.0990,1,city
69141,LOVES TRAVEL STOP #558,US-283 & US-400/US-56,Dodge City,KS,37.7528,-100.01708,3.7890,3.7890,3.7890,1,city
69142,LOVES TRAVEL STOP #517,"I-70, EXIT 26 & US-50/6",Grand Junction,CO,39.06387,-108.55065,3.9890,3.9890,3.9890,1,city
69143,MACH 1 #21,US-45 & SR-34,Harrisburg,IL,37.73838,-88.54061,3.6890,3.6890,3.6890,1,city
69144,STRIPES 7FLEET #42530,SR-71 & SR-16,Llano,TX,30.75935,-98.67504,3.2323,3.2323,3.2323,1,city
69145,SPEEDWAY #9561,"I-77, EXIT 132",Ripley,WV,38.8187,-81.71069,3.4990,3.4990,3.4990,1,city
69146,DRUMS FUEL STOP,I-80 EXIT 262,Drums,PA,41.01814,-75.99493,3.5690,3.5690,3.5690,1,city
69149,BLU STATION- LAMAR AVE,"I-240, EXIT 30",Memphis,TN,35.14953,-90.04898,2.9690,2.9690,2.9690,1,city
69150,BLU STATION,"I-70, EXIT 66 & SR-267",Plainfield,IN,39.70421,-86.39944,3.4790,3.4790,3.4790,1,city
69151,PILOT TRAVEL CENTER #592,"I-70, EXIT 26 & US-50",Grand Junction,CO,39.06387,-108.55065,3.9990,3.9990,3.9990,2,city
69152,LOVES TRAVEL STOP #557,"US-64/167, EXIT 44 & SR-367",Searcy,AR,35.25064,-91.73625,3.3623,3.3623,3.3623,1,city
69153,Pilot Travel Center #1550,"I-65, EXIT 304 & SR-69/CR-437",Cullman,AL,34.17482,-86.84361,3.8590,3.8590,3.8590,2,city
69155,PILOT TRAVEL CENTERS #1004,"I-35, EXIT 214 & US-60",Tonkawa,OK,36.67837,-97.31004,3.5957,3.5957,3.5957,1,city
69156,BLU STATION,"I-55, EXIT 5A",Memphis,TN,35.14953,-90.04898,2.9690,2.9690,2.9690,1,city
69159,EXXON,US-15 & SR-49,Lawrenceville,PA,40.46757,-79.96061,3.6990,3.6990,3.6990,1,city
69162,Shell,US-20 & SR-15,Goshen,IN,41.58227,-85.83444,3.5490,3.5490,3.5490,1,city
69163,CUBBYS #406,"I-229, EXIT 9 & SR-115",Sioux Falls,SD,43.54369,-96.72796,3.0990,3.0990,3.0990,1,city
69164,CIRCLE K #2741557,US-190 & SR-195 & SR-3470,Killeen,TX,31.11712,-97.7278,2.7623,2.7623,2.7623,1,city
69165,EL TIPI QUICK STOP,US-283 & SR-15,Shattuck,OK,36.27614,-99.88276,3.2323,3.2323,3.2323,1,city
69167,HOBO TRUCK STOP 2,US-50/400 & US-83,Garden City,KS,37.97169,-100.87266,3.3990,3.3990,3.3990,1,city
69168,STRIPES 7FLEET #42470,I-20 EXIT 324 & CR-134,Cisco,TX,32.38819,-98.97923,3.1273,3.1273,3.1273,1,city
69169,LAMBOS #5,"I-57, EXIT 212 & SR-36/CR-950",Tuscola,IL,39.7992,-88.2831,3.2290,3.2290,3.2290,1,city
69170,SPEEDWAY #9381,US-50 & SR-14,Parkersburg,WV,39.26674,-81.56151,3.4640,3.4640,3.4640,1,city
69171,KWIK STAR #215,US-61,Davenport,IA,41.52364,-90.57764,3.6490,3.6490,3.6490,1,city
69172,KWIK TRIP #210,"US-53, EXIT 90",Eau Claire,WI,44.81135,-91.49849,3.4073,3.4073,3.4073,1,city
69173,KWIK TRIP #231,US-61 & SR-310,Boscobel,WI,43.13443,-90.7054,3.4740,3.4740,3.4740,1,city
69174,KWIK TRIP #860,SR-17,Rhinelander,WI,45.63662,-89.41208,3.4523,3.4523,3.4523,1,city
69175,KWIK TRIP #854,US-212 & CR-33,Norwood Young America,MN,44.77357,-93.92163,3.6740,3.6740,3.6740,1,city
69176,FLYING J TRAVEL PLAZA #1015- TOWN PUMP,SR-200/SR-16 & CR-123,Sidney,MT,47.71668,-104.15633,3.3840,3.3840,3.3840,1,city
69177,LOVES TRAVEL STOP #426,"I-80, EXIT 34",Shelby,IA,41.5161,-95.45028,3.6490,3.6490,3.6490,1,city
69178,LOVES TRAVEL STOP #495,"I-75, EXIT 143 & CR-78",North Fort Myers,FL,26.66729,-81.88009,3.7890,3.7890,3.7890,1,city
69182,XtraMart #1513,"I-87, EXIT 10 & US-9",Clifton Park,NY,42.86563,-73.77095,3.8990,3.8990,3.8990,1,city
69183,SPEEDWAY #7611,"I-71, EXIT 65 & SR-435",Jeffersonville,OH,39.65367,-83.56381,3.2290,3.2290,3.2290,1,city
69185,LOVES TRAVEL STOPS #560,US-258 & US-58,Franklin,VA,36.67765,-76.92246,3.8890,3.8890,3.8890,2,city
69186,LOVES TRAVEL STOP #551,US-20 & CR-127,Angola,IN,41.63477,-84.99941,3.8890,3.8890,3.8890,1,city
69187,LOVES TRAVEL STOP #559,US-82 & US-49,Indianola,MS,33.45095,-90.65509,3.3157,3.3157,3.3157,1,city
69188,PILOT TRAVEL CENTER #1013-TOWN PUMP,"I-90, EXIT 298",Belgrade,MT,45.77604,-111.1769,3.6307,3.6307,3.6307,1,city
69189,LOVES TRAVEL STOP #542,"I-10, EXIT 261/US-67 & I-10 BUS",Fort Stockton,TX,30.89404,-102.87932,3.6490,3.6490,3.6490,1,city
69190,LOVES TRAVEL STOP #561,"I-10, EXIT 70 & US-90 & SR-285",Defuniak Springs,FL,30.72102,-86.11522,3.6090,3.6090,3.6090,1,city
69193,Certified Oil #400305,SR-2 & SR-7,New Martinsville,WV,39.64452,-80.8576,3.3173,3.3173,3.3173,1,city
69194,CHESAPEAKE HOUSE SUNOCO,"I-95, EXIT 97",North East,MD,39.60011,-75.94133,3.8323,3.8323,3.8323,1,city
69200,BECKS EXPRESS MART #22,"I-55, EXIT 126",Lincoln,IL,40.14838,-89.36482,3.2990,3.2990,3.2990,1,city
69201,CASEYS #3654,SR-210,Brainerd,MN,46.35802,-94.20083,3.4457,3.4457,3.4457,1,city
69203,SPEEDWAY #1414,US-45,Mokena,IL,41.52614,-87.88922,3.3390,3.3390,3.3390,1,city
69207,CIRCLE K #2705988,"I-10, EXIT 209A & US-90/SR-10",Tallahassee,FL,30.43826,-84.28073,3.6190,3.6190,3.6190,1,city
69211,KWIK TRIP #213,"I-35/US-61, EXIT 139 & CR-19",Stacy,MN,45.39802,-92.98744,3.3773,3.3773,3.3773,1,city
69213,Circle K #2741498,SR-72 & SR-16,Tilden,TX,28.46194,-98.54918,3.1990,3.1990,3.1990,1,city
69214,MAVERIK #5031,"I-70, EXIT 90 & US-24",Rifle,CO,39.5347,-107.78312,3.4623,3.4623,3.4623,1,city
69215,GASWAY,US-1,North Brunswick,NJ,40.454,-74.482,3.1590,3.1590,3.1590,1,city
69217,Circle K #4705624,"I-76, EXIT 2 & US-224",Seville,OH,41.01006,-81.86236,3.0657,3.0657,3.0657,1,city
69218,DANDY MINI MART #58,"I-86, EXIT 41 & US-17/15",Campbell,NY,42.23313,-77.19747,3.9490,3.8990,3.9990,2,city
69220,CIRCLE K #2705097,"I-275, EXIT 2 & US-41",Palmetto,FL,27.52143,-82.57232,3.6990,3.6990,3.6990,1,city
69221,PILOT TRAVEL CENTER #483,"I-80, EXIT 112 & SR-47",Morris,IL,41.35725,-88.42118,3.7990,3.7990,3.7990,1,city
69222,PILOT TRAVEL CENTERS #1003,US-287 & US-283,Childress,TX,34.42645,-100.204,3.7990,3.7990,3.7990,1,city
69223,LOVES TRAVEL STOP #566,"US-231/CR-53, EXIT 12",Ozark,AL,31.45906,-85.64049,3.9890,3.9890,3.9890,1,city
69226,STRIPES #40812,US-77,Odem,TX,27.95057,-97.58222,3.1990,3.1990,3.1990,1,city
69228,QUIKTRIP #993,"I-20, EXIT 501 & SR-34",Terrell,TX,32.73596,-96.27526,2.8707,2.8707,2.8707,1,city
69229,SPEEDWAY #7154,"I-40, EXIT 87 & US-70",Jackson,TN,35.61452,-88.81395,3.3990,3.3990,3.3990,1,city
69230,JOES KWIK MARTS #6013,SR-16 & SR-73,Denver,NC,35.53125,-81.0298,3.1890,3.1890,3.1890,1,city
69233,PILOT TRAVEL CENTER #597,US-23 & US-50,Chillicothe,OH,39.33312,-82.9824,3.7990,3.7990,3.7990,1,city
69234,KWIK TRIP #220,US-53/SR-194,Duluth,MN,46.78327,-92.10658,3.4990,3.4990,3.4990,1,city
69235,KWIK TRIP #203,US-2 & SR-35,Superior,WI,46.72077,-92.10408,3.3390,3.3390,3.3390,1,city
69236,KWIK TRIP #225,SR-54/SR-55,Seymour,WI,44.51499,-88.33038,3.3907,3.3907,3.3907,1,city
69237,KWIK TRIP #239,"I-43, EXIT 50 & SR-164",Big Bend,WI,42.8814,-88.20676,3.3323,3.3323,3.3323,1,city
69238,KWIK TRIP #242,"US-41, EXIT 97",Fond Du Lac,WI,43.775,-88.43883,3.3407,3.3407,3.3407,1,city
69239,LOVES TRAVEL STOP #580,SR-20/157 & SR-133,Tuscumbia,AL,34.7312,-87.70253,3.8490,3.8490,3.8490,1,city
69245,SPEEDWAY #7946,SR-24,Newport,NC,34.78655,-76.85911,3.6990,3.6990,3.6990,1,city
69250,MAVERIK #5150,"I-25, EXIT 278 & SR-1",Wellington,CO,40.70387,-105.00859,3.1990,3.1990,3.1990,1,city
69252,SPEEDWAY #6977,SR-96,Youngsville,NC,36.02487,-78.47444,2.9523,2.9523,2.9523,1,city
69255,THE LANDING,US-82,Greenwood,MS,33.51623,-90.17953,3.1990,3.1990,3.1990,1,city
69257,CATARINA ONE STOP,US-83,Catarina,TX,28.34555,-99.61338,3.0240,3.0240,3.0240,1,city
69258,TEX-BEST #525,"I-37, EXIT 109 & SR-97",Pleasanton,TX,28.96719,-98.47863,3.0990,3.0990,3.0990,1,city
69259,SPEEDWAY #7162,US-74/SR-311,Cleveland,TN,35.15952,-84.87661,3.4490,3.4490,3.4490,1,city
69261,THORNTONS #314,SR-83,Bensenville,IL,41.95503,-87.94007,3.4490,3.4090,3.4590,3,city
69263,LOVES TRAVEL STOP #564,US-82 & SR-50 & SR-12,Columbus,MS,33.49567,-88.42726,3.2490,3.2490,3.2490,1,city
69288,KWIK STAR #207,"US-61, EXIT 311B & US-30",De Witt,IA,41.82336,-90.53819,3.6240,3.6240,3.6240,1,city
69289,KWIK TRIP #224,"I-35, EXIT 254",Duluth,MN,46.78327,-92.10658,3.4990,3.4990,3.4990,1,city
69290,LOVES TRAVEL STOP #587,"I-41/US-45, EXIT 97",Fond Du Lac,WI,43.775,-88.43883,3.4457,3.4457,3.4457,1,city
69291,LOVES TRAVEL STOP #581,"I-70, EXIT 56 & US-89",Salina,UT,38.95774,-111.85993,3.7057,3.7057,3.7057,1,city
69294,KWIK TRIP #317,"I-90, EXIT 28 & SR-16",Sparta,WI,43.94413,-90.81291,3.2423,3.2423,3.2423,1,city
69296,KWIK TRIP #234,"I-35, EXIT 239",Cloquet,MN,46.72161,-92.45936,3.3190,3.3190,3.3190,1,city
69297,KWIK TRIP #241,"US-51, EXIT 208 & SR-64",Merrill,WI,45.18052,-89.68346,3.4073,3.4073,3.4073,1,city
69299,SPEEDWAY #7912,US-421/SR-16,Wilkesboro,NC,36.14596,-81.16064,3.1340,3.1340,3.1340,1,city
69300,SPEEDWAY #8262,SR-306 & SR-55,Grantsboro,NC,35.14044,-76.84244,3.4407,3.4407,3.4407,1,city
69301,SPEEDWAY #6969,US-264 & SR-99,Belhaven,NC,35.54017,-76.62299,3.1973,3.1973,3.1973,1,city
69305,ROAD RANGER #268,"I-64, EXIT 130 & SR-1",Grayville,IL,38.25755,-87.99364,3.7990,3.7990,3.7990,1,city
69306,PILOT TRAVEL CENTER #500,"I-75, EXIT 460 & SR-6",Jasper,FL,30.51827,-82.94819,3.3690,3.3690,3.3690,1,city
69307,LOVES TRAVEL STOP #578,I-55 EXIT 30 & SR-140,Hamel,IL,38.88894,-89.84538,3.4990,3.4190,3.6890,4,city
69308,LOVES TRAVEL STOP #535,SR-283,Middletown,PA,40.19981,-76.73108,3.7590,3.7590,3.7590,1,city
69309,PILOT TRAVEL CENTER #1012,"US-218, EXIT 42B & US-34",Mount Pleasant,IA,40.96364,-91.55794,3.5657,3.5657,3.5657,1,city
69310,PILOT TRAVEL CENTER #1006,"I-10, EXIT 456 & US-377",Junction,TX,30.48936,-99.77201,3.5990,3.5990,3.5990,1,city
69311,GOLDEN GATE TRUCKSTOP HAWTHORNE,US-95/SR-362,Hawthorne,NV,38.52464,-118.62458,4.0790,4.0790,4.0790,1,city
69312,ONVO TRAVEL PLAZA - DUNCANNON,US-11/15,Duncannon,PA,40.39814,-77.02303,3.5523,3.5523,3.5523,1,city
69313,PETERSONS DIESEL FUELING,"I-5, EXIT 156",Seattle,WA,47.60621,-122.33207,4.3990,4.3990,4.3990,1,city
69314,Circle K #4706799,"I-55, EXIT 283 & SR-43",Bridgeview,IL,41.75003,-87.80422,3.9190,3.9190,3.9190,1,city
69315,ROAD RANGER #269,"I-70, EXIT 147 & SR-1",Marshall,IL,39.39143,-87.69364,3.3090,3.2490,3.4490,3,city
69318,FUEL ONE,US-9 & SR-35,Avenel,NJ,40.58038,-74.28515,3.3723,3.3723,3.3723,1,city
69319,SPEEDWAY #8190,US-117/13 BYP S,Goldsboro,NC,35.38488,-77.99277,3.5990,3.5990,3.5990,1,city
69321,CIRCLE K #2741546,US-90,Gonzales,TX,29.50163,-97.45249,2.8757,2.8757,2.8757,1,city
69322,SHELL SERVICE STATION,"I-10, EXIT 828 & SR-73",Winnie,TX,29.82022,-94.38408,3.2323,3.2323,3.2323,1,city
69324,CIRCLE K #4707006,"I-95, EXIT 302 & US-1",Houlton,ME,46.12616,-67.8403,3.8990,3.8990,3.8990,1,city
69330,KWIK TRIP #292,"I-43, EXIT 183",Green Bay,WI,44.51916,-88.01983,3.3907,3.3907,3.3907,1,city
69333,SPEEDWAY #3578,"US-131, EXIT 64",Wayland,MI,42.67392,-85.64474,3.5990,3.4990,3.6990,3,city
69336,SPEEDWAY #7148,"I-40, EXIT 232 & SR-109",Lebanon,TN,36.20811,-86.2911,2.9223,2.9223,2.9223,1,city
69338,SPEEDWAY #6139,US-30 & SR-13,Pierceton,IN,41.20032,-85.70554,3.7290,3.7290,3.7290,1,city
69339,SPEEDWAY #9383,"I-75, EXIT 29 & SR-63",Monroe,OH,39.44034,-84.36216,3.2023,3.2023,3.2023,1,city
69341,CIRCLE K #2741067,"I-410/US-281, EXIT 41",San Antonio,TX,29.42412,-98.49363,2.8990,2.8990,2.8990,1,city
69342,WARREN OIL,"I-90, EXIT 3 & US-41 & SR-912",Hammond,IN,41.58337,-87.50004,3.4390,3.4390,3.4390,1,city
69344,CIRCLE K #2741078,SR-97 & SR-123,Stockdale,TX,29.23691,-97.96,3.0790,3.0790,3.0790,1,city
69345,RUTTERS #20,"I-76, EXIT 247 & I-283, EXIT 1A",Middletown,PA,40.19981,-76.73108,3.8223,3.8223,3.8223,1,city
69346,D AND C FUEL SALES,US-6 & CR-4019,Tunkhannock,PA,41.53869,-75.94659,3.6990,3.6990,3.6990,1,city
69353,SPEEDWAY #2910,"I-79, EXIT 55",Pittsburgh,PA,40.44062,-79.99589,3.9090,3.9090,3.9090,1,city
69354,CIRCLE K #4702411,US-36,Danville,IN,39.7606,-86.52639,3.7890,3.7890,3.7890,1,city
69362,HART MARATHON,US-31,Hart,MI,43.69834,-86.36397,3.4740,3.4490,3.4990,2,city
69365,Circle K #4703911,SR-109 & SR-52,Portland,TN,36.58171,-86.51638,2.9590,2.9590,2.9590,1,city
69369,SPEEDWAY #2912,SR-65,Baden,PA,40.63507,-80.22812,3.9123,3.9123,3.9123,1,city
69374,7-ELEVEN #40558,SR-6 & CR-185,Woodway,TX,31.506,-97.20501,2.9857,2.9857,2.9857,1,city
69377,CIRCLE K #4705628,SR-21 & SR-585,Barberton,OH,41.01283,-81.60512,3.5823,3.5823,3.5823,1,city
69379,Kum & Go #0535,US-6 & US-65,Des Moines,IA,41.60054,-93.60911,2.9873,2.9873,2.9873,1,city
69380,CASEYS #2967,SR-43 & SR-2,Bennet,NE,40.68,-96.5064,3.2290,3.2290,3.2290,1,city
69384,KWIK TRIP #209,"US-41, EXIT 148 & SR-55",Kaukauna,WI,44.27804,-88.27205,3.3690,3.3690,3.3690,1,city
69390,MINIT MART #600625,"I-57, EXIT 283 & US-24",Gilman,IL,40.7667,-87.99226,3.4440,3.3990,3.4890,2,city
69392,LOVES TRAVEL STOP #600,"I-69, EXIT 214",Pendleton,IN,39.99754,-85.74664,3.5757,3.5757,3.5757,1,city
69393,LOVES TRAVEL STOP #594,US-35 & SR-850,Bidwell,OH,38.91869,-82.29904,3.8490,3.8490,3.8490,1,city
69394,SPEEDWAY #3424,"I-75, EXIT 73 & SR-55",Troy,OH,40.0395,-84.20328,3.1357,3.1357,3.1357,1,city
69395,SPEEDWAY #3766,US-52,Indianapolis,IN,39.76838,-86.15804,3.5990,3.5990,3.5990,1,city
69396,SPEEDWAY #7158,"I-40, EXIT 320 & SR-98",Crossville,TN,35.94896,-85.0269,3.0723,3.0723,3.0723,1,city
69397,SPEEDWAY #7163,"I-40/US-412, EXIT 85",Jackson,TN,35.61452,-88.81395,3.3490,3.3490,3.3490,1,city
69398,SPEEDWAY #7114,"I-75, EXIT 4, SR-153, EXIT 1 & US-64/US-11",Chattanooga,TN,35.04563,-85.30968,3.0823,3.0823,3.0823,1,city
69399,SPEEDWAY #7147,"I-75, EXIT 49 & SR-30",Athens,TN,35.44285,-84.59299,3.3490,3.3490,3.3490,1,city
69400,CASEYS #4411,US-641 & SR-58,Benton,KY,36.85728,-88.35031,3.1990,3.1990,3.1990,1,city
69401,CASEYS #3205,"I-29, EXIT 47 & US-275/SR-92",Council Bluffs,IA,41.26194,-95.86083,3.5990,3.5990,3.5990,1,city
69402,SHELL,"I-71, EXIT 151 & SR-95",Mount Gilead,OH,40.54923,-82.8274,3.7590,3.7590,3.7590,1,city
69403,SHORTYS ONE STOP,US-83/12/SR-20,Selby,SD,45.50638,-100.03207,3.0890,3.0890,3.0890,1,city
69405,FLYING J #551,"I-20, EXIT 330 & SR-206",Cisco,TX,32.38819,-98.97923,3.1423,3.1423,3.1423,1,city
69407,Cenex,US-14/CR-812 & US-83,Blunt,SD,44.5122,-99.99207,3.1015,3.1015,3.1015,1,city
69410,LOVES TRAVEL STOP #602,"I-90, EXIT 67B",Box Elder,SD,44.11249,-103.06823,3.9890,3.9890,3.9890,1,city
69412,CIRCLE K #4705724,US-127 & CR-144,Paulding,OH,41.13811,-84.58051,3.6990,3.6990,3.6990,1,city
69413,ASAP GENERAL STORE #300,"I-40, EXIT 66 & US-183",Clinton,OK,35.51561,-98.96731,3.1490,3.1490,3.1490,1,city
69414,FLEX MARKET,"I-65 EXIT20, US-31 W EXIT 4",Bowling Green,KY,36.99032,-86.4436,2.9990,2.9990,2.9990,1,city
69416,CIRCLE K #2740541,HWY 90,Roans Prairie,TX,30.58437,-95.94384,3.0723,3.0723,3.0723,1,city
69417,LOVLEN FOODS,US-58 & SR-615,Drewryville,VA,36.71571,-77.30636,3.0490,3.0490,3.0490,1,city
69421,CIRCLE K #2741257,"I-10, EXIT 19B",El Paso,TX,31.75872,-106.48693,2.9157,2.9157,2.9157,1,city
69423,FAST MARKET #4574,SR-375 & CR-258,El Paso,TX,31.75872,-106.48693,2.9057,2.9057,2.9057,1,city
69425,5R TRAVEL CENTER,"I-10, US HWY 180, EXIT 82A",Deming,NM,32.2687,-107.75864,3.0490,3.0490,3.0490,1,city
69426,LOVES TRAVEL STOP #553,"I-40 E, EXIT 163",Williams,AZ,35.24946,-112.191,3.5957,3.5957,3.5957,1,city
69434,CIRCLE K #2741559,US-281 & SR-29,Burnet,TX,30.75824,-98.22836,2.9157,2.9157,2.9157,1,city
69436,CIRCLE K #2741077,SR-97 & CR-433,Pleasanton,TX,28.96719,-98.47863,2.9490,2.9490,2.9490,1,city
69437,CountryMark,SR-66,Evansville,IN,37.97476,-87.55585,3.6990,3.6990,3.6990,1,city
69438,LOVES TRAVEL STOP #585,"I-49/US-71, EXIT 27 & SR-86",Neosho,MO,36.86896,-94.368,3.3973,3.3973,3.3973,1,city
69439,LOVES TRAVEL STOP #608,"I-135, EXIT 60 & US-56",Mcpherson,KS,38.37084,-97.66421,3.3240,3.3240,3.3240,1,city
69440,LOVES TRAVEL STOP #592,US-24 & SR-101,Woodburn,IN,41.12533,-84.8533,3.8490,3.8490,3.8490,1,city
69441,LOVES TRAVEL STOP #610,"I-20, EXIT 307 & US-283",Baird,TX,32.39402,-99.39424,3.1073,3.1073,3.1073,1,city
69442,Eagle #51,US-83 & FM-1917,Carrizo Springs,TX,28.52193,-99.86061,3.2790,3.2790,3.2790,1,city
69446,SUPER SAVE #4,SR-33 & SR-15,Farmerville,LA,32.77347,-92.4057,3.4790,3.4790,3.4790,1,city
69448,STRIPES #42525,"I-27/US-87, EXIT 2",Lubbock,TX,33.57786,-101.85517,2.9573,2.9573,2.9573,1,city
69451,LOVES TRAVEL STOP #603,I-95 EXIT 366 AT PECAN PARK RD,Jacksonville,FL,30.33218,-81.65565,3.3990,3.3990,3.3990,1,city
69452,DANDY MINI MART #5,HWY 6,Towanda,PA,41.76758,-76.44272,3.9990,3.9990,3.9990,1,city
69453,7-ELEVEN #41033,US-69,Woodville,TX,30.7752,-94.41548,3.1490,3.1490,3.1490,1,city
69454,SPEEDWAY #6092,"I-65, EXIT 76A & US-31",Taylorsville,IN,39.29588,-85.95083,3.3573,3.3573,3.3573,1,city
69455,SPEEDWAY #4214,"I-45, EXIT 46 & US-100",Milwaukee,WI,43.0389,-87.90647,3.3657,3.3657,3.3657,1,city
69458,PEOSTA KWIK STOP,"US-20, EXIT 308",Peosta,IA,42.45056,-90.85041,3.4890,3.4890,3.4890,1,city
69459,LOVES TRAVEL STOP #583,"I-64, EXIT 27 & SR-161",New Baden,IL,38.53505,-89.70065,3.8490,3.8490,3.8490,1,city
69462,LOVES TRAVEL STOP #619,"I-59, EXIT 29 & SR-26",Poplarville,MS,30.84019,-89.53423,3.1757,3.1757,3.1757,1,city
69465,MAVERIK COUNTRY STORE #476,US-59,Gillette,WY,44.29109,-105.50222,3.3657,3.3657,3.3657,1,city
69467,CIRCLE K #2741547,US-181,Floresville,TX,29.13358,-98.15612,2.9957,2.9957,2.9957,1,city
69468,TOOT N TOTUM #100,US-83,Perryton,TX,36.40003,-100.80265,2.9990,2.9990,2.9990,1,city
69469,QUIKTRIP #1110,"I-85, EXIT 60 & US-101",Greer,SC,34.93873,-82.22706,3.0857,3.0857,3.0857,1,city
69471,Circle K #2741501,"I-37, EXIT 3A",Corpus Christi,TX,27.80058,-97.39638,3.1040,3.1040,3.1040,1,city
69474,LOVES TRAVEL STOP #577,"I-85, EXIT 22",Shorter,AL,32.39486,-85.9169,3.2207,3.2207,3.2207,1,city
69475,GUTHRIE TRAVEL CENTER,I-35 EXT 138C,Guthrie,OK,35.87894,-97.42532,2.9657,2.9657,2.9657,1,city
69477,LOVES TRAVEL STOP #621,US-36 & SR-110,Bevier,MO,39.74698,-92.56408,3.4390,3.4390,3.4390,1,city
69480,VAN HOOK TRAVEL CENTER,US-23,New Town,ND,47.98085,-102.49018,3.5623,3.5623,3.5623,1,city
69483,LOVES TRAVEL STOP #607,"US-63, EXIT 40 & SR-463",Jonesboro,AR,35.8423,-90.70428,3.4390,3.4390,3.4390,1,city
69484,KWIK TRIP #774,SR-13,Adams,WI,43.95608,-89.81818,3.2740,3.2740,3.2740,1,city
69485,7-ELEVEN #41036,US-96,San Augustine,TX,31.5299,-94.10603,3.1590,3.1590,3.1590,1,city
69486,DUCK THRU FOOD STORE #42,SR-186 & SR-305,Seaboard,NC,36.49015,-77.44136,3.2990,3.2990,3.2990,1,city
69487,CIRCLE K #2742034,"I-35, EXIT 176",Schertz,TX,29.55217,-98.26973,2.7940,2.7940,2.7940,1,city
69489,SPRINT FOODS #728,SR-38,Bennettsville,SC,34.61738,-79.68478,3.3990,3.3990,3.3990,1,city
69492,GOOD 2 GO #418,"I-15, EXIT 273 & US-54 & US-91",Mona,UT,39.81607,-111.85549,3.4290,3.4290,3.4290,1,city
69494,TMI FUEL STOP,SR 1,Port Allen,LA,30.45214,-91.21011,3.0657,3.0657,3.0657,1,city
69495,QUIKTRIP #72,US-69 & US-62,Muskogee,OK,35.74788,-95.36969,3.0323,3.0323,3.0323,1,city
69496,LOVES TRAVEL STOP #601,"I-70, EXIT 115 & SR-109",Knightstown,IN,39.7956,-85.52636,3.9490,3.9490,3.9490,1,city
69497,MACH ONE FOOD SHOP #10,"I-70 & EXIT 129, SR-49",Casey,IL,39.2992,-87.99253,3.2990,3.1990,3.4990,3,city
69499,HANKS TRUCK STOP,US-39 & US-30,Hanna,IN,41.41199,-86.78002,3.4990,3.4990,3.4990,1,city
69500,ROAD RANGER #271,"I-20, EXIT 108",Odessa,TX,31.84568,-102.36764,3.5157,3.5157,3.5157,1,city
69501,VALLEY COUNTRY STORE,"I-84, EXIT 16B & SR-79",Jerome,ID,42.72407,-114.51865,3.4323,3.4323,3.4323,1,city
69504,KWIK TRIP #245,SR-42,Plainview,MN,44.16497,-92.17156,3.6240,3.6240,3.6240,1,city
69505,KWIK TRIP #282,"I-43, EXIT 43 & SR-83",Mukwonago,WI,42.86668,-88.33343,3.3373,3.3373,3.3373,1,city
69506,KWIK TRIP #290,"I-94/US-41, EXIT 321",Oak Creek,WI,42.88585,-87.86314,3.7190,3.7190,3.7190,1,city
69508,KWIK TRIP #777,SR-49 & CR-F,Berlin,WI,43.96804,-88.94345,3.4257,3.4257,3.4257,1,city
69510,CLARK #3121,SR-46 & SR-24,Caro,MI,43.49073,-83.39885,3.3990,3.3990,3.3990,1,city
69512,LOVES TRAVEL STOP #589,"I-27/US-87, EXIT 8 & FM-2641",Lubbock,TX,33.57786,-101.85517,3.3323,3.3323,3.3323,1,city
69513,KWIK TRIP #885,WI-29 EXIT 132,Abbotsford,WI,44.94636,-90.31597,3.4523,3.4523,3.4523,1,city
69514,Flying J #1033,"I-20, EXIT 138 & SR-158",Midland,TX,31.99735,-102.07791,3.5657,3.5657,3.5657,1,city
69520,SPEEDWAY #2908,SR-51,Perryopolis,PA,40.08702,-79.7506,3.9157,3.9157,3.9157,1,city
69521,CASEYS #3319,"US-30, EXIT 158",Nevada,IA,42.02277,-93.45243,2.9890,2.9890,2.9890,1,city
69522,FUEL EXPRESSO 17,"I-35 & EXIT 187, SR-68",Ottawa,KS,38.61557,-95.26775,3.1723,3.1723,3.1723,1,city
69524,CONCORD XTRAMART,"I-93, EXIT 17 & US-4",Concord,NH,43.20814,-71.53757,3.6590,3.6590,3.6590,1,city
69525,DILLEY TRUCK STOP,"I-35 & EXIT 85, FM 117",Dilley,TX,28.66748,-99.17059,3.0657,3.0657,3.0657,1,city
69526,STRIPES 7FLEET #42469,"I-20, US-80 EXIT 15A",Santo,TX,32.60319,-98.21532,2.9173,2.9173,2.9173,1,city
69527,Exxon,"I-96, EXIT 129",Fowlerville,MI,42.66059,-84.07301,3.7490,3.7490,3.7490,1,city
69528,KWIK STAR #283,"I-380/US-218/SR-27, EXIT 13",Cedar Rapids,IA,42.00833,-91.64407,3.5323,3.5323,3.5323,1,city
69530,CIRCLE K #2741030,"I-35, EXIT 160",San Antonio,TX,29.42412,-98.49363,2.9990,2.9990,2.9990,1,city
69531,Kwik Star#223,"I-35, EXIT 194 & US-18/SR-122",Clear Lake,IA,43.13802,-93.37937,3.0790,3.0790,3.0790,1,city
69532,JACKSONS FOOD STORE #147,"I-84, EXIT 27/US-20 & SR-19",Caldwell,ID,43.66294,-116.68736,3.5790,3.5790,3.5790,1,city
69534,CAIRO TRAVEL CENTER,US-84/SR-38,Cairo,GA,30.87751,-84.20214,3.4240,3.4240,3.4240,1,city
69536,7-ELEVEN #40802,US-87,Nixon,TX,29.26746,-97.76444,3.0790,3.0790,3.0790,1,city
69541,PILOT #1027,US-385 & CR-E,Vega,TX,35.24283,-102.42826,3.3057,3.3057,3.3057,1,city
69542,PILOT TRAVEL CENTER #1030,"I-57, EXIT 353",Alsip,IL,41.66892,-87.73866,3.4590,3.3590,3.5990,5,city
69545,LOVES TRAVEL STOP #628,"I-35E, EXIT 386 & FM-1134",Italy,TX,32.18404,-96.88472,3.1023,3.1023,3.1023,1,city
69546,KWIK TRIP #186,"I-35, EXIT 183",Hinckley,MN,46.01134,-92.94437,3.3523,3.3523,3.3523,1,city
69547,KWIK TRIP #297,"US-10, WI-441",Menasha,WI,44.20221,-88.4465,3.4907,3.4907,3.4907,1,city
69549,KWIK TRIP #178,"I-494, EXIT 64B & SR-156",South Saint Paul,MN,44.89274,-93.03494,3.6073,3.6073,3.6073,1,city
69550,KWIK TRIP #273,"I-35, EXIT 251B & SR-23",Duluth,MN,46.78327,-92.10658,3.4990,3.4990,3.4990,1,city
69553,SPEEDWAY #2120,US-30,Oswego,IL,41.68281,-88.35146,3.2590,3.2490,3.2990,3,city
69554,SPEEDWAY #8047,"I-70, EXIT 104 & SR-9",Greenfield,IN,39.78504,-85.76942,3.5990,3.5990,3.5990,1,city
69558,CIRCLE K #2741070,FM-1560,San Antonio,TX,29.42412,-98.49363,2.9140,2.9140,2.9140,1,city
69559,CASEYS #3424,"I-35, EXIT 26 & SR-30",Ellendale,MN,43.87274,-93.30132,3.4990,3.4990,3.4990,1,city
69560,LOVES TRAVEL STOP #614,"I-40, EXIT 149",Albuquerque,NM,35.08449,-106.65114,3.5207,3.5207,3.5207,1,city
69561,SPEEDWAY #7156,"I-40/75, EXIT 374 & SR-131",Knoxville,TN,35.96064,-83.92074,3.2657,3.2657,3.2657,1,city
69562,SPEEDWAY #8796,"I-496, EXIT 11",Lansing,MI,42.73253,-84.55553,3.6990,3.6990,3.6990,1,city
69563,SPEEDWAY #9651,"I-75, EXIT 104",Lexington,KY,37.98869,-84.47772,3.1490,3.1490,3.1490,1,city
69564,SPEEDWAY #7106,"I-40, EXIT 280 & SR-56",Baxter,TN,36.15367,-85.64359,3.0657,3.0657,3.0657,1,city
69565,PILOT #1021,"I-196, EXIT 49",Holland,MI,42.78752,-86.10893,4.0490,3.9990,4.0990,2,city
69566,PILOT TRAVEL CENTER #1024,"I-80, EXIT 132B & SR-53",Joliet,IL,41.52519,-88.0834,3.7990,3.7990,3.7990,2,city
69567,KWIK TRIP #166,"I-35, EXIT 214",Moose Lake,MN,46.45411,-92.76187,3.3190,3.3190,3.3190,1,city
69568,KWIK TRIP #295,SR-26 & SR-59,Milton,WI,42.77556,-88.944,3.3990,3.3990,3.3990,1,city
69570,CENEX CONVENIENCE,SR-34 & CR-21,Detroit Lakes,MN,46.81718,-95.84533,3.4990,3.4990,3.4990,1,city
69572,AC & T GARLAND GROH,I-81 EXIT 7B,Hagerstown,MD,39.64176,-77.71999,3.5590,3.5590,3.5590,1,city
69573,AC & T Falling Waters,"I-81, EXIT 23",Falling Waters,WV,39.55926,-77.89083,3.8490,3.8490,3.8490,1,city
69574,LOVES TRAVEL STOP #622,"I-94, EXIT 45 & CR-B",Menomonie,WI,44.87552,-91.91934,3.5790,3.5790,3.5790,1,city
69575,LOVES TRAVEL STOP #537,"I-68, EXIT 46 & US-220/SR-144",Cumberland,MD,39.65287,-78.76252,4.2490,4.2490,4.2490,1,city
69576,PILOT #498,US-69/75 & SR-7,Atoka,OK,34.38593,-96.12833,3.4990,3.4990,3.4990,1,city
69580,GORES TRAVEL PLAZA,US-270/SR-3,Seiling,OK,36.1481,-98.92426,3.1490,3.1490,3.1490,1,city
69581,BYRNE DAIRY #22,"I-81, EXIT 15 & US-20",La Fayette,NY,42.89229,-76.1052,4.2990,4.2990,4.2990,1,fuzzy
69584,LOVES TRAVEL STOP #648,US-70,Valliant,OK,34.00233,-95.09384,3.0990,3.0990,3.0990,1,city
69585,LOVES TRAVEL STOP #618,"I-75, EXIT 136 & SR-32",Sadieville,KY,38.38924,-84.53744,3.1390,3.1390,3.1390,1,city
69587,LAMBOS #3,"I-57, EXIT 190A & SR-16",Mattoon,IL,39.48309,-88.37283,3.3990,3.3990,3.3990,1,city
69588,FUEL CITY,"I-30, EXIT 52B & US-80",Mesquite,TX,32.7668,-96.59916,2.9657,2.9657,2.9657,1,city
69589,LOVES TRAVEL STOP #604,I-35 EXIT 157 & SR-33,Guthrie,OK,35.87894,-97.42532,3.3190,3.3190,3.3190,1,city
69590,LOVES TRAVEL STOP #654,US-81,Union City,OK,35.39172,-97.94144,3.3757,3.3757,3.3757,1,city
69591,REBEL PLUS #841,"I-75, EXIT 116 & CR-865",Bonita Springs,FL,26.33981,-81.7787,3.5390,3.5390,3.5390,1,city
69592,SPEEDWAY #6131,"I-465, EXIT 49",Indianapolis,IN,39.76838,-86.15804,3.7990,3.7990,3.7990,1,city
69594,SPEEDWAY #8480,US-30 & CR-36,Plainfield,IL,41.62697,-88.20395,3.3090,3.2790,3.3390,2,city
69595,SPEEDWAY #7176,US-31/SR-6,Columbia,TN,35.61507,-87.03528,3.3590,3.3590,3.3590,1,city
69596,SPEEDWAY #4250,SR-72,Des Plaines,IL,42.03336,-87.8834,3.3940,3.2890,3.4990,2,city
69597,SPEEDWAY #2918,US-119,Uniontown,PA,39.90008,-79.71643,3.9157,3.9157,3.9157,1,city
69598,SPEEDWAY #8133,SR-237,Berea,OH,41.36616,-81.8543,3.4990,3.4990,3.4990,1,city
69599,One9 SPEEDWAY #2917,SR-48 & SR-130,Monroeville,PA,40.42118,-79.7881,3.9923,3.9923,3.9923,1,city
69601,LOVES TRAVEL STOP #638,US-54,Texhoma,OK,36.50503,-101.78294,3.5090,3.5090,3.5090,1,city
69605,CASEYS #3305,SR-23 & SR-47,Ogilvie,MN,45.83218,-93.42634,3.3710,3.3710,3.3710,1,city
69607,PANOLA PINES PLAZA,I-59,Carthage,TX,32.15738,-94.33742,3.1390,3.1390,3.1390,1,city
69608,STRIPES,FM 1924,Mission,TX,26.21591,-98.32529,3.0990,3.0990,3.0990,1,city
69611,CUBBYS #2104,CR-131,Shelby,NE,41.19224,-97.42532,3.3990,3.3990,3.3990,1,city
69612,ROAD RANGER #272,"I-35, EXIT 39 & SR-44",Encinal,TX,28.04112,-99.35448,3.5390,3.5390,3.5390,1,city
69614,RUTTERS #36,US-15 & SR-234,York Springs,PA,40.00898,-77.11554,4.2990,4.2990,4.2990,1,city
69615,LOVES TRAVEL STOP #631,US-275/SR-64,Valley,NE,41.31278,-96.34614,3.3457,3.3457,3.3457,1,city
69616,FLYING J #552,"I-71, EXIT 32 & SR-350",Lebanon,OH,39.43534,-84.20299,3.3990,3.3990,3.3990,1,city
69618,LOVES TRAVEL STOP #656,US-50/400,Holcomb,KS,37.98614,-100.98933,3.7290,3.7290,3.7290,1,city
69621,Circle K #2741096,"I-10/US-90, EXIT 591 & FM-1518",Converse,TX,29.51801,-98.31612,2.9357,2.9357,2.9357,1,city
69625,RUTTERS #34,US-30 & SR-23,Leola,PA,40.08787,-76.18495,4.1990,4.1990,4.1990,1,city
69626,CASEYS #2860,US-160 & FM-6070,West Plains,MO,36.72812,-91.85237,3.4190,3.4190,3.4190,1,city
69627,STRIPES #40601,US-83 & FM-2360,Rio Grande City,TX,26.37979,-98.8203,2.9957,2.9957,2.9957,1,city
69629,SWANTON MOBIL,"I-89, EXIT 21 & SR-78",Swanton,VT,44.9181,-73.1243,3.5390,3.5390,3.5390,1,city
69630,MANSFIELD TRAVEL PLAZA,SR-175 & SR-509,Mansfield,LA,32.03766,-93.70018,3.0190,3.0190,3.0190,1,city
69632,Circle K #2709300,US-72/SR-2,Huntsville,AL,34.7304,-86.58594,2.9773,2.9773,2.9773,1,city
69633,ONE9 EXPRESS FUEL,"I-10, EXIT 42 & FM-1110",Clint,TX,31.59234,-106.22414,2.8023,2.8023,2.8023,1,city
69636,PETRO WILMINGTON,"I-55, EXIT 240",Wilmington,IL,41.30781,-88.14672,3.4740,3.3990,3.5390,4,city
69637,PILOT TRAVEL CENTER #1041,SR-64 & CR-23,Carol Stream,IL,41.91253,-88.13479,3.7790,3.6990,3.7990,4,city
69643,Tex-Best #524,SR-44 E,Alice,TX,27.75225,-98.06972,2.8990,2.8990,2.8990,1,city
69646,Arco dba One9 #1258,"I-10, EXIT 19",Quartzsite,AZ,33.66391,-114.22995,3.3690,3.3590,3.3790,2,city
69647,SPEEDWAY #6207,SR-25,Batavia,IL,41.85003,-88.31257,3.6490,3.5990,3.6990,2,city
69648,BP-GIANT OIL #440,"I-71, EXIT 204 & SR-83",Burbank,OH,40.98867,-81.99487,3.2323,3.2323,3.2323,1,city
69649,SPEEDWAY #2921,"I-80, EXIT 29 & SR-8",Harrisville,PA,41.13673,-80.00922,3.4340,3.4340,3.4340,1,city
69651,LOVES TRAVEL STOP #074,SR-19 & SR-76,Lindsay,OK,34.8348,-97.60253,3.0907,3.0907,3.0907,1,city
69652,LOVES TRAVEL STOP #633,US-30,Plymouth,IN,41.34366,-86.30973,3.8490,3.8490,3.8490,1,city
69653,LOVES TRAVEL STOP #644,"I-70, EXIT 437 & US-385",Burlington,CO,39.30611,-102.26936,3.8890,3.8890,3.8890,1,city
69654,LOVES TRAVEL STOP #636,US-169,Nowata,OK,36.70065,-95.63803,3.3990,3.3990,3.3990,1,city
69657,JIFFY MART,US-7 & SR-22A,Ferrisburgh,VT,44.20561,-73.24623,3.5990,3.5990,3.5990,1,city
69658,Missouri Travel,"I-29, EXIT 75 & US-30",Missouri Valley,IA,41.55638,-95.88779,3.4240,3.4240,3.4240,1,city
69659,QUIKTRIP #1092,"I-77, EXIT 77 & US-21/SR-5",Rock Hill,SC,34.92487,-81.02508,3.1340,3.1340,3.1340,1,city
69662,STRIPES 7FLEET #42472,US-377,Brownwood,TX,31.70932,-98.99116,2.9623,2.9623,2.9623,1,city
69663,STRIPES #2484,SR-480 & FM-1021,Eagle Pass,TX,28.70914,-100.49952,3.1990,3.1990,3.1990,1,city
69664,7-ELEVEN #40544,US-281,Lampasas,TX,31.06378,-98.1817,2.9157,2.9157,2.9157,1,city
69666,7-ELEVEN #40587,SR-21 & FM-150,Maxwell,TX,29.88105,-97.79334,3.1523,3.1523,3.1523,1,city
69668,LOVES TRAVEL STOP #643,"I-55/57, EXIT 66A & US-60",Sikeston,MO,36.87672,-89.58786,3.5490,3.5490,3.5490,1,city
69669,LOVES TRAVEL STOP #623,"I-20/SR-349, EXIT 131",Midland,TX,31.99735,-102.07791,3.5557,3.5557,3.5557,1,city
69670,LOVES TRAVEL STOP #611,"I-90, EXIT B3 & SR-22",Canaan,NY,42.41203,-73.44706,3.9840,3.9790,3.9890,2,city
69671,LOVES TRAVEL STOP #655,US-83 & SR-96,Scott City,KS,38.48252,-100.90709,3.6373,3.6373,3.6373,1,city
69672,STRIPES 7FLEET #42507,US-285,Pecos,TX,31.42291,-103.49323,3.3790,3.3790,3.3790,1,city
69673,QUIKTRIP #1863,"SEC HWY 114, I-35",Roanoke,TX,33.00401,-97.22585,2.9757,2.9757,2.9757,1,city
69674,WEIGLES #64,"I-75, EXIT 122 & SR-61",Clinton,TN,36.10341,-84.13186,2.9957,2.9957,2.9957,1,city
69676,SPEEDWAY #8495,"US-19/SR-400, EXIT 12",Alpharetta,GA,34.07538,-84.29409,3.3490,3.3490,3.3490,1,city
69679,LOVES TRAVEL STOP #627,US-27 & SR-54,Davenport,FL,28.1614,-81.60174,3.5523,3.5523,3.5523,1,city
69680,PILOT TRAVEL CENTER #1042,I-55 EXIT 283,Bridgeview,IL,41.75003,-87.80422,3.7990,3.7990,3.7990,2,city
69681,PILOT TRAVEL CENTER #1549,"I-20, EXIT168 & SR-77",Lincoln,AL,33.61316,-86.11831,3.1540,3.1090,3.1990,2,city
69682,PILOT #1577,"I-75, EXIT 141 & SR-63",Pioneer,TN,36.41758,-84.3141,3.0257,3.0257,3.0257,1,city
69683,GOOD TO GO #88,"I-55, EXIT 283",Chicago,IL,41.85003,-87.65005,3.6190,3.6190,3.6190,1,city
69684,KWIK TRIP #140,"SR-29, EXIT 177",Schofield,WI,44.90969,-89.60457,3.4240,3.4240,3.4240,1,city
69686,CASEYS #3472,SR-125 & SR-78,Virginia,IL,39.95116,-90.21234,3.7590,3.6590,3.7990,3,city
69687,CASEYS #3470,US-421 & SR-16,Monon,IN,40.86782,-86.8789,3.7790,3.7790,3.7790,1,city
69688,CASEYS #3431,US-150 & SR-54,Farmer City,IL,40.24337,-88.64257,3.3390,3.3390,3.3390,1,city
69693,MAVERIK COUNTRY STORE #527,"US-89, EXIT 405",Ogden,UT,41.223,-111.97383,3.4390,3.4390,3.4390,1,city
69694,MAVERIK COUNTRY STORE #533,US-91 & SR-101,Wellsville,UT,41.63854,-111.93383,3.4440,3.4440,3.4440,1,city
69695,MAVERIK COUNTRY STORE #488,"I-15/US-89, EXIT 288",Draper,UT,40.52467,-111.86382,3.4457,3.4457,3.4457,1,city
69696,MAVERIK COUNTRY STORE #531,"I-80/15, EXIT 305D",Logan,UT,41.73549,-111.83439,3.4307,3.4307,3.4307,1,city
69698,KUM & GO #0891,I-44 (EASTBOUND),Vinita,OK,36.63869,-95.15413,3.0590,3.0590,3.0590,1,city
69699,CIRCLE K #2741552,"SR-969, SR-130, EXIT 444",Austin,TX,30.26715,-97.74306,2.9323,2.9323,2.9323,1,city
69701,PUMP & PANTRY #48,US-30 & SR-25,Fremont,NE,41.43333,-96.49808,3.3190,3.3190,3.3190,1,city
69702,SPEEDWAY #7159,"I-40/SR-66, EXIT 412",Dandridge,TN,36.01537,-83.41489,3.2590,3.2590,3.2590,1,city
69703,CIRCLE K #2741831,"I-35, EXIT 8B & SR-20",Laredo,TX,27.50641,-99.50754,2.9023,2.9023,2.9023,1,city
69707,SUPER S TRAVEL PLAZA,"I-49, EXIT 241",Ida,LA,33.0043,-93.8949,3.0590,3.0590,3.0590,1,city
69708,TA Express #289,US-59,Nacogdoches,TX,31.60351,-94.65549,3.1390,3.1390,3.1390,1,city
69709,LOVES TRAVEL STOP #626,US-287,Dumas,TX,35.86559,-101.97324,3.4157,3.4157,3.4157,1,city
69710,LOVES TRAVEL STOP #625,"I-80, EXIT 59 & SR-17J",Sidney,NE,41.14276,-102.97798,3.4723,3.4723,3.4723,1,city
69711,PILOT TRAVEL CENTER #1047,"I-295, EXIT 25",Jacksonville,FL,30.33218,-81.65565,3.3715,3.3590,3.3840,2,city
69712,LOVES TRAVEL STOP #650,"I-84/US-30, EXIT 159",Boardman,OR,45.83986,-119.70058,3.5223,3.5223,3.5223,1,city
69713,EAGLE #56,"I-45, Exit 189",Teague,TX,31.62711,-96.28386,3.4823,3.4823,3.4823,1,city
69715,CASEYS #2712,SR-8/SR-14,Superior,NE,40.02085,-98.07004,3.3623,3.3623,3.3623,1,city
69719,SHEETZ #033,"I-99/US-220, EXIT 41 & SR-865",Altoona,PA,40.51868,-78.39474,3.5290,3.5290,3.5290,1,city
69720,PILOT TRAVEL CENTER #1046,US-27 & SR-80,South Bay,FL,26.66396,-80.71617,3.7990,3.7990,3.7990,2,city
69721,MFA,US-36,Brookfield,MO,39.78447,-93.07353,3.2490,3.2490,3.2490,1,city
69723,SPEEDWAY #5036,I-90 & US-20,Hampshire,IL,42.0978,-88.53036,3.3690,3.3690,3.3690,1,city
69727,PETRO-CARD 24 #910880,SR-6/13,Gallatin,MO,39.91445,-93.96217,3.2990,3.2990,3.2990,1,city
69729,MFA OIL,US-63 & HWY E,Queen City,MO,40.4092,-92.56769,3.2490,3.2490,3.2490,1,city
69731,PETRO-CARD 24 #910561,"I-49, EXIT 102A",Nevada,MO,37.83921,-94.35467,3.3490,3.3490,3.3490,1,city
69732,PETRO-CARD 24 #911043,US-65,Sedalia,MO,38.70446,-93.22826,3.2490,3.2490,3.2490,1,city
69735,PETRO-CARD 24 #910200,US-65 & BUS US-36,Chillicothe,MO,39.79529,-93.55244,3.2890,3.2890,3.2890,1,city
69740,LOVES TRAVEL STOP #613,"I-81, EXIT 24 & SR-80",Meadowview,VA,36.76039,-81.8629,3.5990,3.5990,3.5990,1,city
69741,LOVES TRAVEL STOP #659,"I-10, EXIT 133B",Tolleson,AZ,33.45004,-112.25932,3.5690,3.5690,3.5690,1,city
69742,LOVES TRAVEL STOP #630,US-412/64,Enid,OK,36.39559,-97.87839,3.7873,3.7873,3.7873,1,city
69743,LOVES TRAVEL STOP #647,US-81,Belleville,KS,39.82445,-97.63254,3.8157,3.8157,3.8157,1,city
69744,LOVES TRAVEL STOP #632,US-54 & US-83,Liberal,KS,37.04308,-100.921,3.6657,3.6657,3.6657,1,city
69745,PILOT #1070,"I-40/US-54, EXIT 277 & US-84",Santa Rosa,NM,34.93867,-104.68249,3.4623,3.4623,3.4623,1,city
69746,Maverik Country Store #5014,I-80 E EXIT 110 & HWY169,De Soto,IA,41.53166,-94.00967,3.0990,3.0990,3.0990,1,city
69747,SUNOCO,I-69 & YS HWY 30,Fort Wayne,IN,41.1306,-85.12886,3.6040,3.6040,3.6040,1,city
69748,SUNOCO,SR-930 E,Fort Wayne,IN,41.1306,-85.12886,3.5973,3.5973,3.5973,1,city
69750,CIRCLE K #2704041,"I-35, EXIT 183",New Braunfels,TX,29.703,-98.12445,2.8590,2.8590,2.8590,1,city
69751,MFA,CR-37,Purdy,MO,36.81729,-93.92076,3.3490,3.3490,3.3490,1,city
69755,PILOT #1082,"I-526, EXIT 19",Charleston,SC,32.77632,-79.93275,3.4157,3.4157,3.4157,1,city
69758,MAVERIK COUNTRY STORE #537,I-215 EXIT 21,Salt Lake City,UT,40.76078,-111.89105,3.3823,3.3823,3.3823,1,city
69764,MAVERIK COUNTRY STORE #538,I-15 & SR-99,Fillmore,UT,38.96885,-112.32355,3.3873,3.3873,3.3873,1,city
69765,7-ELEVEN #40509,I-90/80 EB,Howe,IN,41.72144,-85.42054,3.8990,3.8990,3.8990,1,city
69766,Marathon,"I-75, EXIT 99 & SR-119",Anna,OH,40.39449,-84.17272,3.0290,3.0290,3.0290,1,city
69770,SASSYS TRUCK STOP,"I-86, EXIT 23 & US-219",Limestone,NY,42.02729,-78.62947,3.1590,3.1590,3.1590,1,city
69772,CIRCLE K #2741825,"I-410, EXIT 2 & FM-2536",San Antonio,TX,29.42412,-98.49363,3.0990,3.0990,3.0990,1,city
69780,Bolingbrook Mart,"I-55, EXIT 269",Bolingbrook,IL,41.69864,-88.0684,3.6390,3.6390,3.6390,1,city
69782,BYRNE DAIRY #14,SR-414 & SR-318,Waterloo,NY,42.90479,-76.86274,3.9990,3.9990,3.9990,1,city
69783,SHEETZ #603,"I-78 US-22, EXIT 13 & SR-501",Bethel,PA,40.47454,-76.29134,3.3273,3.3273,3.3273,1,city
69784,KWIK TRIP #158,US-10 & SR-23,Saint Cloud,MN,45.5608,-94.16249,3.2773,3.2773,3.2773,1,city
69785,LOVES TRAVEL STOP #662,US-287 & SR-285,Quanah,TX,34.29785,-99.74037,3.8490,3.8490,3.8490,1,city
69786,LOVES TRAVEL STOP #671,"I-55, EXIT 63 & US-61",Blytheville,AR,35.9273,-89.91898,3.4557,3.4557,3.4557,1,city
69787,LOVES TRAVEL STOP #616,"I-49, EXIT 158",Harrisonville,MO,38.65334,-94.34884,3.4290,3.4290,3.4290,1,city
69788,LOVES TRAVEL STOP #612,"SR-370, EXIT 9 & SR-141",Bridgeton,MO,38.767,-90.41151,3.1207,3.1207,3.1207,1,city
69789,LOVES TRAVEL STOP #620,US-301 & SR-20,Hawthorne,FL,29.59191,-82.08732,3.7890,3.7890,3.7890,1,city
69790,LOVES TRAVEL STOP #641,I-155/US-412 EXIT 13 & SR-78,Dyersburg,TN,36.03452,-89.38563,3.4023,3.4023,3.4023,1,city
69791,PILOT #1083,US-287 & US-54,Stratford,TX,36.33614,-102.07212,3.4990,3.4990,3.4990,1,city
69792,FLYING J #1061,"I-44, EXIT 72",Springfield,MO,37.21533,-93.29824,3.3823,3.3823,3.3823,1,city
69797,KWIK TRIP #149,US-10,Saint Cloud,MN,45.5608,-94.16249,3.2107,3.2107,3.2107,1,city
69798,LOVES TRAVEL STOP #060,US-36 & US-283,Norton,KS,39.83389,-99.89151,3.1090,3.1090,3.1090,1,city
69799,MAVERIK COUNTRY STORE #387,"I-40, EXIT 253",Winslow,AZ,35.02419,-110.69736,3.2357,3.2357,3.2357,1,city
69800,MAVERIK COUNTRY STORE #502,US-385 & SR-2,Alliance,NE,42.10163,-102.87215,3.2590,3.2590,3.2590,1,city
69801,MAVERIK COUNTRY STORE #409,"I-580, EXIT 41 & SR-531",Carson City,NV,39.1638,-119.7674,3.5890,3.5890,3.5890,1,city
69803,THORNTONS #319,"I-55, EXIT 248 & US-6",Channahon,IL,41.42948,-88.22867,3.2740,3.2490,3.2990,2,city
69804,KWIK TRIP #184,"I-94, EXIT 293",Pewaukee,WI,43.08057,-88.2612,3.4490,3.4490,3.4490,1,city
69809,KWIK TRIP #162,"I-94, EXIT 202",Elk River,MN,45.30385,-93.56718,3.2973,3.2973,3.2973,1,city
69811,Chisholm Corner #16,US-81 & SR-7,Marlow,OK,34.64813,-97.95809,3.0157,3.0157,3.0157,1,city
69813,SHEETZ #608,"I-81, EXIT 24 & CR-696",Shippensburg,PA,40.05065,-77.52026,3.2857,3.2857,3.2857,1,city
69814,Allsup's #2454,US-87 & SR-163,Sterling City,TX,31.83625,-100.98483,3.2240,3.2240,3.2240,1,city
69815,CENEX ZIP TRIP #75,"I-94/US-12, EXIT 138 & US-59",Miles City,MT,46.40834,-105.84056,3.4973,3.4973,3.4973,1,city
69816,STRIPES #42503,"I-27, EXIT 1",Lubbock,TX,33.57786,-101.85517,2.9507,2.9507,2.9507,1,city
69817,LOVES TRAVEL STOP #639,"I-20, EXIT 96",Lake,MS,32.3432,-89.32868,3.1623,3.1623,3.1623,1,city
69818,LOVES TRAVEL STOP #675,US-75,Okmulgee,OK,35.62344,-95.96055,3.2173,3.2173,3.2173,1,city
69819,FLYING J TRAVEL PLAZA #1086,SR-18 & SR-5,Marion,IN,40.55837,-85.65914,3.5690,3.4890,3.6490,2,city
69820,CUBBYS #304,SR-7,Manson,IA,42.52914,-94.53414,3.2990,3.2990,3.2990,1,city
69821,FUEL CITY HALTOM CITY,"I-35W, EXIT 52B & TX-121",Haltom City,TX,32.79957,-97.26918,2.9657,2.9657,2.9657,1,city
69823,LOVES TRAVEL STOP #664,US-41,Terre Haute,IN,39.4667,-87.41391,3.9490,3.9490,3.9490,1,city
69824,LOVES TRAVEL STOP #663,US-190 & LA-103,Port Barre,LA,30.5602,-91.95401,3.1240,3.1240,3.1240,1,city
69825,KWIK TRIP #154,MN-15,Sauk Rapids,MN,45.59191,-94.1661,3.3023,3.3023,3.3023,1,city
69826,LOVES TRAVEL STOP #629,I-65 EXIT 108 & SR-76,White House,TN,36.47032,-86.65138,3.1590,3.1590,3.1590,1,city
69827,KWIK TRIP #164,US-12/SR-29,Menomonie,WI,44.87552,-91.91934,3.4990,3.4990,3.4990,1,city
69830,RUTTERS #69,"I-78/US-22, EXIT 29 & SR-61",Hamburg,PA,40.55565,-75.98188,3.8657,3.8657,3.8657,1,city
69832,LOVES TRAVEL STOP #595,"I-10, EXIT 28 & SR-49",Gulfport,MS,30.36742,-89.09282,3.1440,3.1440,3.1440,1,city
69833,LOVES TRAVEL STOP #658,US-412,Watts,OK,36.10925,-94.57022,3.3473,3.3473,3.3473,1,city
69835,LOVES TRAVEL STOP #653,US-287,Eads,CO,38.48056,-102.78186,3.4757,3.4757,3.4757,1,city
69837,LOVES TRAVEL STOP #606,"I-94, EXIT 73B & US-6",South Holland,IL,41.60087,-87.60699,3.4690,3.3290,3.5490,4,city
69840,KUM & GO #0370,"I-80, EXIT 439 & SR-370",Gretna,NE,41.14083,-96.23974,2.9207,2.9207,2.9207,1,city
69842,KUM & GO #0863,"I-44, EXIT 215 & SR-97",Sapulpa,OK,35.9987,-96.11417,3.2323,3.2323,3.2323,1,city
69845,Maverik Country Store #5013,US-40 & SR-13,Craig,CO,40.51525,-107.54645,3.4590,3.4590,3.4590,1,city
69847,KWIK STAR #145,US-52,Guttenberg,IA,42.78582,-91.09957,3.5990,3.5990,3.5990,1,city
69848,KWIK TRIP #173,SR-17,Rhinelander,WI,45.63662,-89.41208,3.4523,3.4523,3.4523,1,city
69850,KUM & GO #0539,"I-80 E, & SR-415 EXIT 135",Des Moines,IA,41.60054,-93.60911,3.0723,3.0723,3.0723,1,city
69851,SPEEDWAY #3995,I-90,Belvidere,IL,42.26391,-88.84427,3.8490,3.8490,3.8490,1,city
69852,KWIK TRIP #141,SR-61,Two Harbors,MN,47.02271,-91.67073,3.4990,3.4990,3.4990,1,city
69854,LOVES TRAVEL STOP #637,"I-39, EXIT 115 & CR-CS",Poynette,WI,43.39026,-89.4029,3.7890,3.7890,3.7890,1,city
69855,LOVES TRAVEL STOP #670,US-18,Floyd,IA,43.12775,-92.7363,3.6490,3.6490,3.6490,1,city
69856,LOVES TRAVEL STOP #657,"I-77, EXIT 5 & SR-48",Cayce,SC,33.96571,-81.07398,3.3973,3.3973,3.3973,1,city
69858,TEX-BEST #528,US-181,Elmendorf,TX,29.25607,-98.33279,2.8923,2.8923,2.8923,1,city
69859,BIG BOSS TRAVEL PLAZA,I-12 EXIT 22,Livingston,LA,30.50213,-90.74787,3.1657,3.1657,3.1657,1,city
69861,HUCKS FOOD & FUEL #379,"I-57, EXIT 53",Marion,IL,37.73061,-88.93313,2.9990,2.9290,3.5490,3,city
69862,CASEYS #3503,US-69/SR-52,Pleasanton,KS,38.17781,-94.71135,3.1990,3.1990,3.1990,1,city
69863,GOLDEN GATE,I-80 EXIT 352A & US-93,Wells,NV,41.11159,-114.96449,3.4157,3.4157,3.4157,1,city
69865,7-ELEVEN #40036,SR-33 & SR-632,Lanexa,VA,37.42376,-76.90108,3.6590,3.6590,3.6590,1,city
69870,CIRCLE K #4705720,"I-280, EXIT 7 & SR-2",Oregon,OH,41.64366,-83.48688,3.6090,3.6090,3.6090,1,city
69871,CIRCLE K #2741595,SR-71 & FM-1209,Bastrop,TX,30.11049,-97.31527,2.9540,2.9540,2.9540,1,city
69873,KWIK TRIP #142,"US-10, EXIT 186 & SR-13",Marshfield,WI,44.66885,-90.1718,3.4790,3.4790,3.4790,1,city
69874,LOVES TRAVEL STOP #687,"I-72, EXIT 64 & US-67",Jacksonville,IL,39.73394,-90.22901,3.5390,3.4890,3.5890,2,city
69875,LOVES TRAVEL STOP #680,US-81,Norfolk,NE,42.02834,-97.417,3.3157,3.3157,3.3157,1,city
69876,LOVES TRAVEL STOP #684,"I-35, EXIT 133 & SR-175",Ellsworth,IA,42.31276,-93.57882,3.6890,3.6890,3.6890,1,city
69877,LOVES TRAVEL STOP #669,US-61 & SR-19,New London,MO,39.58532,-91.40098,3.2357,3.2357,3.2357,1,city
69878,SPEEDWAY #7412,SR-83 & SR-19,Bensenville,IL,41.95503,-87.94007,3.3790,3.3790,3.3790,1,city
69879,SPEEDWAY #3700,I-70 EXIT 77,Indianapolis,IN,39.76838,-86.15804,3.3190,3.3190,3.3190,1,city
69880,Speedway #6809,"I-290, EXIT 13A",Franklin Park,IL,41.93531,-87.86562,3.3540,3.3290,3.3790,2,city
69881,KWIK TRIP #458,SR-55,Buffalo,MN,45.17191,-93.87469,3.5490,3.5490,3.5490,1,city
69882,SPEEDWAY #7103,US-43,Lawrenceburg,TN,35.2423,-87.33474,3.5740,3.5740,3.5740,1,city
69884,AKAL TRAVEL CENTER,"I-40, EXIT 267 & SR-379",Santa Rosa,NM,34.93867,-104.68249,2.8790,2.8790,2.8790,1,city
69885,BELL STORES #146,SR-43 & SR-183,Malvern,OH,40.69173,-81.18121,3.5790,3.5790,3.5790,1,city
69886,LOVES TRAVEL STOP #676,SR-50,Syracuse,NE,40.65722,-96.1864,3.4440,3.4440,3.4440,1,city
69887,CIRCLE K #2701869,SR-21 & SR-307,Savannah,GA,32.08354,-81.09983,3.1157,3.1157,3.1157,1,city
69888,OASIS STOP N GO #17,US-30,Twin Falls,ID,42.56297,-114.46087,3.6990,3.6990,3.6990,1,city
69892,MAVERIK COUNTRY STORE #547,US-26,Casper,WY,42.86663,-106.31308,3.1857,3.1857,3.1857,1,city
69893,DOMINO EXPRESS #24,US-412/US-270/US-183/SR-3 & SR-15,Woodward,OK,36.43365,-99.39039,2.9990,2.9990,2.9990,1,city
69894,Circle K #2746446,US-2,Williston,ND,48.14697,-103.61797,4.0423,4.0423,4.0423,1,city
69895,Shell,"I-80, EXIT 122",Minooka,IL,41.45531,-88.26173,3.1990,3.1490,3.2490,3,city
69900,LOVES TRAVEL STOP #605,"I-70, EXIT 59 & SR-41",Springfield,OH,39.92423,-83.80882,3.4790,3.4790,3.4790,1,city
69901,KWIK TRIP #638,SR-42,Two Rivers,WI,44.15388,-87.56925,3.3907,3.3907,3.3907,1,city
69902,MAVERIK COUNTRY STORE #441,"I-182/US-12, EXIT 9",Pasco,WA,46.23958,-119.10057,4.2790,4.2790,4.2790,1,city
69903,LOVES TRAVEL STOP #642,US-60 & US-385,Hereford,TX,34.81521,-102.39932,3.4157,3.4157,3.4157,1,city
69904,LOVES TRAVEL STOP #695,US-54/400,Cunningham,KS,37.64391,-98.43119,3.6573,3.6573,3.6573,1,city
69905,KWIK TRIP #105,"I-41, EXIT 157",De Pere,WI,44.44888,-88.06038,3.3523,3.3523,3.3523,1,city
69906,LOVES TRAVEL STOP #692,US-169 & SR-39,Chanute,KS,37.67921,-95.4572,3.2757,3.2757,3.2757,1,city
69907,STRIPES #41023,SR-358 & FM-665,Corpus Christi,TX,27.80058,-97.39638,3.0707,3.0707,3.0707,1,city
69908,LOVES TRAVEL STOP #685,"I-74, EXIT 51",Knoxville,IL,40.90837,-90.28485,3.8890,3.8890,3.8890,1,city
69912,AMPM,"I-10, EXIT 140",Phoenix,AZ,33.44838,-112.07404,3.2823,3.2823,3.2823,1,city
69913,ROSS FUEL CENTER,US-60/US-67,Poplar Bluff,MO,36.757,-90.39289,3.4907,3.4907,3.4907,1,city
69914,PETRO COLUMBIA,"I-77, EXIT 5 & SR-48",Columbia,SC,34.00071,-81.03481,3.4123,3.4123,3.4123,1,city
69915,PETES #16,"I-49/US-71, EXIT 120 & CR-B",Rich Hill,MO,38.09642,-94.36106,3.1490,3.1490,3.1490,1,city
69921,LOVES TRAVEL STOP #688,"I-70, EXIT 119 & SR-130",Greenup,IL,39.24782,-88.16337,3.3890,3.2890,3.4890,5,city
69922,LOVES TRAVEL STOP #686,"I-84/I-15, EXIT 363",Brigham City,UT,41.51021,-112.0155,3.7557,3.7557,3.7557,1,city
69923,Circle K #2741821,FM 471 & SR 211,San Antonio,TX,29.42412,-98.49363,3.0323,3.0323,3.0323,1,city
69926,TONKAWA TRADING POST,"I-35, EXIT 214 & US-60",Tonkawa,OK,36.67837,-97.31004,2.9990,2.9990,2.9990,1,city
69927,LOVES TRAVEL STOP #682,"I-81, EXIT 10A",Hagerstown,MD,39.64176,-77.71999,3.9490,3.9490,3.9490,1,city
69928,KUM & GO #1837,SR-51,Broken Arrow,OK,36.0526,-95.79082,3.0523,3.0523,3.0523,1,city
69929,PETES #14,US-69/SR 7,Fort Scott,KS,37.83976,-94.7083,3.1990,3.1990,3.1990,1,city
69930,CONCORDE TRAVEL CENTER,"I-65, EXIT 219 & CR-42",Jemison,AL,32.95985,-86.74665,3.2990,3.2990,3.2990,1,city
69931,SHELL,"I-565, EXIT 7 & CR-127",Madison,AL,34.69926,-86.74833,3.3490,3.3490,3.3490,1,city
69932,CIRCLE K #2741847,SR-16,San Antonio,TX,29.42412,-98.49363,3.0723,3.0723,3.0723,1,city
69933,Flyers #3202,"I-17, EXIT 201",Phoenix,AZ,33.44838,-112.07404,3.3690,3.3690,3.3690,1,city
69934,KWIK TRIP #135,SR-35 N,Superior,WI,46.72077,-92.10408,3.4990,3.4990,3.4990,1,city
69935,KWIK TRIP #586,"I-41, EXIT 45",Butler,WI,43.10584,-88.06953,3.4740,3.4740,3.4740,1,city
69936,LOVES TRAVEL STOP #683,US-27,Moore Haven,FL,26.83312,-81.09312,3.7890,3.7890,3.7890,1,city
69937,MAVERIK COUNTRY STORE #385,"I-15, EXIT 119",Idaho Falls,ID,43.46658,-112.03414,3.4257,3.4257,3.4257,1,city
69938,MAVERIK COUNTRY STORE #388,US-60 & SR-77,Show Low,AZ,34.25421,-110.02983,3.2290,3.2290,3.2290,1,city
69939,MAVERIK COUNTRY STORE #377,"I-15, EXIT 244 & US-6",Santaquin,UT,39.97551,-111.78521,3.4023,3.4023,3.4023,1,city
69940,SAPP BROS TRAVEL CENTER,"I-49, EXIT 157",Harrisonville,MO,38.65334,-94.34884,3.4023,3.4023,3.4023,1,city
69941,QUIKTRIP #949,"I-20 E, EXIT 406",Weatherford,TX,32.7593,-97.79725,2.9173,2.9173,2.9173,1,city
69943,ASAP GENERAL STORE #313,US-81,Duncan,OK,34.5023,-97.95781,3.1323,3.1323,3.1323,1,city
69944,TRUCK WORLD,"I-76, EXIT 57",North Jackson,OH,41.10006,-80.85731,3.2590,3.2590,3.2590,1,city
69945,BP,"I-465, EXIT 49",Indianapolis,IN,39.76838,-86.15804,3.7990,3.7990,3.7990,1,city
69946,KUM & GO #0119,"I-35, EXIT 214 & SR-105",Northwood,IA,43.44412,-93.22104,3.1157,3.1157,3.1157,1,city
69947,THORNTONS #607,I-24 EXIT 62 & SR-171,Antioch,TN,35.78979,-88.97423,2.8990,2.8990,2.8990,1,city
69948,CIRCLE T,US-190/SR-21,Bryan,TX,30.67436,-96.36996,3.4590,3.4590,3.4590,1,city
69949,THE CROSSING TRAVEL MARK,US-83 & SR-153,Winters,TX,31.95653,-99.96231,3.0407,3.0407,3.0407,1,city
69952,HUTCH'S #120,"I-40, EXIT 25",Sayre,OK,35.29116,-99.6401,2.9840,2.9840,2.9840,1,city
69954,Exxon,"I-80, EXIT 27A & US-46",Budd Lake,NJ,40.87121,-74.73405,3.1190,3.1190,3.1190,1,city
69955,QUIKTRIP #1044,"I-85, EXIT 63 & SR-2180",Kannapolis,NC,35.48736,-80.62173,3.1540,3.1540,3.1540,1,city
69957,LOVES TRAVE STOP #698,"I-75/SR-401, EXIT 153",Macon,GA,32.84069,-83.6324,3.3690,3.3690,3.3690,1,city
69958,LOVES TRAVEL STOP #693,US-30/23 & SR-199,Upper Sandusky,OH,40.82728,-83.28131,3.8890,3.8890,3.8890,1,city
69959,BISCUIT HILL TRAVEL PLAZA,"I-40, EXIT 192",Shawnee,OK,35.32729,-96.9253,2.9090,2.9090,2.9090,1,city
69960,PILOT CENTER #1014- TOWN PUMP,"I-94, EXIT 213 & SR-16",Glendive,MT,47.10529,-104.71246,3.4190,3.4190,3.4190,1,city
69962,LUFKIN TRAVEL PLAZA,US-59 & CR-819,Lufkin,TX,31.33824,-94.7291,2.8157,2.8157,2.8157,1,city
69963,7 CLANS RED ROCK GASINO,US-177,Red Rock,OK,36.45921,-97.17893,3.0890,3.0890,3.0890,1,city
69964,SHEETZ #621,"I-77 & US-70, Exit 49A",Statesville,NC,35.78264,-80.8873,2.8490,2.8490,2.8490,1,city
69969,USA GAS,SR-47,Newfield,NJ,39.54688,-75.02636,3.1690,3.1690,3.1690,1,city
69974,LOVES TRAVEL STOP #672,US-77BUS & FM-1945,Sinton,TX,28.03668,-97.50916,3.1490,3.1490,3.1490,1,city
69975,LOVES TRAVEL STOP #703,US-50,South Hutchinson,KS,38.02807,-97.94033,3.3007,3.3007,3.3007,1,city
69976,KWIK TRIP #583,"I-94, EXIT 89 & SR-23",Wisconsin Dells,WI,43.62748,-89.77096,3.2373,3.2373,3.2373,1,city
69977,KWIK TRIP #855,US-12,Baraboo,WI,43.47109,-89.74429,3.1157,3.1157,3.1157,1,city
69978,LOVES TRAVEL STOP #678,US-271,Paris,TX,33.66094,-95.55551,3.3657,3.3657,3.3657,1,city
69979,LOVES TRAVEL STOP #681,"I-82/US-12, EXIT 80",Prosser,WA,46.2068,-119.76892,4.5890,4.5890,4.5890,1,city
69980,RUTTERS #70,SR-896 & SR-741,Strasburg,PA,39.98316,-76.18412,4.1990,4.1990,4.1990,1,city
69981,RANCHLAND GAS STATION,US-82,Benjamin,TX,33.58398,-99.79231,3.2990,3.2990,3.2990,1,city
69982,RUTTERS #68,US-422 & SR-934,Annville,PA,40.32954,-76.51524,4.2990,4.2990,4.2990,1,city
69983,MICKEY MART #57,US-250,Strasburg,OH,40.59478,-81.52679,3.4923,3.4923,3.4923,1,city
69986,YESWAY #1061,US-180 & SR-137,Lamesa,TX,32.7376,-101.95099,3.0990,3.0990,3.0990,1,city
69987,LOVES TRAVEL STOP #679,"I-90, EXIT 495 & SR-47",Hardin,MT,45.73248,-107.61203,3.7040,3.7040,3.7040,1,city
69988,LOVES TRAVEL STOP #640,"I-43, EXIT 120 & CR-OK",Sheboygan,WI,43.75083,-87.71453,3.2890,3.2890,3.2890,1,city
69989,LOVES TRAVEL STOP #677,US-45A,West Point,MS,33.60762,-88.65033,3.2590,3.2590,3.2590,1,city
69990,LOVES TRAVEL STOP #691,US-50/93 & US-6,Ely,NV,39.24744,-114.88863,3.6490,3.6490,3.6490,1,city
69991,WA SHE SHU TRAVEL PLAZA,US-395,Gardnerville,NV,38.9413,-119.74962,3.6990,3.6990,3.6990,1,city
69992,KWIK TRIP #120,SR-15 & CR-4,Saint Cloud,MN,45.5608,-94.16249,3.2773,3.2773,3.2773,1,city
69993,CEFCO #99,US-290,Giddings,TX,30.18272,-96.93637,3.1590,3.1590,3.1590,1,city
69995,PILOT EXPRESS #1178,"I-10, EXIT 273",Tucson,AZ,32.22174,-110.92648,3.2190,3.2190,3.2190,1,city
69996,YESWAY #1078,US-83 & SR-153,Winters,TX,31.95653,-99.96231,2.9990,2.9990,2.9990,1,city
69998,CASEYS #3604,US-75,Hinton,IA,42.62777,-96.29169,3.2990,3.2990,3.2990,1,city
69999,RUTTERS #71,"I-99, EXIT 28 & US-22",Duncansville,PA,40.42341,-78.4339,4.0990,4.0990,4.0990,1,city
70001,LOVES TRAVEL STOP #690,US-23,Circleville,OH,39.60062,-82.94601,3.7890,3.7890,3.7890,1,city
70002,LOVES TRAVEL STOP #699,US-49,Magee,MS,31.87377,-89.73369,3.6073,3.6073,3.6073,1,city
70003,SPEEDWAY #2926,SR-837,Clairton,PA,40.29229,-79.88171,3.9257,3.9257,3.9257,1,city
70004,SPEEDWAY #7775,US-23 & CR-192,Delaware,OH,40.29867,-83.06797,3.6190,3.6190,3.6190,1,city
70007,FLYING J TRAVEL PLAZA #1096,"I-95, EXIT 201 & CR-524",Cocoa,FL,28.38612,-80.742,3.6990,3.6990,3.6990,2,city
70008,Amigo's,"I-10, EXIT 661 & FM-609",Flatonia,TX,29.68773,-97.1086,3.0823,3.0823,3.0823,1,city
70009,KWIK TRIP #661,SR-69 & BUS-11,Monroe,WI,42.60112,-89.63845,3.3623,3.3623,3.3623,1,city
70010,Kwik Star #567,US-65 & SR-3,Hampton,IA,42.74192,-93.20242,3.5040,3.5040,3.5040,1,city
70011,KWIK TRIP #279,"US-63, EXIT 59",Rochester,MN,44.02163,-92.4699,3.5490,3.5490,3.5490,1,city
70012,MAVERIK COUNTRY STORE #549,"I-70, EXIT 283",Aurora,CO,39.72943,-104.83192,3.1857,3.1857,3.1857,1,city
70014,PETRO-CARD 24 #919141,SR-179,Jamestown,MO,38.76559,-92.48074,3.4790,3.4790,3.4790,1,city
70016,CASEYS #2743,SR-43/SR-2 & SR-66A,Palmyra,NE,40.70445,-96.38751,3.1990,3.1990,3.1990,1,city
70017,PACIFIC PRIDE,I-79 & US-19,Morgantown,WV,39.62953,-79.9559,3.4590,3.4590,3.4590,1,city
70019,QUICKLEES #1,"I-390, EXIT 9 & SR-15",Avon,NY,42.91201,-77.74556,3.9990,3.9990,3.9990,1,city
70022,SHEETZ #583,US-322 & SR-655,Reedsville,PA,40.66396,-77.59583,3.4157,3.4157,3.4157,1,city
70024,KWIK TRIP #827,"I-41, EXIT 167",Green Bay,WI,44.51916,-88.01983,3.4990,3.4990,3.4990,1,city
70025,SPEEDWAY #6245,SR-43,Carrollton,OH,40.57284,-81.08565,3.5590,3.5590,3.5590,1,city
70026,SPEEDWAY #8883,I-80 EXIT 73,Peru,IL,41.32753,-89.12897,3.1740,3.1490,3.1990,2,city
70027,SPEEDWAY #8851,SR-31,South Elgin,IL,41.99419,-88.2923,3.6090,3.5590,3.6590,2,city
70028,LOVES TRAVEL STOP #697,"US-321, EXIT 37",Newton,NC,35.66986,-81.22147,3.6890,3.6890,3.6890,1,city
70029,LOVES TRAVEL STOP #696,"I-10, EXIT 843",Beaumont,TX,30.08605,-94.10185,3.2940,3.2940,3.2940,1,city
70030,SPEEDWAY #3991,"I-80 E, & I-94 E",Gary,IN,41.59337,-87.34643,3.7123,3.7123,3.7123,1,city
70031,SPEEDWAY #8020,US-30,Upper Sandusky,OH,40.82728,-83.28131,3.7990,3.7990,3.7990,1,city
70032,Kwik Star #569,US-20,Waterloo,IA,42.49276,-92.34296,3.5740,3.5740,3.5740,1,city
70033,KWIK TRIP #111,SR-36 & CR-15,Stillwater,MN,45.05636,-92.80604,3.5407,3.5407,3.5407,1,city
70034,SPEEDWAY #8799,I-55 EXIT 282A & SR-171,Bedford Park,IL,41.76281,-87.80006,3.5990,3.5990,3.5990,1,city
70035,SPEEDWAY #8064,"I-55, EXIT 178 & SR-43",West Lafayette,IN,40.42587,-86.90807,3.5823,3.5823,3.5823,1,city
70036,Speedway #3994,SR-38 & CR-21,West Chicago,IL,41.88475,-88.20396,3.5990,3.5990,3.5990,1,city
70037,SPEEDWAY #8738,"I-70, EXIT 23 & SR-59",Brazil,IN,39.52365,-87.12502,3.6990,3.6990,3.6990,1,city
70038,SPEEDWAY #1830,US-31,Grand Haven,MI,43.06307,-86.22839,3.8990,3.8990,3.8990,1,city
70039,TEX-BEST #527,SR-162 & SR-16,Jourdanton,TX,28.91803,-98.54641,2.9207,2.9207,2.9207,1,city
70040,TEX BEST #503,"I-35, EXIT 215 & CR-210",Kyle,TX,29.98911,-97.87723,2.8057,2.8057,2.8057,1,city
70041,LOVES TRAVEL STOP #705,"I-64/SR-33, EXIT 211 & SR-609",Providence Forge,VA,37.44181,-77.04358,3.8890,3.8890,3.8890,1,city
70042,Kwik Star #103,US-65,Iowa Falls,IA,42.52248,-93.25131,3.3740,3.3740,3.3740,1,city
70043,KWIK TRIP #571,"I-35, EXIT 235 & SR-210",Carlton,MN,46.66383,-92.42491,3.3190,3.3190,3.3190,1,city
70044,Thorntons #325,"I-94, EXIT 73B & US-6",South Holland,IL,41.60087,-87.60699,3.6990,3.6990,3.6990,1,city
70049,KWIK STAR #581,"I-380, EXIT 17",Cedar Rapids,IA,42.00833,-91.64407,3.5407,3.5407,3.5407,1,city
70050,KWIK TRIP #124,US-51,De Forest,WI,43.24777,-89.34373,3.2357,3.2357,3.2357,1,fuzzy
70053,KWIK TRIP #964,"US-12, EXIT 250 & CR-M",Middleton,WI,43.09722,-89.50429,3.5290,3.5290,3.5290,1,city
70054,KWIK TRIP #976,CR-241 & CR-ZZ,Oak Creek,WI,42.88585,-87.86314,3.5790,3.5790,3.5790,1,city
70058,KWIK TRIP #590,CR-4 & CR-22,Rochester,MN,44.02163,-92.4699,3.6240,3.6240,3.6240,1,city
70059,KWIK TRIP #118,US-2 & LAKESHORE DRIVE,Ashland,WI,46.59244,-90.8838,3.6990,3.6990,3.6990,1,city
70062,KWIK TRIP #970,SR-164 & SR-59,Waukesha,WI,43.01168,-88.23148,3.5323,3.5323,3.5323,1,city
70063,QUICK FUEL #2206,US-41,Marietta,GA,33.9526,-84.54993,3.5190,3.5190,3.5190,1,city
70066,KWIK TRIP #957,US-18 & CR-PD,Madison,WI,43.07305,-89.40123,3.6040,3.6040,3.6040,1,city
70067,KWIK TRIP #240,"I-94, EXIT 115 & CR-A",Black River Falls,WI,44.29468,-90.85153,3.3123,3.3123,3.3123,1,city
70068,LOVES TRAVEL STOP #712,"I-44, EXIT 107",Newcastle,OK,35.24729,-97.59976,3.4257,3.4257,3.4257,1,city
70069,CASEYS #3486,"I-49, EXIT 159",Harrisonville,MO,38.65334,-94.34884,3.2290,3.2290,3.2290,1,city
70074,CASEYS #3430,US-71 & US-136/SR-46,Maryville,MO,40.3461,-94.87247,3.1373,3.1373,3.1373,1,city
70075,KWIK TRIP #815,US-63 & SR-48,Cumberland,WI,45.53218,-92.01935,3.6240,3.6240,3.6240,1,city
70076,PETRO-CARD 24 #910681,SR-32,Salem,MO,37.6456,-91.53598,3.0990,3.0990,3.0990,1,city
70078,KWIK TRIP #573,I-94 & CR-EE,Eau Claire,WI,44.81135,-91.49849,3.3990,3.3990,3.3990,1,city
70079,PILOT #1118,US-60,Clovis,NM,34.4048,-103.20523,4.0790,4.0790,4.0790,1,city
70080,FLYING J TRAVEL PLAZA #1117,SR-25,Rochester,IN,41.06476,-86.21583,3.8590,3.8590,3.8590,2,city
70081,PILOT EXPRESS #1032,SR-7,Steubenville,OH,40.36979,-80.63396,3.6290,3.6290,3.6290,1,city
70082,KWIK TRIP #588,US-51 & SR-70,Woodruff,WI,45.89634,-89.69904,3.0957,3.0957,3.0957,1,city
70083,KWIK TRIP #596,US-14,Black Earth,WI,43.13722,-89.74679,3.4440,3.4440,3.4440,1,city
70084,SPEEDWAY #4440,SR-131,Waukegan,IL,42.36363,-87.84479,3.7240,3.6590,3.7890,2,city
70085,Pilot Travel Center #1114,SR-83,Bensenville,IL,41.95503,-87.94007,3.5590,3.3890,3.6590,5,city
70087,PILOT EXPRESS  #1098,"I-95, EXIT 14",Newark,NJ,40.73566,-74.17237,3.9990,3.9990,3.9990,1,city
70088,KWIK TRIP #138,SR-13,Park Falls,WI,45.9344,-90.44155,3.1473,3.1473,3.1473,1,city
70090,SPEEDWAY #7111,"I-40, EXIT 143 & SR-13",Hurricane Mills,TN,35.97117,-87.78197,3.0323,3.0323,3.0323,1,city
70091,SPEEDWAY #7503,I-70 & I-57 EXIT 159,Effingham,IL,39.12004,-88.54338,3.2490,3.1990,3.2990,2,city
70093,LOVES TRAVEL STOP #694,US-45/SR-5 & SR-57,Ramer,TN,35.06953,-88.62227,3.4623,3.4623,3.4623,1,city
70095,LOVES TRAVEL STOP #713,US-380 & FM-1304,Bridgeport,TX,33.21012,-97.75476,2.9490,2.9490,2.9490,1,city
70096,LOVES TRAVEL STOP #661,US-65 & SR-81,Pine Bluff,AR,34.22843,-92.0032,3.3190,3.3190,3.3190,1,city
70097,KWIK TRIP #112,SR-32 & SR-23,Sheboygan Falls,WI,43.73197,-87.82213,3.2923,3.2923,3.2923,1,city
70098,KWIK TRIP #110,US-2,Ashland,WI,46.59244,-90.8838,3.6990,3.6990,3.6990,1,city
70099,QUIKTRIP #1883,"I-35, EXIT 497 & US-82",Gainesville,TX,33.62594,-97.13335,2.9757,2.9757,2.9757,1,city
70100,LOVES TRAVEL STOP #718,"I-65, EXIT 158",Hope Hull,AL,32.26986,-86.35719,3.2657,3.2657,3.2657,1,city
70104,LOVES TRAVEL STOP #649,"I-76/US-6, EXIT 89",Brush,CO,40.25887,-103.62384,4.0890,4.0890,4.0890,1,city
70105,LOVES TRAVEL STOP #708,"I-75, EXIT 314 & CR-48",Bushnell,FL,28.66499,-82.11286,3.2957,3.2957,3.2957,1,city
70106,LOVES TRAVEL STOPS #719,"I-35, EXIT 308",Troy,TX,31.20684,-97.30278,3.1630,3.1590,3.1670,2,city
70107,LOVES TRAVEL STOP #711,"I-71, EXIT 165 & SR-97",Bellville,OH,40.62006,-82.51072,3.7090,3.7090,3.7090,1,city
70108,RICKY ROCKETS FUEL CENTER,SR-50 & SR-83,Midlothian,IL,41.62531,-87.71755,3.1490,3.0990,3.1990,2,city
70111,KWIK TRIP #557,"I-39, EXIT 126 & CR-V",De Forest,WI,43.24777,-89.34373,3.3107,3.3107,3.3107,1,fuzzy
70117,RUTTERS #72,"I-81, EXIT 16 & US-30",Saint Thomas,PA,39.91759,-77.79777,4.3990,4.3990,4.3990,1,city
70118,SPEEDWAY #7118,US-41,Smyrna,TN,35.98284,-86.5186,3.0157,3.0157,3.0157,1,city
70122,Circle K #2709301,SR-67,Decatur,AL,34.60593,-86.98334,3.8990,3.8990,3.8990,1,city
70124,TA Express Lamar,US-50/385,Lamar,CO,38.08723,-102.62075,3.4390,3.4390,3.4390,1,city
70125,SPEEDWAY #7391,I-76 EXIT 232,North Lima,OH,40.94839,-80.65896,3.6990,3.6990,3.6990,1,city
70126,SPEEDWAY #3535,"I-71,EXIT 165 & SR-97",Bellville,OH,40.62006,-82.51072,3.5990,3.5990,3.5990,1,city
70127,SPEEDWAY #2929,"US-22, US-119",New Alexandria,PA,40.39868,-79.42198,3.9723,3.9723,3.9723,1,city
70128,CIRCLE K #4703913,"I-40 E, EXIT 87",Jackson,TN,35.61452,-88.81395,3.3490,3.3490,3.3490,1,city
70130,SIDE TRACK,SR-57,Wrightsville,GA,32.72933,-82.71986,3.3157,3.3157,3.3157,1,city
70131,THORNTONS #323,SR-64,Lombard,IL,41.88003,-88.00784,3.2990,3.2990,3.3490,6,city
70135,KUM & GO #1455,"I-44, EXIT 130",Lebanon,MO,37.6806,-92.66379,3.0923,3.0923,3.0923,1,city
70136,FUEL CITY SAGINAW,CR-156,Fort Worth,TX,32.72541,-97.32085,2.9657,2.9657,2.9657,1,city
70137,RUTTERS #8,"I-83, EXIT 14 & SR-182",York,PA,39.9626,-76.72774,4.1990,4.1990,4.1990,1,city
70140,CASEYS #3593,SR-7 & US-50,North Vernon,IN,39.00617,-85.62358,3.5923,3.5923,3.5923,1,city
70142,ONVO TRAVEL PLAZA - AVIS,"US-220, EXIT 118",Avis,PA,41.18479,-77.31386,3.5390,3.5390,3.5390,1,city
70143,KWIK TRIP #104,"I-94, HWY-24, EXIT 178",Clearwater,MN,45.41941,-94.04887,3.2773,3.2773,3.2773,1,city
70144,LOVES TRAVEL STOP #635,"I-49, EXIT 24 & SR-282",Alma,AR,35.47787,-94.22188,3.4590,3.4590,3.4590,1,city
70145,MAVERIK COUNTRY STORE #578,US-26 & US-91,Idaho Falls,ID,43.46658,-112.03414,3.4023,3.4023,3.4023,1,city
70146,MAVERIK COUNTRY STORE #567,"I-90, EXIT 291A",Spokane,WA,47.65966,-117.42908,3.9840,3.9690,3.9990,4,city
70150,LOVES TRAVEL STOP #704,"I-29, EXIT 35B & US-34",Pacific Junction,IA,41.01861,-95.79917,3.7890,3.7890,3.7890,1,city
70151,LOVES TRAVEL STOP #721,"I-45, EXIT 246 & FM-1183",Ennis,TX,32.32931,-96.62527,3.0357,3.0357,3.0357,1,city
70154,Stinker,"US-34, CR-56",Kersey,CO,40.38748,-104.56163,3.4990,3.4990,3.4990,1,city
70155,MARATHON,"US-24, I-96 EXIT 179",Redford,MI,42.38337,-83.2966,4.9990,4.9990,4.9990,1,city
70156,MAVERIK COUNTRY STORE #348,"US-91, SR-130",Cedar City,UT,37.67748,-113.06189,3.4523,3.4523,3.4523,1,city
70157,LOVES TRAVEL STOP #702,US-63,Waterloo,IA,42.49276,-92.34296,3.7690,3.7690,3.7690,1,city
70158,FLYING J #1068,"I-26, EXIT 194 & SR-16",Summerville,SC,33.0185,-80.17565,3.5090,3.5090,3.5090,1,city
70159,LOVES TRAVEL STOP #717,US-460 & SR-156,Disputanta,VA,37.12432,-77.22581,3.5623,3.5623,3.5623,1,city
70160,COMMON CENTS #212,I-90 & SR-337,Sheridan,WY,44.79719,-106.95618,3.5607,3.5607,3.5607,1,city
70162,PILOT #1049,US-58,Suffolk,VA,36.72836,-76.58496,3.8990,3.8990,3.8990,1,city
70163,KWIK TRIP #598,SR-23,Paynesville,MN,45.38052,-94.71195,3.3990,3.3990,3.3990,1,city
70164,ONVO TRAVEL PLAZA - BLAKESLEE,I-80 EXIT 284,Blakeslee,PA,41.09259,-75.59269,3.5657,3.5657,3.5657,1,city
70168,KWIK TRIP #575,CR-75,Saint Joseph,MN,45.56496,-94.31833,3.3023,3.3023,3.3023,1,city
70169,ROCKING Oil,SR-21,Caldwell,TX,30.53132,-96.69303,3.0990,3.0990,3.0990,1,city
70170,LOVES TRAVEL STOP #716,SR-3005,Elizabethtown,KY,37.69395,-85.85913,3.5990,3.5990,3.5990,1,city
70171,CITGO HERITAGE RIDGE,US-151 & SR-26,Waupun,WI,43.63332,-88.72955,3.1473,3.1473,3.1473,1,city
70172,MACH 1 #3,I-57 & SR-14,Benton,IL,37.99672,-88.92007,3.4890,3.3790,3.5990,2,city
70174,LOVES TRAVEL STOP #701,"I-69, EXIT 176",Capac,MI,43.01253,-82.92799,3.9490,3.9490,3.9490,1,city
70176,MAVERIK COUNTRY STORE #565,I-84,Boise,ID,43.6135,-116.20345,3.3957,3.3957,3.3957,1,city
70177,MAVERIK COUNTRY STORE #497,US-160 & SR-145,Cortez,CO,37.34888,-108.58593,3.4157,3.4157,3.4157,1,city
70179,WORKMANS TRAVEL CENTER,"I-49, EXIT 78 & SR-264",Lowell,AR,36.25535,-94.13076,3.4023,3.4023,3.4023,1,city
70180,Gulf,SR-83,Bensenville,IL,41.95503,-87.94007,3.0790,3.0590,3.0990,2,city
70181,CIRCLE K #2723778,US-501 & SR-78/CR-1303,Sanford,NC,35.47988,-79.1803,3.0490,3.0490,3.0490,1,city
70182,SHELL,US-169,Blue Earth,MN,43.63746,-94.10218,3.2990,3.2990,3.2990,1,city
70183,PILOT # 1134,US-285 & CR-652,Orla,TX,31.82513,-103.90881,3.7590,3.7590,3.7590,1,city
70185,PILOT # 1147,SR-302,Kermit,TX,31.85763,-103.09267,3.2557,3.2557,3.2557,1,city
70187,PILOT # 1146,I-20 & SR-17,Pecos,TX,31.42291,-103.49323,3.4657,3.4657,3.4657,1,city
70188,KUM & GO #0890,I-44 (WESTBOUND),Vinita,OK,36.63869,-95.15413,3.0590,3.0590,3.0590,1,city
70189,HUDSON IRVING 24,SR-3A,Hudson,NH,42.76481,-71.43979,3.7990,3.7990,3.7990,1,city
70190,LOVES TRAVEL STOP #726,I-25 EXIT 191,Belen,NM,34.66284,-106.77642,3.5223,3.5223,3.5223,1,city
70191,LOVES TRAVEL STOP #734,"I-44, EXIT 5 & US-70",Randlett,OK,34.17731,-98.46367,3.1207,3.1207,3.1207,1,city
70192,LOVES TRAVEL STOP #720,"I-49, EXIT 94 & SR-1",Boyce,LA,31.39046,-92.66931,3.1740,3.1740,3.1740,1,city
70207,PILOT TRAVEL CENTERS #1344,I-20 EXIT 425,Fort Worth,TX,32.72541,-97.32085,2.9090,2.9090,2.9090,1,city
70208,GOLDEN GATE PETRO,SR-648,Sparks,NV,39.53491,-119.75269,3.9857,3.9857,3.9857,1,city
70209,PUMP N PETES #42,"I-49, EXIT 66 & CR-K",Jasper,MO,37.33616,-94.30134,3.1990,3.1990,3.1990,1,city
70210,CASEYS #3889,SR-29 & CR-1350,Henry,IL,41.11142,-89.35648,3.3490,3.3490,3.3490,1,city
70214,RACETRAC #688,I-20 & SR-6,Lithia Springs,GA,33.794,-84.66049,2.9723,2.9723,2.9723,1,city
70216,PILOT TRAVEL CENTER #1110,I-25 & SR-105,Monument,CO,39.09166,-104.87276,3.6090,3.5790,3.6390,2,city
70217,MR GAS #20,I-84 EXIT 165,Jerome,ID,42.72407,-114.51865,3.4073,3.4073,3.4073,1,city
70218,LOVES TRAVEL STOP #725,I-69 & SR-260,Hanson,KY,37.41727,-87.48083,3.5990,3.5990,3.5990,1,city
70219,LOVES TRAVEL STOP #709,US-59 & SR-116,Lufkin,TX,31.33824,-94.7291,3.6490,3.6490,3.6490,1,city
70220,LOVES TRAVEL STOP #497,"I-40, EXIT 154 & US-64",Statesville,NC,35.78264,-80.8873,3.6890,3.6890,3.6890,1,city
70221,PILOT TRAVEL CENTER #1092,CR-70 E,Cedar Rapids,IA,42.00833,-91.64407,3.7790,3.7790,3.7790,2,city
70222,GOOD TO GO #45,"US-52 & SR-55, SR-18",Fowler,IN,40.6167,-87.32085,3.6990,3.6990,3.6990,1,city
70223,SPEEDWAY #8749,"I-75, EXIT 116",Flint,MI,43.01253,-83.68746,3.2590,3.0890,3.2890,3,city
70224,GOLDEN GATE PETROLEUM,I-70 EXIT 42,Palisade,CO,39.11026,-108.35092,3.5490,3.5490,3.5490,1,city
70225,Union 76 Pilot,US-130,Riverton,NJ,40.0115,-75.01489,3.9990,3.9990,3.9990,1,city
70227,LOVES TRAVEL STOP #724,"I-75, EXIT 414 & US-41",Lake City,FL,30.18968,-82.63929,3.3390,3.3390,3.3390,1,city
70229,TA EXPRESS HENDERSON #969,I-11 EXIT 15A,Henderson,NV,36.0397,-114.98194,3.6390,3.6390,3.6390,1,city
70232,RUTTERS #73,"I-81, EXIT 8 & CR-32",Inwood,WV,39.35788,-78.04,3.6590,3.6590,3.6590,1,city
70233,RUDS,SR-31 & I-94 EXIT 127,New Salem,ND,46.845,-101.41125,3.4990,3.4990,3.4990,1,city
70236,LOVES TRAVEL STOP #733,"I-25, EXIT 347",Las Vegas,NM,35.59393,-105.2239,3.4890,3.4890,3.4890,1,city
70238,ROAD RANGER #275,"I-10, EXIT 400 & US-277",Sonora,TX,30.56685,-100.64343,3.5490,3.5490,3.5490,1,city
70239,GOOD 2 GO #717,"I-25, EXIT 145",Colorado Springs,CO,38.83388,-104.82136,3.4790,3.4790,3.4790,1,city
70240,MAVERIK COUNTRY STORE #370,"I-15, EXIT 10",Saint George,UT,37.10415,-113.58412,3.5415,3.5415,3.5415,1,city
70241,MAVERIK COUNTRY STORE #460,SR-88,Minden,NV,38.95407,-119.76573,3.5257,3.5257,3.5257,1,city
70242,ROAD RANGER #276,"I-35, EXIT 342A",Waco,TX,31.54933,-97.14667,3.0490,3.0490,3.0490,1,city
70243,CASEYS #4415,US-68 & US-31W /SR-526,Bowling Green,KY,36.99032,-86.4436,2.9990,2.9990,2.9990,1,city
70245,YESWAY #1168,US-287 & CR-368,Iowa Park,TX,33.95148,-98.66867,2.8890,2.8890,2.8890,1,city
70246,7-Eleven #37565,SR-944 & SR-9,Miami,FL,25.77427,-80.19366,3.2490,3.2490,3.2490,1,city
70247,EXXON DBA ONE9 #1416,I-20 EXIT 458,Dallas,TX,32.78306,-96.80667,2.9923,2.9923,2.9923,1,city
70249,Caseys #4466,US-231 & SR-100,Scottsville,KY,36.75338,-86.19054,3.3123,3.3123,3.3123,1,city
70251,Marathon,SR-42 & US-49,Hattiesburg,MS,31.32712,-89.29034,3.0323,3.0323,3.0323,1,city
70254,LOVES TRAVEL STOP #732,I-70 & CR-829,Abilene,KS,38.91722,-97.21391,3.7623,3.7623,3.7623,1,city
70255,J&H  FAMILY STORE #152,SR-55,Cadillac,MI,44.25195,-85.40116,3.4090,3.2590,3.5590,2,city
70256,PILOT TRAVEL CENTER #1128,SR-60,Bartow,FL,27.89641,-81.84314,3.5990,3.5990,3.5990,2,city
70257,LOVES TRAVEL STOP #739,I-2,Donna,TX,26.17035,-98.05195,3.6490,3.6490,3.6490,1,city
70258,CASEYS #3677,US-59 & SR-30,Slayton,MN,43.98774,-95.75585,3.2990,3.2990,3.2990,1,city
70262,ASAP GENERAL STORE #332,US-70 & US-377,Madill,OK,34.09038,-96.77167,3.0157,3.0157,3.0157,1,city
70263,ENMARKET #769,US-301,Statesboro,GA,32.44879,-81.78317,3.6990,3.6990,3.6990,1,city
70265,Speedee Mart # 2875,I-80 & CR-238,Milford,NE,40.77445,-97.05059,3.4323,3.4323,3.4323,1,city
70266,PILOT #1161,I-20,Odessa,TX,31.84568,-102.36764,3.5657,3.5657,3.5657,1,city
70267,LOVES TRAVEL STOP #728,"I-5, EXIT 238 & SR-164",Albany,OR,44.63651,-123.10593,3.8473,3.8473,3.8473,1,city
70268,CASEYS #3396,SR-92 & SR-149,Sigourney,IA,41.33334,-92.20463,3.3623,3.3623,3.3623,1,city
70269,CASEYS #3589,"I-29, EXIT 2",North Sioux City,SD,42.52722,-96.48309,3.0590,3.0590,3.0590,1,city
70270,CASEYS #3685,US-50/US400  & SR-25,Lakin,KS,37.94058,-101.25489,3.1923,3.1923,3.1923,1,city
70271,CASEYS #1160,US-20,Plainview,NE,42.34973,-97.79201,3.2290,3.2290,3.2290,1,city
70273,SPEEDWAY #5457,"I-264 E, EXIT 14 & SR-864 N",Louisville,KY,38.25424,-85.75941,3.0290,3.0290,3.0290,1,city
70274,Kwik Star #920,US-18 & US-69,Garner,IA,43.10246,-93.60188,3.3990,3.3990,3.3990,1,city
70276,STAR EXPRESS #5,US-301 & SR-648,Petersburg,VA,37.22793,-77.40193,3.0490,3.0490,3.0490,1,city
70277,KWIK TRIP #595,SR-46,Amery,WI,45.30691,-92.36214,3.5607,3.5607,3.5607,1,city
70278,KWIK TRIP #923,"I-41, EXIT 146 & CR-N",Little Chute,WI,44.27999,-88.31844,3.2690,3.2690,3.2690,1,city
70279,KWIK TRIP #926,SR-19 & SR-21,New Prague,MN,44.5433,-93.57607,3.2907,3.2907,3.2907,1,city
70280,LOVES TRAVEL STOP #668,"I-25, EXIT 250 & SR-56",Berthoud,CO,40.30832,-105.08109,3.3907,3.3907,3.3907,1,city
70281,LOVES TRAVEL STOP #645,"I-75, EXIT 18",Monroe,MI,41.91643,-83.39771,3.4090,3.2390,3.5490,6,city
70282,PLEASANT SPRINGS TRAVEL,"I-39, EXIT 147 & CR-N",Cottage Grove,WI,43.07611,-89.19956,3.3907,3.3907,3.3907,1,city
70283,SPEEDWAY #3996,US-12 & SR-120,Round Lake,IL,42.35336,-88.09341,3.4490,3.3990,3.4790,3,city
70284,ROBINSON CORINTH IRVING,"I-395 N, EXIT 3",Corinth,ME,44.992,-68.962,3.9323,3.9323,3.9323,1,manual
70285,IRVING MAINWAY,SR-16 E,Dover Foxcroft,ME,45.18339,-69.22699,3.8657,3.8657,3.8657,1,city
70286,ROBINSONS IRVING,SR-7,Corinna,ME,44.92117,-69.26171,3.9323,3.9323,3.9323,1,city
70287,LOVES TRAVEL STOP #710,US-31 & SR 28,Tipton,IN,40.28226,-86.0411,3.8473,3.8473,3.8473,1,city
70291,LOVES TRAVEL STOP #723,"I-80, EXIT 310 & CR-322",Laramie,WY,41.31137,-105.5911,3.6157,3.6157,3.6157,1,city
70292,FLYING J #1171,I-15,Mesquite,NV,36.80553,-114.06719,3.7057,3.7057,3.7057,1,city
70293,KWIK TRIP #922,US-8,Cameron,WI,45.40857,-91.74406,3.6640,3.6640,3.6640,1,city
70295,SPEEDWAY #8080,I-69 & US-20,Angola,IN,41.63477,-84.99941,3.5990,3.5990,3.5990,1,city
70296,MAVERIK COUNTRY STORE #573,SR-68 & SR-154,Riverton,UT,40.52189,-111.9391,3.1357,3.1357,3.1357,1,city
70297,KWIK STAR #509,SR-169 & BUS-20,Fort Dodge,IA,42.49747,-94.16802,3.2023,3.2023,3.2023,1,city
70298,LOVES TRAVEL STOP #740,"I-95, EXIT 38 & SR-68",Yemassee,SC,32.69018,-80.85066,3.4190,3.4190,3.4190,1,city
70299,Mr Fuel Travel Center dba Pilot Express #1149,"I-295, EXIT 41 & SR-105",Jacksonville,FL,30.33218,-81.65565,3.2390,3.2390,3.2390,3,city
70300,PILOT DEALER #1194,I-10 & US-60,Phoenix,AZ,33.44838,-112.07404,6.0390,6.0390,6.0390,2,city
70301,GOLDEN GATE TRUCKSTOP,I-80 & SR-535,Elko,NV,40.83242,-115.76312,3.5990,3.5990,3.5990,1,city
70302,KWIK TRIP #117,CR-9 & CR-4,Duluth,MN,46.78327,-92.10658,3.4990,3.4990,3.4990,1,city
70303,Kwik Star #1004,US-63,Waterloo,IA,42.49276,-92.34296,3.5740,3.5740,3.5740,1,city
70304,Rusty Lantern,"I-95, EXIT 109A & SR-202",Augusta,ME,44.31062,-69.77949,3.8873,3.8873,3.8873,1,city
70305,LOVES TRAVEL STOP #737,I-40/US-270,El Reno,OK,35.53227,-97.95505,3.3440,3.3440,3.3440,1,city
70306,KWIK STAR #1001,US-6,Newton,IA,41.69971,-93.04798,3.2490,3.2490,3.2490,1,city
70307,KWIK TRIP #592,"I-35, EXIT 159 & CR-1",Rush City,MN,45.68551,-92.96549,3.3773,3.3773,3.3773,1,city
70308,KWIK TRIP #946,SR-32,Pulaski,WI,44.67222,-88.2426,3.4573,3.4573,3.4573,1,city
70309,PILOT #1165,SR-18 & SR-128,Jal,NM,32.11318,-103.19351,3.3657,3.3657,3.3657,1,city
70310,LANCASTER CONVENIENCE,US-2 & US-70,Lancaster,MA,42.45565,-71.67312,3.7057,3.7057,3.7057,1,city
70311,RACING MART,SR-8,Adams,MA,42.62425,-73.1176,3.6990,3.6990,3.6990,1,city
70313,Flyer's #3207,"SR-143, EXIT 2",Phoenix,AZ,33.44838,-112.07404,3.3890,3.3890,3.3890,1,city
70314,CASEYS #2721,US-34,Lincoln,NE,40.8,-96.66696,3.3365,3.3365,3.3365,1,city
70318,LOVES TRAVEL STOP #738,"I-30/US-67, EXIT 122 & SR-19/SR-11",Sulphur Springs,TX,33.13845,-95.60107,3.3090,3.3090,3.3090,1,city
70319,SPEEDWAY #3650,"I-76, EXIT 11 & SR-261",Wadsworth,OH,41.02561,-81.72985,3.6990,3.6990,3.6990,1,city
70320,SPEEDWAY #7177,"I-24, EXIT 158 & SR-27",Jasper,TN,35.07424,-85.62608,3.0140,3.0140,3.0140,1,city
70321,PILOT TRAVEL CENTER #1132,SR-171 & SR-78,Brawley,CA,32.97866,-115.53027,4.8290,4.7590,4.8990,4,city
70322,INDIAN HILL IRVING,SR 6,Greenville,ME,45.45949,-69.59061,3.8657,3.8657,3.8657,1,city
70323,LOVES TRAVEL STOP #750,I-74 EXIT 206,Oakwood,IL,40.11615,-87.77836,3.4890,3.3890,3.5890,3,city
70324,LOVES TRAVEL STOP #729,CR-17 & US-20,Goshen,IN,41.58227,-85.83444,3.7223,3.7223,3.7223,1,city
70325,KWIK STAR #927,US-169 & US-169 BUS/US-20 BUS,Fort Dodge,IA,42.49747,-94.16802,3.2023,3.2023,3.2023,1,city
70326,PILOT #1207,"I-20, EXIT 79 & SR-464",Monahans,TX,31.5943,-102.89265,3.4657,3.4657,3.4657,1,city
70328,Thorntons #7,US-12 & US-45,Franklin Park,IL,41.93531,-87.86562,3.3790,3.3290,3.6790,3,city
70329,1 STOP TRAVEL PLAZA,US-14 & US-83,Pierre,SD,44.36832,-100.35097,3.3823,3.3823,3.3823,1,city
70331,LOVES TRAVEL STOP #707,"I-64, EXIT 21",Covington,VA,37.79346,-79.99395,3.6490,3.6490,3.6490,1,city
70333,KWIK STAR #932,"I-80, EXIT 143 & CR-S14",Altoona,IA,41.64416,-93.46466,2.9590,2.9590,2.9590,1,city
70334,KWIK TRIP #1021,SR-11 & CR-E,Brodhead,WI,42.61834,-89.37623,3.4157,3.4157,3.4157,1,city
70336,SPEEDWAY #3962,"I-39,  EXIT 3 & SR-9",Roscoe,IL,42.41335,-89.00927,3.4690,3.4690,3.4690,1,city
70337,LOVES TRAVEL STOP #700,I-10 EXIT 404 & SR-467,Sonora,TX,30.56685,-100.64343,3.6473,3.6473,3.6473,1,city
70338,LOVES TRAVEL STOP #747,"I-75, EXIT 90",Sidney,OH,40.28422,-84.1555,3.3457,3.3457,3.3457,1,city
70340,PIT STOP,SR-53 & SR-74,Joliet,IL,41.52519,-88.0834,3.4990,3.4990,3.4990,1,city
70341,LOVES TRAVEL STOP #741,US-29,Reidsville,NC,36.35486,-79.66447,3.9990,3.9990,3.9990,1,city
70342,AF TRUCK CENTER,"I-294, EXIT 33 & SR-64",Melrose Park,IL,41.90059,-87.85673,3.4590,3.4590,3.4590,1,city
70343,PILOT TRAVEL CENTER #1103,"I-5, EXIT 208 & SR-530",Arlington,WA,48.19871,-122.12514,4.5590,4.5590,4.5590,1,city
70344,KWIK TRIP #928,US-169,Princeton,MN,45.56997,-93.58163,3.3990,3.3990,3.3990,1,city
70345,LOVES TRAVEL STOP #742,"I-196, EXIT 52",Holland,MI,42.78752,-86.10893,4.0890,4.0890,4.0890,1,city
70346,Kwik Star #924,SR-17 & US-20 EXIT 140,Webster City,IA,42.46942,-93.81605,3.2023,3.2023,3.2023,1,city
70349,WEIGELS #90,SR-139 & SR-66,Kodak,TN,35.97453,-83.62684,3.1990,3.1990,3.1990,1,city
70350,CIRCLE K #2741859,CR-802,Brownsville,TX,25.90175,-97.49748,3.0290,3.0290,3.0290,1,city
70351,MAVERIK COUNTRY STORE #606,US-91,Franklin,ID,42.01354,-111.80717,3.5790,3.5790,3.5790,1,city
70352,KWIK TRIP #1019,CR-5 & SR-65,Isanti,MN,45.49024,-93.24773,3.4740,3.4740,3.4740,1,city
70353,ASAP General Store #314,"US-62, US-81, SR-9",Chickasha,OK,35.05257,-97.93643,3.1323,3.1323,3.1323,1,city
70357,Certified Oil #400489,"I-71, EXIT 104",Columbus,OH,39.96118,-82.99879,3.4090,3.4090,3.4090,1,city
70358,FOOD N FUEL #25,SR-15 & US-12,Milbank,SD,45.21913,-96.63562,3.3690,3.3690,3.3690,1,city
70359,PILOT DEALER #1185,"I-15, EXIT 9   3",Littlefield,AZ,36.8872,-113.92969,3.6990,3.6890,3.7090,2,city
70360,MAVERIK COUNTRY STORE #595,"I-84, EXIT 28",Caldwell,ID,43.66294,-116.68736,3.3690,3.3690,3.3690,1,city
70361,MAVERIK COUNTRY STORE #599,US-89 & CR-122,Thayne,WY,42.92076,-111.00216,3.6690,3.6690,3.6690,1,city
70366,FAST STOP,US-41,Escanaba,MI,45.74525,-87.06458,3.3990,3.3990,3.3990,1,city
70371,KENT KWIK #440,US-277,Haskell,TX,33.1576,-99.7337,3.5390,3.5390,3.5390,1,city
70373,KWIK TRIP #791,US-45 & SR-54,New London,WI,44.39276,-88.73983,3.4840,3.4840,3.4840,1,city
70374,LOVES TRAVEL STOP #746,I-72 & SR-121,Decatur,IL,39.84031,-88.9548,3.4690,3.4490,3.4890,2,city
70375,QUIKTRIP #1853,US-81,Decatur,TX,33.23428,-97.58614,2.8990,2.8990,2.8990,1,city
70376,QUIKTRIP #1935,SR-183,Dallas,TX,32.78306,-96.80667,2.9757,2.9757,2.9757,1,city
70377,WEIGELS #81,I-81 & SR-32,Morristown,TN,36.21398,-83.29489,3.2590,3.2590,3.2590,1,city
70379,SPEEDWAY #7209,US-411 & SR-20,Cartersville,GA,34.16533,-84.80231,3.1157,3.1157,3.1157,1,city
70380,LOVES TRAVEL STOP #714,"I-85, EXIT 29",Charlotte,NC,35.22709,-80.84313,3.5223,3.5223,3.5223,1,city
70383,SPEEDWAY #4400,I-10 & SR-59,Loxley,AL,30.61825,-87.75305,3.2823,3.2823,3.2823,1,city
70385,LONGHORN EXPRESS,US-70,Ardmore,OK,34.17426,-97.14363,3.0090,3.0090,3.0090,1,city
70388,PILOT #1205,"I-20, EXIT 80",Monahans,TX,31.5943,-102.89265,3.4657,3.4657,3.4657,1,city
70389,PILOT #1145,SR-191,Midland,TX,31.99735,-102.07791,3.5657,3.5657,3.5657,1,city
70390,FLYING J #1206,SR-302 & CR-313,Kermit,TX,31.85763,-103.09267,3.2557,3.2557,3.2557,1,city
70391,MACH 1 #12,I-57 EXIT 65,West Frankfort,IL,37.89783,-88.93146,3.2490,3.1990,3.2990,2,city
70403,MAVERIK COUNTRY STORE #607,"I-90, EXIT 1",Post Falls,ID,47.71796,-116.95159,3.3757,3.3757,3.3757,1,city
70404,MAVERIK COUNTRY STORE #602,"I-25 EXIT, 138",Colorado Springs,CO,38.83388,-104.82136,3.2890,3.2890,3.2890,1,city
70405,LOVES TRAVEL STOP #760,SR-18 & SR-234,Eunice,NM,32.43734,-103.15908,3.3290,3.3290,3.3290,1,city
70406,LOVES TRAVEL STOP #754,SR-251,Rochelle,IL,41.92392,-89.06871,3.7990,3.7490,3.8490,2,city
70407,BOLLA MARKET,"I-495, EXIT 57",Islandia,NY,40.80426,-73.169,3.5990,3.5390,3.6390,3,city
70408,BOLLA MARKET,"I-495, EXIT 64",Medford,NY,40.8176,-73.00011,3.6390,3.5390,4.0390,3,city
70409,SPEEDWAY #6512,"I-196, EXIT 49 & SR-40",Holland,MI,42.78752,-86.10893,3.8990,3.8990,3.8990,1,city
70410,SPEEDWAY #4107,I-285 & US-78,Stone Mountain,GA,33.80816,-84.1702,3.5290,3.5290,3.5290,1,city
70411,MARATHON,SR-72,Elberton,GA,34.11159,-82.86863,3.8990,3.8990,3.8990,1,city
70413,CASEYS #3782,US-169 & SR-2,Mount Ayr,IA,40.71471,-94.23523,3.1640,3.1640,3.1640,1,city
70415,GARDEN TRUCK STOP,SR-55 /EXIT 35,Vineland,NJ,39.48623,-75.02573,3.9990,3.9990,3.9990,1,city
70416,ALLSUPS CONVENIENCE STORE #2361,US-54 & US-287,Stratford,TX,36.33614,-102.07212,2.9573,2.9573,2.9573,1,city
70417,CASEYS #3434,US-63,Denver,IA,42.67137,-92.3374,3.4990,3.4990,3.4990,1,city
70419,FUEL AMERICA TRAVEL CENTER,I-35 EXIT 24,Laredo,TX,27.50641,-99.50754,3.0990,3.0990,3.0990,1,city
70420,Circle K #2709302,SR-67,Decatur,AL,34.60593,-86.98334,3.5073,3.5073,3.5073,1,city
70421,CASEYS #3581,US-62/US-67,Corning,AR,36.40784,-90.57983,3.2823,3.2823,3.2823,1,city
70422,CIRCLE K #2741675,"I-10, EXIT 134",Tolleson,AZ,33.45004,-112.25932,3.5190,3.5190,3.5190,1,city
70423,LOVES TRAVEL STOP #763,I-90 & US-20,Hampshire,IL,42.0978,-88.53036,3.4890,3.4490,3.6490,5,city
70424,LOVES TRAVEL STOP #743,"I-75, EXIT 144A",Bridgeport,MI,43.35947,-83.88164,3.3890,3.2790,3.5890,5,city
70425,LOVES TRAVEL STOP #731,"I-79, EXIT 105 & SR-108",Slippery Rock,PA,41.06395,-80.05645,4.2490,4.2490,4.2490,1,city
70426,BISHOPS TRAVEL CENTER,US-27,Attapulgus,GA,30.74932,-84.48568,3.6990,3.6990,3.6990,1,city
70427,PARKERS #64 (DISCOUNT AVAILABLE),SR-307,Savannah,GA,32.08354,-81.09983,3.0323,3.0323,3.0323,1,city
70428,PARKERS #63 (DISCOUNT AVAILABLE),US-301,Jesup,GA,31.60785,-81.88634,3.1157,3.1157,3.1157,1,city
70429,BP,SR-76,Adel,GA,31.13727,-83.42408,2.9690,2.9690,2.9690,1,city
70430,SPRINT FOODS #715,I-520 & SR-56,Augusta,GA,33.47097,-81.97484,3.1923,3.1923,3.1923,1,city
70431,TA EXPRESS HOLSTEIN #941,I-20 E,Holstein,IA,42.48915,-95.545,3.5590,3.5590,3.5590,1,city
70432,GAS N WASH,SR-43,Frankfort,IL,41.49587,-87.84866,3.5490,3.4990,3.5990,2,city
70433,GAS N WASH,SR-126,Plainfield,IL,41.62697,-88.20395,3.5990,3.5990,3.5990,1,city
70434,HUCKS FOOD & FUEL #371,SR-148 & SR-142,Mount Vernon,IL,38.31727,-88.90312,3.0990,3.0990,3.0990,1,city
70436,CASEYS #3492,US-36,Marysville,KS,39.84111,-96.64724,3.2990,3.2990,3.2990,1,city
70437,Thorntons #155,"SR-1020 N, & SR1065 E",Louisville,KY,38.25424,-85.75941,2.9057,2.9057,2.9057,1,city
70438,BREAU BRIDGE TRUCKSTOP AND CASINO,SR-94,Breaux Bridge,LA,30.27353,-91.89928,3.2290,3.2290,3.2290,1,city
70439,CHEVRON,I-20 & SR-151,Arcadia,LA,32.54904,-92.92016,3.1890,3.1890,3.1890,1,city
70440,MOUND MINI MART,I-696,Warren,MI,42.49044,-83.01304,3.6990,3.6990,3.6990,1,city
70441,BREAK TIME #3165,US-50 & SR-13,Warrensburg,MO,38.76279,-93.73605,3.2923,3.2923,3.2923,1,city
70442,GOLDEN GATE PETRO,I-580 & US-50,Carson City,NV,39.1638,-119.7674,3.5990,3.5990,3.5990,1,city
70443,GLUCKSTADT FLEETWAY,"I-55, EXIT 112",Madison,MS,32.46181,-90.11536,3.1990,3.1990,3.1990,1,city
70445,CASEYS #3514,SR-1,Oakes,ND,46.13858,-98.09038,3.3823,3.3823,3.3823,1,city
70446,ALLSUPS CONVENIENCE STORE #2220,US-285,Loving,NM,32.28623,-104.09577,3.5990,3.5990,3.5990,1,city
70447,84 QUIK STOP,"I-84, EXIT 3 & US-6",New Hampton,NY,41.41093,-74.4071,3.5790,3.4590,3.6990,2,city
70448,CIRCLE K #4707623,"I-81, EXIT 31",Brewerton,NY,43.23812,-76.14076,4.0890,4.0890,4.0890,1,city
70450,QUEENSBURY,SR-149,Queensbury,NY,43.37729,-73.61317,3.7890,3.7890,3.7890,1,city
70452,LOVES TRAVEL STOP #749,SR-78,Westmorland,CA,33.03727,-115.62138,4.8190,4.7790,4.8890,4,city
70453,MARIETTA PETROLEUM,"I-35, EXIT 15 & SR-32",Marietta,OK,33.93704,-97.11668,2.9223,2.9223,2.9223,1,city
70454,DANDY MINI MART #36,US-220,Monroeton,PA,41.71258,-76.47466,4.0323,4.0323,4.0323,1,city
70455,RUTTERS #37,US-332/US-22 & SR-75,Mifflintown,PA,40.5698,-77.39693,4.0990,4.0990,4.0990,1,city
70456,RUTTERS #67,SR-16 & SR-75,Mercersburg,PA,39.82787,-77.90333,4.3990,4.3990,4.3990,1,city
70457,RUTTERS #15,"I-83, EXIT 22 & SR-4009",York,PA,39.9626,-76.72774,4.1990,4.1990,4.1990,1,city
70458,STOP-A MINIT,US-25 & SR-418,Pelzer,SC,34.64234,-82.45596,2.8990,2.8990,2.8990,1,city
70459,GET N GO #22,I-90 & SR-115,Sioux Falls,SD,43.54369,-96.72796,2.9390,2.9390,2.9390,1,city
70460,ALLSUPS CONVENIENCE STORE #2371,US-87,San Angelo,TX,31.46377,-100.43704,3.2057,3.2057,3.2057,1,city
70461,CIRCLE K #2741074,I-35 & FM-1103,New Braunfels,TX,29.703,-98.12445,2.8440,2.8440,2.8440,1,city
70463,CIRCLE K #2741496,US-290,Chappell Hill,TX,30.14272,-96.25691,2.9990,2.9990,2.9990,1,city
70464,GOLDEN GATE PETEROLEUM 24 RD,US-6,Grand Junction,CO,39.06387,-108.55065,3.5390,3.5390,3.5390,1,city
70466,Circle K #2741925,SR-19,Trinity,TX,30.94519,-95.3755,2.8990,2.8990,2.8990,1,city
70467,QUIKTRIP #598,"I-80, EXIT 439, SR-370",Omaha,NE,41.25626,-95.94043,2.9273,2.9273,2.9273,1,city
70468,CIRCLE K #2741325,I-14 & SR-121,Belton,TX,31.05601,-97.46445,2.8857,2.8857,2.8857,1,city
70469,TA EXPRESS #286,I-30 & SR-423,Mount Vernon,TX,33.18873,-95.22133,3.2990,3.2990,3.2990,1,city
70472,SHELL/ONE9 #1304,I-820 & CR-156,Fort Worth,TX,32.72541,-97.32085,2.8923,2.8923,2.8923,1,city
70474,EXXON,"I-30, EXIT 42A",Dallas,TX,32.78306,-96.80667,3.4990,3.4990,3.4990,1,city
70476,KWIK TRIP #1037,SR-65/23,Mora,MN,45.8769,-93.29384,3.3940,3.3940,3.3940,1,city
70478,TA Express Salina,"I-70, EXIT 56",Salina,UT,38.95774,-111.85993,3.6490,3.6490,3.6490,1,city
70479,CROSSROADS MARKET,US-60 & SR-657,Gladstone,VA,37.54681,-78.84946,3.4390,3.4390,3.4390,1,city
70480,BIG B TRUCK STOP,"I-90, EXIT 321",Sprague,WA,47.30016,-117.97551,3.8990,3.8990,3.8990,1,city
70481,GOHL POST BP,"I-39, EXIT 100",Endeavor,WI,43.71581,-89.46623,3.1757,3.1757,3.1757,1,city
70482,BIG D OIL #19,SR-259 & SR-387,Midwest,WY,43.41136,-106.28002,3.4590,3.4590,3.4590,1,city
70483,BOLLA MARKET,SR-27 & CR-47,Copiague,NY,40.68149,-73.39984,3.4190,3.3990,3.4390,2,city
70484,ALLSUPS CONVENIENCE STORE #2117,SR-18 & CR-97,Lovington,NM,32.94401,-103.34855,3.1040,3.1040,3.1040,1,city
70485,ALLSUPS CONVENIENCE STORE #2145,SR-132,Hobbs,NM,32.70261,-103.13604,3.3823,3.3823,3.3823,1,city
70488,ALLSUPS CONVENIENCE STORE #2365,US-380 & SR-214,Plains,TX,33.18871,-102.82799,3.3690,3.3690,3.3690,1,city
70491,MFA OIL PETRO CARD 24,US-36,Hamilton,MO,39.74362,-93.99827,3.2407,3.2407,3.2407,1,city
70492,KWIK TRIP #1033,US-51 EXIT 191B,Wausau,WI,44.95914,-89.63012,3.4540,3.4540,3.4540,1,city
70493,LOVES TRAVEL STOP #759,US-63/SR-11,Hazen,AR,34.78093,-91.58097,3.2257,3.2257,3.2257,1,city
70494,7-ELEVEN #37570,I-76/US-6,Commerce City,CO,39.80832,-104.93387,3.6390,3.6390,3.6390,1,city
70495,LOVES TRAVEL STOP #689,US-65 & US-82,Lake Village,AR,33.32873,-91.28178,3.2690,3.2690,3.2690,1,city
70496,KWIK TRIP #1015,"I-43, EXIT 171",Denmark,WI,44.34777,-87.82732,3.3623,3.3623,3.3623,1,city
70498,KWIK TRIP #939,"SR-29, EXIT 101",Stanley,WI,44.95997,-90.93708,3.4690,3.4690,3.4690,1,city
70500,STRIPES 7FLEET #42526,SR-289,Lubbock,TX,33.57786,-101.85517,3.0557,3.0557,3.0557,1,city
70501,STRIPES 7FLEET #42527,SR-191 & US-349,Midland,TX,31.99735,-102.07791,3.4723,3.4723,3.4723,1,city
70502,STRIPES 7FLEET #42532,SR-302 & FM-1936,Odessa,TX,31.84568,-102.36764,3.0990,3.0990,3.0990,1,city
70503,STRIPES 7FLEET #42491,US-67 & SR-137,Big Lake,TX,31.19154,-101.46039,3.5490,3.5490,3.5490,1,city
70505,STRIPES #42593,LOOP 289 & MLK BLVD,Lubbock,TX,33.57786,-101.85517,2.9657,2.9657,2.9657,1,city
70507,ALLSUPS CONVENIENCE STORE #2154,SR-206 / US-283,Coleman,TX,31.82737,-99.42645,3.1590,3.1590,3.1590,1,city
70508,7-ELEVEN #34715,I-294 EXIT 20,Schiller Park,IL,41.95586,-87.8709,4.5790,4.5790,4.5790,1,city
70509,ALLSUPS CONVENIENCE STORE #2108,US-377 & US-183,Early,TX,31.7421,-98.94561,2.9323,2.9323,2.9323,1,city
70510,ALLSUPS CONVENIENCE STORE #2147,SR-6 & CR-454,De Leon,TX,32.11097,-98.53588,3.1590,3.1590,3.1590,1,city
70516,STRIPES 7FLEET #42528,"I-20, EXIT 217 & SR-139",Colorado City,TX,32.38817,-100.86456,2.8990,2.8990,2.8990,1,city
70527,THORNTONS #164,I-65 EXIT 16 & US-31,Memphis,IN,38.4834,-85.76163,3.6257,3.6257,3.6257,1,city
70530,LOVES TRAVEL STOP #767,FM-511 & SR-48,Brownsville,TX,25.90175,-97.49748,3.1557,3.1557,3.1557,1,city
70538,SPEEDWAY #9329,"I-64 EXIT 43, SR 395 & 2823",Waddy,KY,38.13702,-85.0744,3.1490,3.1490,3.1490,1,city
70539,PILOT TRAVEL CENTER #1174,"I-70/SR-1, EXIT 147",Marshall,IL,39.39143,-87.69364,3.3590,3.2990,3.4990,5,city
70540,LOVES TRAVEL STOP #674,US-27 & SR-60,Lake Wales,FL,27.90141,-81.58591,3.5523,3.5523,3.5523,1,city
70541,Kwik Star#1012,US-71 & SR-9,Spirit Lake,IA,43.42218,-95.10222,3.2990,3.2990,3.2990,1,city
70543,ALLSUPS CONVENIENCE STORE #2078,US-60,White Deer,TX,35.43532,-101.17294,2.9690,2.9690,2.9690,1,city
70544,ALLSUPS CONVENIENCE STORE #2100,US-87,Odonnell,TX,32.96371,-101.83265,3.0990,3.0990,3.0990,1,fuzzy
70545,ALLSUPS CONVENIENCE STORE #2205,SR-83,Denver City,TX,32.96455,-102.8291,3.3657,3.3657,3.3657,1,city
70546,ALLSUPS CONVENIENCE STORE #2370,US-287 & SR-70,Clarendon,TX,34.93783,-100.8882,2.9290,2.9290,2.9290,1,city
70547,ALLSUPS CONVENIENCE STORE #2140,SR-114,Bridgeport,TX,33.21012,-97.75476,2.8990,2.8990,2.8990,1,city
70548,ALLSUPS CONVENIENCE STORE #2114,US-84,Muleshoe,TX,34.22647,-102.72383,3.1907,3.1907,3.1907,1,city
70549,ALLSUPS CONVENIENCE STORE #2194,214 PLAINS HIGHWAY,Denver City,TX,32.96455,-102.8291,3.3823,3.3823,3.3823,1,city
70550,TEXACO #379545,US-290,Giddings,TX,30.18272,-96.93637,3.3990,3.3990,3.3990,1,city
70551,KWIK TRIP #1047,SR-100 & SR-59,Milwaukee,WI,43.0389,-87.90647,3.5407,3.5407,3.5407,1,city
70552,KWIK TRIP #941,US-2,Duluth,MN,46.78327,-92.10658,3.4990,3.4990,3.4990,1,city
70553,KWIK TRIP #1028,US-59,Worthington,MN,43.61996,-95.5964,3.1657,3.1657,3.1657,1,city
70554,HORSESHOE CONVENIENCE,SR 302 & IC 200,Mentone,TX,31.70513,-103.59935,3.1073,3.1073,3.1073,1,city
70555,THORNTONS #615,I-40 EXIT 188,Kingston Springs,TN,36.102,-87.11501,2.9823,2.9823,2.9823,1,city
70556,ZIP ZONE EXPRESS,US-23,Catlettsburg,KY,38.4048,-82.60044,3.6990,3.6990,3.6990,1,city
70557,LOVES TRAVEL STOP #727,"I-44, EXIT 283 & US-69",Big Cabin,OK,36.53787,-95.22136,3.4123,3.4123,3.4123,1,city
70558,LOVES TRAVEL STOP #752,"I-43, EXIT 25 & SR-67",Elkhorn,WI,42.67279,-88.54454,3.2407,3.2407,3.2407,1,city
70559,KWIK TRIP #1026,"HWY-23/ HWY-169, EXIT 23",Milaca,MN,45.7558,-93.65441,3.3690,3.3690,3.3690,1,city
70560,PILOT DEALER #1235,"I-8, EXIT 42",Tacna,AZ,32.69755,-113.95354,3.6290,3.5990,3.6590,2,city
70561,PILOT #1143,I-20 & SR-302,Odessa,TX,31.84568,-102.36764,3.5990,3.5990,3.5990,1,city
70562,SPEEDWAY #7161,I-65 & US-31,Portland,TN,36.58171,-86.51638,3.0240,3.0240,3.0240,1,city
70563,PILOT DEALER #1234,US-93 & CR-145,Willow Beach,AZ,35.866,-114.664,3.8690,3.8390,3.8990,2,manual
70564,SPEEDWAY #7236,"I-90/SR-2, EXIT 151",Avon,OH,41.45171,-82.03542,3.6590,3.6590,3.6590,1,city
70565,Kwik Star #1025,SR-9/SR-4,Estherville,IA,43.40163,-94.83276,3.3323,3.3323,3.3323,1,city
70567,LEDGEWOOD BP,I-80/SR-46,Ledgewood,NJ,40.88121,-74.65599,3.2990,3.2990,3.2990,1,city
70571,LOVES TRAVEL STOP #748,"I-90, I-80 & SR-49",Edon,OH,41.55644,-84.76885,3.8873,3.8873,3.8873,1,city
70572,LOVES TRAVEL STOP #745,I-94,Saint Clair,MI,42.82087,-82.48602,3.9490,3.9490,3.9490,1,city
70573,KWIK TRIP #1038,US-12,Prairie Du Sac,WI,43.28693,-89.72401,3.4840,3.4840,3.4840,1,city
70574,SPEEDWAY #3961,"I-55, EXIT 109",Williamsville,IL,39.95422,-89.54871,3.2990,3.2990,3.2990,1,city
70575,SPEEDWAY #6721,SR 51,Mc Kees Rocks,PA,40.46562,-80.06561,3.8990,3.8990,3.8990,1,fuzzy
70576,KWIK TRIP #593,"I-94, EXIT 41 & SR-25",Menomonie,WI,44.87552,-91.91934,3.5740,3.5740,3.5740,1,city
70577,SPEEDWAY #3715,US-30,Crest Hill,IL,41.55475,-88.09867,3.3290,3.2990,3.3590,2,city
70578,COMMON CENTS #125,"I-90/US-14, EXIT 61",Rapid City,SD,44.08054,-103.23101,3.2073,3.2073,3.2073,1,city
70579,Exxon/One9 #1338,I-35 & CR-372,Jarrell,TX,30.82491,-97.60445,2.8857,2.8857,2.8857,1,city
70580,LOVES TRAVEL STOP #753,I-90 EXIT 96 & SR-474,Missoula,MT,46.87215,-113.994,3.6740,3.6740,3.6740,1,city
70581,LOVES TRAVEL STOP #773,"SR-14 & I-59/20, EXIT 40",Eutaw,AL,32.84059,-87.88762,3.1373,3.1373,3.1373,1,city
70582,Kwik Star #1039,I-80 EXIT 301,Bettendorf,IA,41.52448,-90.51569,3.6490,3.6490,3.6490,1,city
70583,LOVES TRAVEL STOP #783,US-60 & US-63,Willow Springs,MO,36.99228,-91.96987,3.4190,3.4190,3.4190,1,city
70584,PILOT TRAVEL CENTER #1209,"I-20, EXIT 136 & SR-349",Midland,TX,31.99735,-102.07791,3.5657,3.5657,3.5657,1,city
70585,PILOT TRAVEL CENTER #1211,US-385 & CR-1910,Andrews,TX,32.31872,-102.54572,3.6390,3.6390,3.6390,1,city
70586,MAVERIK COUNTRY STORE #610,I-80,Winnemucca,NV,40.97296,-117.73568,3.3890,3.3890,3.3890,1,city
70587,MAVERIK COUNTRY STORE #623,US-89,Gunnison,UT,39.15524,-111.81826,3.4190,3.4190,3.4190,1,city
70588,SPEEDWAY #7217,I-70 EXIT 49,Smithton,PA,40.15396,-79.74115,3.9157,3.9157,3.9157,1,city
70590,CIRCLE K #2722291,US-1 & SR-206,Saint Augustine,FL,29.89469,-81.31452,3.3790,3.3790,3.3790,1,city
70591,SPEEDWAY #6465,"I-77, EXIT 101",Canton,OH,40.79895,-81.37845,3.6073,3.6073,3.6073,1,city
70592,LOVES TRAVEL STOP #751,"I-20, EXIT 87",Elgin,SC,34.67293,-80.71896,3.4257,3.4257,3.4257,1,city
70593,LOVES TRAVEL STOP #735,I-75/SR-401,Calhoun,GA,34.50259,-84.95105,3.2790,3.2790,3.2790,1,city
70595,SPEEDWAY #6509,"I-74, EXIT 206",Oakwood,IL,40.11615,-87.77836,3.2990,3.1990,3.3490,3,city
70596,SPEEDWAY #7208,I-85 EXIT 137,Jefferson,GA,34.11705,-83.57239,3.1190,3.1190,3.1190,1,city
70597,SPEEDWAY #9394,SR-4 & US-25,Lexington,KY,37.98869,-84.47772,3.1290,3.1290,3.1290,1,city
70598,SPEEDWAY #7175,US-78 & SR-175,Memphis,TN,35.14953,-90.04898,3.1990,3.1990,3.1990,1,city
70599,Jet Food Store,US-278,Warrenton,GA,33.40708,-82.66208,3.4157,3.4157,3.4157,1,city
70600,KWIK STAR #1027,US-65,Mason City,IA,43.15357,-93.20104,3.2640,3.2640,3.2640,1,city
70601,24/7 TRAVEL STORE,I-70 EXIT 275,Abilene,KS,38.91722,-97.21391,2.9940,2.9940,2.9940,1,city
70603,ROAD RANGER #277,"I-30, EXIT 201 & SR-8",New Boston,TX,33.45984,-94.41548,3.0807,3.0807,3.0807,1,city
70604,KWIK STAR #940,US-69 & SR-9,Forest City,IA,43.26246,-93.63716,3.4490,3.4490,3.4490,1,city
70605,SPEEDWAY #1042,"I-55 & SR-50, EXIT 286",Cicero,IL,41.84559,-87.75394,3.5840,3.5690,3.5990,2,city
70606,SPEEDWAY #7179,"I-65 & SR-101, EXIT 38",Smiths Grove,KY,37.05255,-86.20776,3.0657,3.0657,3.0657,1,city
70607,SPEEDWAY #8544,"I-55 & US-6, EXIT 24B",Channahon,IL,41.42948,-88.22867,3.2740,3.2490,3.2990,2,city
70608,KWIK TRIP #1017,US-10/SR-47,Anoka,MN,45.19774,-93.38718,3.6240,3.6240,3.6240,1,city
70609,JP TRAVEL PLAZA,"I-75, EXIT 205 & SR-16",Jackson,GA,33.29457,-83.96602,3.1590,3.1590,3.1590,1,city
70611,Shell,US-6 & SR-3,Kendallville,IN,41.44144,-85.26498,3.4990,3.4990,3.4990,1,city
70612,SHREES TRUCK STOP #2,I-90 EXIT 101,Thorp,WA,47.0679,-120.67118,3.8390,3.8090,3.8590,3,city
70615,THORNTONS #0334,I-57 EXIT 350 & SR-83,Posen,IL,41.6317,-87.68144,3.3990,3.3990,3.3990,1,city
70617,QUIKTRIP #224,"I-435, EXIT 57",Kansas City,MO,39.09973,-94.57857,3.0990,3.0990,3.0990,1,city
70618,LOVES TRAVEL STOP #744,"I-270 N, EXIT 49",Lockbourne,OH,39.80923,-82.9724,3.4557,3.4557,3.4557,1,city
70619,KWIK TRIP #1049,US-212 & CR-68,Glencoe,MN,44.76913,-94.15164,3.5240,3.5240,3.5240,1,city
70620,LOVES TRAVEL STOP #779,I-30 EXIT 97,Malvern,AR,34.36231,-92.81295,3.4990,3.4990,3.4990,1,city
70621,FRIENDLY GUS STORE #24,I-16 EXIT 53 & SR-19,Dublin,GA,32.54044,-82.90375,3.3990,3.3990,3.3990,1,city
70622,SPEEDWAY #6781,US-422,Douglassville,PA,40.25787,-75.7263,3.7990,3.7990,3.7990,1,city
70623,SPEEDWAY #1127,"I-55, EXIT 267 & SR-53",Bolingbrook,IL,41.69864,-88.0684,3.4440,3.2990,3.5890,2,city
70624,KWIK STAR #929,I-74 EXIT 2,Bettendorf,IA,41.52448,-90.51569,3.5990,3.5990,3.5990,1,city
70625,BROWNVILLE IRVING,SR-11,Brownville,ME,45.307,-69.03337,3.9323,3.9323,3.9323,1,city
70626,GOLDEN GATE PETROLEUM,"I-70, EXIT 97",Silt,CO,39.54859,-107.65617,3.4590,3.4590,3.4590,1,city
70628,PILOT #1195,"I-90, EXIT 106",Ellensburg,WA,46.99651,-120.54785,3.8790,3.8390,3.9590,4,city
70629,KWIK TRIP #930,"I-35, EXIT 147 & SR-95",North Branch,MN,45.51135,-92.98022,3.4023,3.4023,3.4023,1,city
70630,SPEEDWAY #3632,"I-76, EXIT 33 & SR-43",Kent,OH,41.15367,-81.35789,3.5323,3.5323,3.5323,1,city
70632,CIRCLE K #4706705,SR-394,Crete,IL,41.44448,-87.63143,3.4990,3.4990,3.4990,1,city
70634,CORNER MARKET #101,US-83 & SR-96,Scott City,KS,38.48252,-100.90709,3.3590,3.3590,3.3590,1,city
70635,CIRCLE K #4705706,US-224 & SR-99,Willard,OH,41.05311,-82.72629,3.5990,3.5990,3.5990,1,city
70637,CIRCLE K #2704111,I-2/US-83 & CR-493,Donna,TX,26.17035,-98.05195,3.0090,3.0090,3.0090,1,city
70638,LOVES TRAVEL STOP #769,"I-70, EXIT 358A & US-75",Topeka,KS,39.04833,-95.67804,3.2840,3.2840,3.2840,1,city
70640,LOVES TRAVEL STOP #794,SR-3/SR-33,Watonga,OK,35.84477,-98.41313,3.3757,3.3757,3.3757,1,city
70641,LOVES TRAVEL STOP #706,"I-81/I-64, EXIT 213",Staunton,VA,38.14991,-79.0732,3.6490,3.6490,3.6490,1,city
70642,LOVES TRAVEL STOP #776,"I-20, EXIT 15",Vicksburg,MS,32.35265,-90.87788,3.5490,3.5490,3.5490,1,city
70643,LOVES TRAVEL STOP #774,US-431/CR-248,Smiths Station,AL,32.54014,-85.09855,3.1940,3.1940,3.1940,1,city
70644,KWIK TRIP #1031,I-494 EXIT 20,Delano,MN,45.04191,-93.78913,3.5240,3.5240,3.5240,1,city
70645,QUIKTRIP #4048,"I-410, EXIT164B",San Antonio,TX,29.42412,-98.49363,2.9657,2.9657,2.9657,1,city
70646,KWIK TRIP #1051,I-43 & CR-N,Green Bay,WI,44.51916,-88.01983,3.4407,3.4407,3.4407,1,city
70647,PILOT #1227,I-20 EXIT 66,Pyote,TX,31.53486,-103.12627,3.4657,3.4657,3.4657,1,city
70648,BARRINGTON APPLEGREEN,SR-125 & SR-9,Barrington,NH,43.22286,-71.04701,3.8990,3.8990,3.8990,1,city
70649,KWIK TRIP #931,SR-95,North Branch,MN,45.51135,-92.98022,3.4273,3.4273,3.4273,1,city
70650,MAVERIK COUNTRY STORE #581,"I-15 N, EXIT 334 & SR-193",Clearfield,UT,41.11078,-112.02605,3.3357,3.3357,3.3357,1,city
70651,WALBURG TRAVEL CENTER,"I-35, EXIT 266",Georgetown,TX,30.63269,-97.67723,2.8323,2.8323,2.8323,1,city
70652,ROADYS MACH 1 #14,I-57 EXIT 94,Mount Vernon,IL,38.31727,-88.90312,3.1990,3.0990,3.2990,3,city
70653,MACH 1 #24,I-74 EXIT 215A & SR-1,Tilton,IL,40.09531,-87.64752,3.2490,3.1990,3.2990,2,city
70654,PILOT DEALER #1269,I-10 EXIT 378,San Simon,AZ,32.26786,-109.22756,3.3215,3.3090,3.3340,2,city
70655,GOLDEN GATE PETROLEUM,US-6,Grand Junction,CO,39.06387,-108.55065,3.4990,3.4990,3.4990,1,city
70656,LOVES TRAVEL STOP #757,"US-23, EXIT 25",Milan,MI,42.08532,-83.68244,3.5740,3.4890,3.6490,4,city
70657,INTERFUEL,I-96 EXIT 167,Springfield,VA,38.78928,-77.1872,3.8990,3.8990,3.8990,1,city
70658,CASEYS #3708,SR-235,New Carlisle,OH,39.93617,-84.02549,3.2590,3.2590,3.2590,1,city
70660,CASEYS #3852,"I-35, EXIT 33 & US-34",Creston,IA,41.0586,-94.36135,3.3490,3.3490,3.3490,1,city
70661,CASEYS #3238,US-52 EXIT 64 & CR-12,Oronoco,MN,44.16608,-92.53491,3.5157,3.5157,3.5157,1,city
70662,GETGO #3202,I-79 EXIT 183A,Erie,PA,42.12922,-80.08506,3.8990,3.8990,3.8990,1,city
70663,LENNYS GAS N WASH BOURBONNAIS,US-45/US-52,Bourbonnais,IL,41.15376,-87.88754,3.3490,3.2990,3.3990,2,city
70665,POCO LOCO MARKET,I-35 EXIT 219,Buda,TX,30.08521,-97.84028,2.8923,2.8923,2.8923,1,city
70666,Thorntons #322,"I-55, EXIT 288",Chicago,IL,41.85003,-87.65005,3.5990,3.5990,3.5990,1,city
70667,EZ TRIP #1226,"I-84, EXIT 104 & US-97",Wasco,OR,45.59179,-120.69811,3.2390,3.2390,3.2390,1,city
70668,LOVES TRAVEL STOP #784,US-30 & CR-9,Schuyler,NE,41.44723,-97.05948,3.2823,3.2823,3.2823,1,city
70669,TA EXPRESS BIGGS,"I-84, EXIT 104 & US-97",Wasco,OR,45.59179,-120.69811,3.1990,3.1990,3.1990,1,city
70670,MAVERIK COUNTRY STORE #625,"I-215, EXIT 27 & CR-68",North Salt Lake,UT,40.84856,-111.90688,3.4423,3.4423,3.4423,1,city
70673,PAC PRIDE,SR-202,Mesa,AZ,33.42227,-111.82264,4.0240,4.0240,4.0240,1,city
70674,ALLTOWN FRESH #769,SR-111,Ayer,MA,42.5612,-71.58979,3.6490,3.6490,3.6490,1,city
70676,PAC PRIDE,"I-10, EXIT 138",Phoenix,AZ,33.44838,-112.07404,4.0365,4.0365,4.0365,1,city
70677,PAC PRIDE,US-60,Glendale,AZ,33.53865,-112.18599,4.0240,4.0240,4.0240,1,city
70679,PAC PRIDE,"I-10, EXIT 151",Phoenix,AZ,33.44838,-112.07404,4.0240,4.0240,4.0240,1,city
70680,PAC PRIDE,"I-17, EXIT 215B",Phoenix,AZ,33.44838,-112.07404,4.0240,4.0240,4.0240,1,city
70681,PETRO STOP,US-60,Mesa,AZ,33.42227,-111.82264,4.0157,4.0157,4.0157,1,city
70682,LOVES TRAVEL STOP #758,"I-255/US-50, EXIT 15",East Saint Louis,IL,38.6245,-90.15094,3.5390,3.3790,3.6890,4,city
70686,HOLIDAY STATIONSTORE #2746471,US-12,Hudson,WI,44.97469,-92.75687,3.5390,3.5390,3.5390,1,city
70687,RUTTERS #87,"I-99, EXIT 78B & SR-150",Bellefonte,PA,40.91339,-77.77833,4.0157,4.0157,4.0157,1,city
70691,QUIKTRIP #4049,"I-10/US-90, EXIT 583",San Antonio,TX,29.42412,-98.49363,2.9657,2.9657,2.9657,1,city
70692,RUTLAND ROUTE 7 IRVING,US-4 & US-7,Rutland,VT,43.61062,-72.97261,3.6990,3.6990,3.6990,1,city
70693,MAPCO #3507,US-76 & SR-71,Dalton,GA,34.7698,-84.97022,3.1190,3.1190,3.1190,1,city
70695,ALLSUPS CONVENIENCE STORE #2132,US-54 & US-380,Carrizozo,NM,33.64174,-105.87721,3.2823,3.2823,3.2823,1,city
70696,DK #11822,I-20 EXIT 131,Midland,TX,31.99735,-102.07791,2.8573,2.8573,2.8573,1,city
70698,ALLSUPS CONVENIENCE STORE #2038,US-54,Logan,NM,35.36533,-103.41079,3.1990,3.1990,3.1990,1,city
70699,QUIK STOP,US-79,Paris,TN,36.302,-88.32671,2.9590,2.9590,2.9590,1,city
70700,PATRIOT FUELING CENTER,US-231/SR-9,Wetumpka,AL,32.54374,-86.21191,3.1990,3.1990,3.1990,1,city
70704,KUM & GO #0702,"I-44, EXIT 6 & SR-86",Joplin,MO,37.08423,-94.51328,3.0090,3.0090,3.0090,1,city
70705,CASEYS #3464,SR-48 & CR-10,Morrisonville,IL,39.42005,-89.45565,3.9590,3.7590,3.9990,3,city
70706,BIG APPLE TRAVEL CENTER,I-44/US-71,Joplin,MO,37.08423,-94.51328,3.2123,3.2123,3.2123,1,city
70707,TA Express West Point #283,"I-85/SR-403, EXIT 2 & SR-18",West Point,GA,32.87791,-85.18327,3.6657,3.6657,3.6657,1,city
70708,LOVES TRAVEL STOP #785,"I-96, EXIT 90",Grand Ledge,MI,42.75337,-84.74638,3.9490,3.9490,3.9490,1,city
70709,VP Racing Fuels,SR-19,Center,MO,39.5081,-91.52877,3.1657,3.1657,3.1657,1,city
70710,LOVES TRAVEL STOP #799,US-72 & SR-15,Walnut,MS,34.9462,-88.89978,3.5590,3.5590,3.5590,1,city
70711,LOVES TRAVEL STOP #762,FM-1472,Laredo,TX,27.50641,-99.50754,3.2557,3.2557,3.2557,1,city
70714,PILOT TRAVEL CENTER #1281,US-89,Page,AZ,36.91472,-111.45583,3.9990,3.9990,3.9990,2,city
70717,Certified Oil #400491,I-270 EXIT 52,Columbus,OH,39.96118,-82.99879,3.2023,3.2023,3.2023,1,city
70718,ROAD RANGER #278,"I-40, EXIT 216 & US-49",Brinkley,AR,34.88787,-91.19457,3.1990,3.1990,3.1990,1,city
70719,FAST LANE #31,"I-70, EXIT 183",Jonesburg,MO,38.85338,-91.30599,3.2990,3.2990,3.2990,1,city
70720,SPEEDWAY #4453,SR-23,Sauk Rapids,MN,45.59191,-94.1661,3.1890,3.1890,3.1890,1,city
70722,SPEEDWAY #9935,I-90 EXIT 35 & SR-298,Syracuse,NY,43.04812,-76.14742,4.0990,4.0990,4.0990,1,city
70723,SPEEDWAY #9932,I-99 EXIT 8 & SR-417,Painted Post,NY,42.16202,-77.09414,4.0990,4.0990,4.0990,1,city
70724,LOVES TRAVEL STOP #790,"I-95, EXIT108",Summerton,SC,33.60822,-80.3512,3.5090,3.5090,3.5090,1,city
70725,LOVES TRAVEL STOP #782,"I-24 & US-41, EXIT 86",Oak Grove,KY,37.34421,-86.75471,3.1423,3.1423,3.1423,1,city
70726,CASEYS #1195,US-36,Belleville,KS,39.82445,-97.63254,3.3390,3.3390,3.3390,1,city
70727,CASEYS #2998,US-75 & SR-23,Pipestone,MN,44.00053,-96.31753,3.4490,3.4490,3.4490,1,city
70728,CASEYS #3245,US-81,Freeman,SD,43.35249,-97.43729,3.2990,3.2990,3.2990,1,city
70729,CASEYS #3785,US-14,Fort Pierre,SD,44.35359,-100.37374,3.3990,3.3990,3.3990,1,city
70730,CASEYS #3855,US-81,Yankton,SD,42.87111,-97.39728,3.1390,3.1390,3.1390,1,city
70731,PILOT TRAVEL CENTERS #1181,IL-38 E,Rochelle,IL,41.92392,-89.06871,3.7590,3.7590,3.7590,2,city
70732,MAVERIK COUNTRY STORE #627,I-15 EXIT 303,Salt Lake City,UT,40.76078,-111.89105,3.4423,3.4423,3.4423,1,city
70733,CASEYS #1607,US-63,Macon,MO,39.74226,-92.47269,3.2907,3.2907,3.2907,1,city
70735,CASEYS #1778,SR-267/SR-111,Brighton,IL,39.03977,-90.14066,3.2790,3.2390,3.2990,5,city
70736,CASEYS #1941,"I-35, EXIT 90 & SR-160",Ankeny,IA,41.72971,-93.60577,3.1390,3.1390,3.1390,1,city
70737,CASEYS #2272,I-80/US-6 EXIT 155 & SR-117,Colfax,IA,41.67777,-93.2452,3.0990,3.0990,3.0990,1,city
70738,QUIKTRIP #7061,I-49 EXIT 39A,Joplin,MO,37.08423,-94.51328,3.0223,3.0223,3.0223,1,city
70739,CASEYS #2602,US-36/SR-5 & SR-11,Brookfield,MO,39.78447,-93.07353,3.2490,3.2490,3.2490,1,city
70740,JACK FLASH,"I-70, EXIT 82 & SR 128",Altamont,IL,39.06199,-88.74811,3.1490,3.0990,3.1990,2,city
70741,CASEYS #3590,US-27,Geneva,IN,40.59199,-84.95719,3.5940,3.5940,3.5940,1,city
70742,CASEYS #3653,SR-14,Greene,IA,42.89581,-92.80242,3.5990,3.5990,3.5990,1,city
70743,CASEYS #3659,US-10 & SR-115,Randall,MN,46.09108,-94.50362,3.4857,3.4857,3.4857,1,city
70744,CASEYS #3686,I-80 EXIT 81,Utica,IL,41.34059,-89.01008,2.9990,2.9690,3.1590,3,city
70745,CASEYS #3752,",",Mountain Lake,MN,43.93885,-94.92971,3.4023,3.4023,3.4023,1,city
70746,CASEYS #3085,US-34 & SR-14,Aurora,NE,40.86723,-98.00422,3.0990,3.0990,3.0990,1,city
70747,CASEYS #3702,US-377/SR-99 & SR-9,Seminole,OK,35.22452,-96.67057,3.0257,3.0257,3.0257,1,city
70748,CASEYS #3717,US-218,Vinton,IA,42.16861,-92.02351,3.1990,3.1990,3.1990,1,city
70749,CASEYS #3719,US-160,Ulysses,KS,37.58141,-101.35517,3.4090,3.4090,3.4090,1,city
70750,CASEYS #3787,"I-35, EXIT 222",Blackwell,OK,36.80448,-97.28282,2.9990,2.9990,2.9990,1,city
70751,CASEYS #3795,"I-43, EXIT 96",Saukville,WI,43.38167,-87.94065,3.2890,3.2890,3.2890,1,city
70752,CASEYS #3755,SR-7/SR-27,Russellville,AR,35.27842,-93.13379,3.4190,3.4190,3.4190,1,city
70753,CASEYS #3798,"I-44, EXIT 211",Drumright,OK,35.9884,-96.60113,3.1190,3.1190,3.1190,1,city
70754,CASEYS #3758,US-77,Douglass,KS,37.51946,-97.01281,3.2640,3.2640,3.2640,1,city
70755,CASEYS #3809,US-56 & SR-51,Hugoton,KS,37.1753,-101.3496,3.3923,3.3923,3.3923,1,city
70756,CASEYS #3780,US-40,Tonganoxie,KS,39.10972,-95.08775,3.1590,3.1590,3.1590,1,city
70757,CASEYS #3811,US-69,McAlester,OK,34.93343,-95.76971,3.2257,3.2257,3.2257,1,city
70759,CASEYS #3832,"I-35, EXIT 40A & US-14",Janesville,MN,44.11608,-93.708,3.5823,3.5823,3.5823,1,city
70760,CASEYS #2730,US-34 & SR-15,Seward,NE,40.90695,-97.09892,3.3690,3.3690,3.3690,1,city
70761,CASEYS #3841,"US-61, EXIT 5",Kieler,WI,42.58139,-90.60263,3.4890,3.4890,3.4890,1,city
70763,CASEYS #3854,"US-20, EXIT 275 & SR-13",Manchester,IA,42.48415,-91.45543,3.5457,3.5457,3.5457,1,city
70764,CASEYS #3856,"I-51, EXIT 48 & SR-251",Tonica,IL,41.21587,-89.06675,3.0990,3.0690,3.1990,3,city
70765,CEFCO #103,SR-36,Temple,TX,31.09823,-97.34278,2.9657,2.9657,2.9657,1,city
70767,CASEYS #3493,SR-72,Shannon,IL,42.15475,-89.73984,3.6990,3.6990,3.6990,1,city
70768,CASEYS #3497,SR-29,South Pekin,IL,40.49448,-89.65177,3.6790,3.6190,3.6990,3,city
70769,CASEYS #3527,US-169 & US-60,Nowata,OK,36.70065,-95.63803,3.1823,3.1823,3.1823,1,city
70770,CASEYS #3528,SR-92,Washington,IA,41.29918,-91.69294,3.2710,3.2710,3.2710,1,city
70771,CASEYS #3545,US-14/CR-27,Sleepy Eye,MN,44.29718,-94.72415,3.3323,3.3323,3.3323,1,city
70772,CASEYS #3554,"I-70, EXIT 52",Mulberry Grove,IL,38.92505,-89.26896,3.4890,3.4890,3.4890,1,city
70773,CASEYS #3575,US-36,Seneca,KS,39.83416,-96.06417,3.1590,3.1590,3.1590,1,city
70774,CASEYS #3079,"US-20, EXIT 71 & US-71",Early,IA,42.46137,-95.15194,3.2990,3.2990,3.2990,1,city
70775,CASEYS #3576,US-56,Overbrook,KS,38.78056,-95.5572,3.1957,3.1957,3.1957,1,city
70776,CASEYS #3579,US-36,Smith Center,KS,39.77918,-98.78507,3.1790,3.1790,3.1790,1,city
70778,CASEYS #3588,"I-75 N, EXIT 69",Tipp City,OH,39.95839,-84.17216,3.0990,3.0990,3.0990,1,city
70779,CASEYS #3204,"I-80, EXIT 29 & I-880, EXIT 29A",Minden,IA,41.46694,-95.54278,3.1590,3.1590,3.1590,1,city
70780,CASEYS #3306,SR-15 & CR-47/CR-136,Saint Cloud,MN,45.5608,-94.16249,3.2490,3.2490,3.2490,1,city
70782,CASEYS #3465,"I-80, EXIT 285 & US-30",Gibbon,NE,40.74835,-98.8448,3.0490,3.0490,3.0490,1,city
70783,ENMARKET #820,"I-95/SR-405, EXIT 109 & SR-21",Port Wentworth,GA,32.14909,-81.16317,3.0907,3.0907,3.0907,1,city
70784,CIRCLE K #2723046,"I-95, EXIT 41 & SR-59/CR2252",Hope Mills,NC,34.97044,-78.94531,2.9090,2.9090,2.9090,1,city
70785,CIRCLE K #2705347,"I-77, EXIT 5 & SR-48",Columbia,SC,34.00071,-81.03481,3.2040,3.2040,3.2040,1,city
70786,CIRCLE K #2741502,"I-37, EXIT 9",Corpus Christi,TX,27.80058,-97.39638,3.0607,3.0607,3.0607,1,city
70787,LOVES TRAVEL STOP #778,"I-16, EXIT 143 & US-280",Ellabell,GA,32.12354,-81.48567,3.2957,3.2957,3.2957,1,city
70788,SPEEDWAY #1031,"I-480 & I-271, EXIT 26",Bedford,OH,41.39311,-81.53651,3.6490,3.6490,3.6490,1,city
70789,7FLEET #46080,"I-41 & US-41, EXIT 133",Neenah,WI,44.18582,-88.46261,3.4490,3.4490,3.4490,1,city
70790,LOVES TRAVEL STOP #788,"I-70, EXIT 175",New Florence,MO,38.91032,-91.44822,3.1223,3.1223,3.1223,1,city
70791,LOVES TRAVEL STOP #791,"I-40, EXIT 126",Holladay,TN,35.87062,-88.14587,3.1223,3.1223,3.1223,1,city
70792,ANEW TRAVEL CENTER,US-6/34 & CR-410,Cambridge,NE,40.28195,-100.16569,3.3640,3.3640,3.3640,1,city
70793,LOVES TRAVEL STOPS #119,"I-70, EXIT 160",Green River,UT,38.99525,-110.1618,3.3450,3.2990,3.3910,2,city
70794,CASEYS #3747,SR-103 & CR-96,Carey,OH,40.95256,-83.38242,3.1757,3.1757,3.1757,1,city
70796,QUICK FUEL #3177,"I-35W, EXIT 56",Fort Worth,TX,32.72541,-97.32085,3.0323,3.0323,3.0323,1,city
70797,QUICK FUEL #3176,"I-35E, EXIT 442",Carrollton,TX,32.95373,-96.89028,3.0157,3.0157,3.0157,1,city
70798,QUICK FUEL #1926,"I-90, EXIT 171B & US-14",Janesville,WI,42.68279,-89.01872,3.3990,3.3990,3.3990,1,city
70831,FLYERS #768,"I-80, EXIT 19 & SR-659",Sparks,NV,39.53491,-119.75269,4.0523,4.0523,4.0523,1,city
70832,FLYERS #766,SR-648,Sparks,NV,39.53491,-119.75269,4.0590,4.0590,4.0590,1,city
70833,FLYERS #764,SR-667,Reno,NV,39.52963,-119.8138,4.0523,4.0523,4.0523,1,city
70845,FLYERS #759,"I-80, EXIT 19",Sparks,NV,39.53491,-119.75269,4.0507,4.0507,4.0507,1,city
70855,FLYERS #761,"I-580, EXIT 5",Carson City,NV,39.1638,-119.7674,3.6990,3.6990,3.6990,1,city
70858,SPEEDWAY #1012,"I-65, EXIT 158 & CR-6",Hope Hull,AL,32.26986,-86.35719,3.0523,3.0523,3.0523,1,city
70859,FLYERS #732,I-580 & US-50,Carson City,NV,39.1638,-119.7674,3.6990,3.6990,3.6990,1,city
70860,FLYERS #726,"I-80, EXIT 303",Elko,NV,40.83242,-115.76312,3.6290,3.6290,3.6290,1,city
70864,FLYERS #747,"I-580/US-395, EXIT 29 & SR-659",Reno,NV,39.52963,-119.8138,4.0540,4.0540,4.0540,1,city
70870,ESSENTIAL FUELS,US-26,Scottsbluff,NE,41.86663,-103.66717,3.5990,3.5990,3.5990,1,city
70871,ALLTOWN MARKETS #835,"I-95, EXIT 62",Madison,CT,41.27954,-72.59843,4.2390,4.2390,4.2390,1,city
70873,TA LAKE CITY #288,"I-75, EXIT 414",Lake City,FL,30.18968,-82.63929,3.2990,3.2990,3.2990,1,city
70874,CIRCLE T,SR-6 & SR-515,Navasota,TX,30.38798,-96.08773,3.4323,3.4323,3.4323,1,city
70875,FUEL MAXX #57,SR-105 & SR-146,Liberty,TX,30.05799,-94.79548,3.1323,3.1323,3.1323,1,city
70876,JIFFY MART,SR-123/SR-12,Walpole,NH,43.07952,-72.42592,3.6857,3.6857,3.6857,1,city
70877,LOVES TRAVEL STOP #770,"US-41, EXIT 1A",Wadsworth,IL,42.42863,-87.92397,3.7890,3.7590,3.8190,2,city
70878,MAVERIK COUNTRY STORE #630,I-15 EXIT 13,Malad City,ID,42.19159,-112.2508,3.3940,3.3940,3.3940,1,city
70879,MAVERIK COUNTRY STORE #611,I-40 EXIT 154,Albuquerque,NM,35.08449,-106.65114,3.1940,3.1940,3.1940,1,city
70880,RUTTERS #81,SR-61 & SR-73,Leesport,PA,40.44704,-75.96632,3.8973,3.8973,3.8973,1,city
70881,RUTTERS #79,"I-99/US-220, EXIT 28 US-22/SR-764",Duncansville,PA,40.42341,-78.4339,4.0990,4.0990,4.0990,1,city
70882,RUTTERS #77,US-11/US-15 & US-22,Duncannon,PA,40.39814,-77.02303,4.2940,4.2940,4.2940,1,city
70883,RUTTERS #41,US-422,Lebanon,PA,40.34093,-76.41135,3.7990,3.7990,3.7990,1,city
70884,RUTTERS #75,SR-194 & SR-550,Walkersville,MD,39.48621,-77.35193,3.9323,3.9323,3.9323,1,city
70885,KWIK TRIP #1061,CR-CE & CR-HH,Combined Locks,WI,44.26582,-88.31427,3.5490,3.5490,3.5490,1,city
70887,LOVES TRAVEL STOP #781,"I-20, EXIT 113 & SR-83",Madison,GA,33.59568,-83.46794,3.8490,3.8490,3.8490,1,city
70888,HUTCHS #125,US-283,Altus,OK,34.63813,-99.33398,2.9990,2.9990,2.9990,1,city
70889,TRUCK WORLD,I-90 EXIT 241 & SR-7,Conneaut,OH,41.94756,-80.55424,3.3590,3.3590,3.3590,1,city
70890,PILOT #1299,US-287 & SR-148,Henrietta,TX,33.81732,-98.19532,3.1257,3.1257,3.1257,1,city
70891,QUARLES #4908,I-64 EXIT 297,Chesapeake,VA,36.81904,-76.27494,3.5257,3.5257,3.5257,1,city
70892,QUARLES #4001,I-95 EXIT 133,Fredericksburg,VA,38.30318,-77.46054,3.7590,3.7590,3.7590,1,city
70893,QUARLES #4002,"I-95 EXIT 130A, SR-2",Fredericksburg,VA,38.30318,-77.46054,3.7590,3.7590,3.7590,1,city
70894,QUARLES #4009,US-301,Waldorf,MD,38.62456,-76.93914,3.7590,3.7590,3.7590,1,city
70895,QUARLES #4011/SHELL,I-95 EXIT 118,Woodford,VA,38.11319,-77.40887,2.8990,2.8990,2.8990,1,city
70896,QUARLES #4200,US-522,Front Royal,VA,38.91817,-78.19444,3.6990,3.6990,3.6990,1,city
70897,QUARLES #4302,SR-801 & SR-42,Broadway,VA,38.61317,-78.79891,3.4590,3.4590,3.4590,1,city
70898,QUARLES #4303,"I-81 EXIT 243, US-11",Harrisonburg,VA,38.44957,-78.86892,2.8990,2.8990,2.8990,1,city
70899,QUARLES #4304,"I-64 EXIT 96, SR-624",Waynesboro,VA,38.06847,-78.88947,3.7990,3.7990,3.7990,1,city
70900,QUARLES #4306,I-81 EXIT 150A,Roanoke,VA,37.27097,-79.94143,3.5590,3.5590,3.5590,1,city
70901,QUARLES #4307,"I-81 EXIT 137, US-11/460",Salem,VA,37.29347,-80.05476,3.5590,3.5590,3.5590,1,city
70902,QUARLES #4309,US-460/29,Lynchburg,VA,37.41375,-79.14225,3.7740,3.7740,3.7740,1,city
70903,QUARLES #4310,US-11,Roanoke,VA,37.27097,-79.94143,3.5590,3.5590,3.5590,1,city
70904,QUARLES #4400,I-95 EXIT 166A,Lorton,VA,38.70428,-77.22776,4.0590,4.0590,4.0590,1,city
70905,QUARLES #4401,US-29,Fairfax,VA,38.84622,-77.30637,4.0590,4.0590,4.0590,1,city
70906,QUARLES #4403,"I-95 EXIT 29A, US-1",Beltsville,MD,39.03483,-76.90747,3.8990,3.8990,3.8990,1,city
70907,QUARLES #4404,I-95 EXIT 43A,Elkridge,MD,39.21261,-76.71358,3.4990,3.4990,3.4990,1,city
70908,QUARLES #4407,I-495 EXIT 11A,Upper Marlboro,MD,38.81595,-76.74969,3.8990,3.8990,3.8990,1,city
70909,QUARLES #4408,SR-201,Bladensburg,MD,38.93928,-76.93386,3.6990,3.6990,3.6990,1,city
70910,QUARLES #4409,I-95 EXIT 50B,Baltimore,MD,39.29038,-76.61219,3.4990,3.4990,3.4990,1,city
70912,QUARLES #4411,"I-695 EXIT 1, SR-173",Curtis Bay,MD,39.22677,-76.58802,3.4990,3.4990,3.4990,1,city
70913,QUARLES #4412,I-270 EXIT 8,Rockville,MD,39.084,-77.15276,3.7590,3.7590,3.7590,1,city
70914,QUARLES #4413,I-495 EXIT 15A,Capitol Heights,MD,38.88511,-76.91581,3.8990,3.8990,3.8990,1,city
70915,QUARLES #4414,I-95 EXIT 60,Baltimore,MD,39.29038,-76.61219,3.4490,3.4490,3.4490,1,city
70916,TA Express White Hills,US-93,Willow Beach,AZ,35.866,-114.664,3.7790,3.7790,3.7790,1,manual
70917,QUARLES #4416,US-13,Salisbury,MD,38.36067,-75.59937,3.6590,3.6590,3.6590,1,city
70918,QUARLES #4417,I-895 EXIT 8B,Curtis Bay,MD,39.22677,-76.58802,3.4990,3.4990,3.4990,1,city
70919,QUARLES #4422,US-13,New Castle,DE,39.65948,-75.56359,3.6990,3.6990,3.6990,1,city
70920,QUARLES #4423,SR-100 EXIT 11,Glen Burnie,MD,39.16261,-76.62469,3.6990,3.6990,3.6990,1,city
70921,QUARLES #4424,SR-5,Clinton,MD,38.76511,-76.89831,3.8990,3.8990,3.8990,1,city
70922,QUARLES #4425,US-50 EXIT 5,Hyattsville,MD,38.95594,-76.94553,3.8990,3.8990,3.8990,1,city
70923,QUARLES #4426,SR-124,Gaithersburg,MD,39.14344,-77.20137,3.7590,3.7590,3.7590,1,city
70924,QUARLES #4427,I-276 EXIT 351,Levittown,PA,40.15511,-74.82877,3.8457,3.8457,3.8457,1,city
70925,QUARLES #4430,US-13,Sharon Hill,PA,39.9065,-75.27157,3.8690,3.8690,3.8690,1,city
70926,QUARLES #4431,US-22,Allentown,PA,40.60843,-75.49018,3.9890,3.9890,3.9890,1,city
70927,QUARLES #4434,SR-617,Springfield,VA,38.78928,-77.1872,4.0590,4.0590,4.0590,1,city
70928,QUARLES #4435,"I-95 EXIT 41, US-1",Jessup,MD,39.14927,-76.77525,3.4990,3.4990,3.4990,1,city
70929,QUARLES #4503,US-11,Martinsburg,WV,39.45621,-77.96389,3.9590,3.9590,3.9590,1,city
70930,QUARLES #4504,I-81 EXIT 313A,Winchester,VA,39.18566,-78.16333,3.7990,3.7990,3.7990,1,city
70931,QUARLES #4505,SR-65,Hagerstown,MD,39.64176,-77.71999,3.8990,3.8990,3.8990,1,city
70933,QUARLES #4507,US-11,Winchester,VA,39.18566,-78.16333,3.7990,3.7990,3.7990,1,city
70934,QUARLES #4509,I-270 EXIT 31B,Frederick,MD,39.41427,-77.41054,3.5990,3.5990,3.5990,1,city
70935,QUARLES #4511,I-70 EXIT 55,Frederick,MD,39.41427,-77.41054,3.5990,3.5990,3.5990,1,city
70937,QUARLES #4603,US-29/211,Warrenton,VA,38.71345,-77.79527,3.7990,3.7990,3.7990,1,city
70938,QUARLES #4605,SR-606,Sterling,VA,39.00622,-77.4286,3.6590,3.6590,3.6590,1,city
70939,QUARLES #4606,SR-234,Manassas,VA,38.75095,-77.47527,3.8590,3.8590,3.8590,1,city
70940,QUARLES #4607,SR-28,Manassas,VA,38.75095,-77.47527,3.8590,3.8590,3.8590,1,city
70941,QUARLES #4934,US-60,Sandston,VA,37.52348,-77.31581,3.2590,3.2590,3.2590,1,city
70942,QUARLES #4608,SR-657,Chantilly,VA,38.89428,-77.4311,3.6590,3.6590,3.6590,1,city
70943,QUARLES #4700,US-15BUS/29BUS,Culpeper,VA,38.47318,-77.99666,3.7990,3.7990,3.7990,1,city
70944,QUARLES #4701,US-15 BUS & US-522,Culpeper,VA,38.47318,-77.99666,3.7990,3.7990,3.7990,1,city
70945,QUARLES #4944,US-17,Bealeton,VA,38.57179,-77.76388,3.7590,3.7590,3.7590,1,city
70946,QUARLES #4703,US-29 & SR-616,Ruckersville,VA,38.23319,-78.36917,3.6990,3.6990,3.6990,1,city
70947,QUARLES #4946,"I-95, EXIT 130A, SR-3",Fredericksburg,VA,38.30318,-77.46054,3.7590,3.7590,3.7590,1,city
70948,QUARLES #4804,I-40 EXIT 211,Greensboro,NC,36.07264,-79.79198,3.6490,3.6490,3.6490,1,city
70949,QUARLES #4805,US-1 EXIT 95,Apex,NC,35.73265,-78.85029,3.9990,3.9990,3.9990,1,city
70950,QUARLES #4807,I-40 EXIT 203,Kernersville,NC,36.11986,-80.07365,3.1990,3.1990,3.1990,1,city
70951,QUARLES #4947,SR-7,Leesburg,VA,39.11566,-77.5636,3.6590,3.6590,3.6590,1,city
70952,QUARLES #4810,I-540 EXIT 4A,Raleigh,NC,35.7721,-78.63861,3.7090,3.7090,3.7090,1,city
70953,QUARLES #4948,"I-95, EXIT 126, US-1",Fredericksburg,VA,38.30318,-77.46054,3.7590,3.7590,3.7590,1,city
70954,QUARLES #4811,SR-50/US-70,Garner,NC,35.71126,-78.61417,3.5990,3.5990,3.5990,1,city
70955,QUARLES #4949,"I-95, EXIT 136, US-1",Fredericksburg,VA,38.30318,-77.46054,3.7590,3.7590,3.7590,1,city
70956,QUARLES #4813,SR-133,Wilmington,NC,34.23556,-77.94604,3.7790,3.7790,3.7790,1,city
70957,QUARLES #4950,"I-95, EXIT 126A, US-1",Fredericksburg,VA,38.30318,-77.46054,3.7590,3.7590,3.7590,1,city
70958,QUARLES #4951,SR-3,Fredericksburg,VA,38.30318,-77.46054,3.7590,3.7590,3.7590,1,city
70959,QUARLES #4814,US-117,Wilmington,NC,34.23556,-77.94604,3.7990,3.7990,3.7990,1,city
70960,QUARLES #4962,"I-81, EXIT 222, US-250",Staunton,VA,38.14991,-79.0732,2.8990,2.8990,2.8990,1,city
70961,QUARLES #4815,"I-140, EXIT 14",Wilmington,NC,34.23556,-77.94604,3.7990,3.7990,3.7990,1,city
70962,QUARLES #4965,"I-295, EXIT 37A, US-360",Warsaw,VA,37.95874,-76.75801,3.7590,3.7590,3.7590,1,city
70963,QUARLES #4817,"US-70, EXIT 333",Selma,NC,35.53655,-78.28444,3.7990,3.7990,3.7990,1,city
70964,SEALSTON DELI,"I-95, EXIT 130A, SR-3",King George,VA,38.26818,-77.18442,3.4990,3.4990,3.4990,1,city
70965,QUARLES #4822,US-401,Raleigh,NC,35.7721,-78.63861,3.7090,3.7090,3.7090,1,city
70966,QUARLES #4927,SR-10 & SR-145,Chesterfield,VA,37.37709,-77.50582,3.6990,3.6990,3.6990,1,city
70967,QUARLES #4823,I-95,Fayetteville,NC,35.05266,-78.87836,3.7990,3.7990,3.7990,1,city
70968,QUARLES #4928,"I-95, EXIT 86A & SR-656",Ashland,VA,37.75903,-77.47998,3.6740,3.6740,3.6740,1,city
70969,QUARLES #4824,I-40 EXIT 210,Greensboro,NC,36.07264,-79.79198,3.6990,3.6990,3.6990,1,city
70970,QUARLES #4931,US-60 & SR-603,Powhatan,VA,37.33987,-79.2478,3.6990,3.6990,3.6990,1,city
70971,QUARLES #4932,"I-64, EXIT 173 & SR-623",Rockville,VA,37.72598,-77.67832,3.6990,3.6990,3.6990,1,city
70973,QUARLES #4826,US HWY 29/70,High Point,NC,35.95569,-80.00532,3.6657,3.6657,3.6657,1,city
70974,QUARLES #4933,US-60,Richmond,VA,37.55376,-77.46026,3.6990,3.6990,3.6990,1,city
70975,QUARLES #4935,"I-95, EXIT 64 & SR-613",Richmond,VA,37.55376,-77.46026,3.6990,3.6990,3.6990,1,city
70976,QUARLES #4827,I-40 EXIT 203,Kernersville,NC,36.11986,-80.07365,3.1990,3.1990,3.1990,1,city
70977,QUARLES #4828,I-440 EXIT 13B,Raleigh,NC,35.7721,-78.63861,3.7090,3.7090,3.7090,1,city
70978,QUARLES #4829,I-40 EXIT 298A,Raleigh,NC,35.7721,-78.63861,3.5990,3.5990,3.5990,1,city
70979,QUARLES #4830,I-540 EXIT 3,Raleigh,NC,35.7721,-78.63861,3.7190,3.7190,3.7190,1,city
70980,QUARLES #4938,"I-64, EXIT 159 & SR-522",Gum Spring,VA,37.7757,-77.89666,3.6990,3.6990,3.6990,1,city
70982,EXXON/QUARLES #4942,"I-64/33, EXIT 205 & SR-249",Quinton,VA,37.53376,-77.12108,3.5090,3.5090,3.5090,1,city
70983,QUARLES #4943,"I-295, EXIT 22A & SR-5",Henrico,VA,36.59264,-78.61611,3.6990,3.6990,3.6990,1,city
70984,QUARLES #4831,US-64 EXIT 470,Rocky Mount,NC,35.93821,-77.79053,3.4090,3.4090,3.4090,1,city
70985,QUARLES #4832,I-40 EXIT 189,Winston Salem,NC,36.09986,-80.24422,3.5723,3.5723,3.5723,1,city
70986,QUARLES #4833,US-1,Youngsville,NC,36.02487,-78.47444,3.6990,3.6990,3.6990,1,city
70987,QUARLES #4902,US-250/33,Richmond,VA,37.55376,-77.46026,3.6990,3.6990,3.6990,1,city
70988,QUARLES #4909,I-664 EXIT 3,Hampton,VA,37.02987,-76.34522,3.4257,3.4257,3.4257,1,city
70989,QUARLES #4911,I-264 EXIT 19B,Virginia Beach,VA,36.85293,-75.97799,3.5723,3.5723,3.5723,1,city
70990,QUARLES #4915,I-664 EXIT 2,Hampton,VA,37.02987,-76.34522,3.4257,3.4257,3.4257,1,city
70991,QUARLES #4917,I-64 EXIT 255,Newport News,VA,36.98038,-76.42975,3.4107,3.4107,3.4107,1,city
70992,QUARLES #4904,I-64 EXIT 197B,Sandston,VA,37.52348,-77.31581,3.2590,3.2590,3.2590,1,city
70993,QUARLES #4905,I-95 EXIT 89,Ashland,VA,37.75903,-77.47998,3.6990,3.6990,3.6990,1,city
70994,QUARLES #4906,I-95 EXIT 73,Richmond,VA,37.55376,-77.46026,3.6990,3.6990,3.6990,1,city
70995,QUARLES #4910,I-95 EXIT 61B,Chester,VA,37.35682,-77.44165,3.7990,3.7990,3.7990,1,city
70996,QUARLES #4912,I-64 EXIT 136,Troy,VA,37.95097,-78.24639,3.8990,3.8990,3.8990,1,city
70997,QUARLES #4913,SR-76,Midlothian,VA,37.50598,-77.64916,3.6990,3.6990,3.6990,1,city
70998,QUARLES #4916,I-246 EXIT 6,Portsmouth,VA,36.83543,-76.29827,3.4657,3.4657,3.4657,1,city
71001,QUARLES #4921,I-95 EXIT 83B,Richmond,VA,37.55376,-77.46026,3.6990,3.6990,3.6990,1,city
71002,QUARLES #4922,US-250,Charlottesville,VA,38.02931,-78.47668,3.8990,3.8990,3.8990,1,city
71003,QUARLES #4923,I-95 EXIT 73,Richmond,VA,37.55376,-77.46026,3.6990,3.6990,3.6990,1,city
71004,QUARLES #4924,US-1 & SR-688,Doswell,VA,37.86014,-77.46415,3.6990,3.6990,3.6990,1,city
71005,QUARLES #4925,I-95 EXIT 78,Richmond,VA,37.55376,-77.46026,3.6990,3.6990,3.6990,1,city
71006,QUARLES #4926,I-95 EXIT 79,Richmond,VA,37.55376,-77.46026,3.6990,3.6990,3.6990,1,city
71007,HAYDEN TRAVEL CENTER,"I-65, EXIT 284 & SR-160",Warrior,AL,33.81427,-86.80944,3.1290,3.1290,3.1290,1,city
71009,WEIGELS #80,"I-40, EXIT 435 & US-321",Newport,TN,35.96704,-83.18766,3.1157,3.1157,3.1157,1,city
71010,KEYSTOPS,"I-64, EXIT 17",Louisville,KY,38.25424,-85.75941,3.1957,3.1957,3.1957,1,city
71011,Global,"I-84 E, EXIT 2 & US-6 E",Danbury,CT,41.39482,-73.45401,3.4590,3.4590,3.4590,1,city
71012,ALLTOWN MARKETS #838,"I-95 N, EXIT 12",Darien,CT,41.07871,-73.46929,3.8323,3.8323,3.8323,1,city
71013,ALLTOWN MARKETS #647,SR-3 EXIT 5,Plymouth,MA,41.95844,-70.66726,3.9590,3.9590,3.9590,1,city
71014,Global,"I-95, EXIT 43 & US-1",Elkridge,MD,39.21261,-76.71358,3.0990,3.0990,3.0990,1,city
71018,KWIK STAR #1076,US-218,Vinton,IA,42.16861,-92.02351,3.1990,3.1990,3.1990,1,city
71019,KWIK TRIP #489,SR-3,Northfield,MN,44.4583,-93.1616,3.5240,3.5240,3.5240,1,city
71020,Fast Trac 21,SR-21 & CR-50,Caldwell,TX,30.53132,-96.69303,3.2990,3.2990,3.2990,1,city
71021,Amoco,"I-39 & HWY 23, EXIT 54",Oglesby,IL,41.29531,-89.05953,3.2240,3.1990,3.2490,2,city
71022,TEX BEST #530,"I-10, EXIT 628 & SR-80",Luling,TX,29.68051,-97.6475,3.0090,3.0090,3.0090,1,city
71023,LOVES TRAVEL STOP #853,SR-302 & CR-313,Kermit,TX,31.85763,-103.09267,3.2507,3.2507,3.2507,1,city
71024,LOVES TRAVEL STOP #804,US-34/US-67,Monmouth,IL,40.91143,-90.64736,3.3890,3.3490,3.4490,3,city
71025,KWIK TRIP #644,SR-57 & SR-32,New Holstein,WI,43.94999,-88.08426,3.3907,3.3907,3.3907,1,city
71027,Kwik Star #1068,I-35,Story City,IA,42.18721,-93.59577,2.9590,2.9590,2.9590,1,city
71029,CASEYS #6445,I-355 EXIT 27 & SR-64,Lombard,IL,41.88003,-88.00784,3.3490,3.3490,3.3490,1,city
71030,QUIKTRIP #1469,"I-10, EXIT 248 & SR-77",Marana,AZ,32.43674,-111.22538,3.0623,3.0623,3.0623,1,city
71032,MAVERIK COUNTRY STORE #416,US-50 & US-95,Fallon,NV,39.47353,-118.77737,3.5257,3.5257,3.5257,1,city
71033,MAVERIK COUNTRY STORE #560,I-580 & US-50,Carson City,NV,39.1638,-119.7674,3.5890,3.5890,3.5890,1,city
71034,MAVERIK COUNTRY STORE #635,I-15 EXIT 57,Cedar City,UT,37.67748,-113.06189,3.4423,3.4423,3.4423,1,city
71036,GOLDEN GATE PETRO,US-550,Montrose,CO,38.47832,-107.87617,3.4357,3.4357,3.4357,1,city
71037,SUNOCO,US-220 EXIT 111,Lock Haven,PA,41.13701,-77.44693,3.5990,3.5990,3.5990,1,city
71039,TURNPIKE MARKET EXPRESS,SR-5,Newton Falls,OH,41.18839,-80.97815,3.2590,3.2590,3.2590,1,city
71042,SINCLAIR,I-580/US-395 EXIT 6,Carson City,NV,39.1638,-119.7674,3.5990,3.5990,3.5990,1,city
71046,SPEEDWAY #9336,US-27/SR-126,Cincinnati,OH,39.12711,-84.51439,3.6990,3.6990,3.6990,1,city
71047,LOVES TRAVEL STOP #722,"I-17, EXIT 262 & SR-69",Mayer,AZ,34.39781,-112.23627,3.6807,3.6807,3.6807,1,city
71050,GILL MART CORNER STORE,US-131 & SR-216,Three Rivers,MI,41.94394,-85.63249,3.6990,3.6990,3.6990,1,city
71051,SHEETZ #683,I-83 EXIT 28,York,PA,39.9626,-76.72774,3.2590,3.2590,3.2590,1,city
71053,ROAD RANGER #279,"I-57, EXIT 45 & SR-148",Marion,IL,37.73061,-88.93313,3.5390,3.3790,3.6990,2,city
71055,LOVES TRAVEL STOP #793,"I-840, EXIT 67 & COUCHVILLE PIKE",Mount Juliet,TN,36.20005,-86.51861,3.2523,3.2523,3.2523,1,city
71056,SPEEDWAY #1044,US-72 & SR-20,Decatur,AL,34.60593,-86.98334,3.4257,3.4257,3.4257,1,city
71057,LOVES TRAVEL STOP #795,US-97/US-26 & HALL RD,Madras,OR,44.63345,-121.12949,3.6890,3.6890,3.6890,1,city
71058,KWIK TRIP #1090,SR-19 & SR-21,New Prague,MN,44.5433,-93.57607,3.3490,3.3490,3.3490,1,city
71059,CIRCLE K #2706781,US-17 & SR-200,Yulee,FL,30.6319,-81.60649,3.3423,3.3423,3.3423,1,city
71060,CIRCLE K #2701537,"I-77, EXIT 100 & SR-89",Mount Airy,NC,36.4993,-80.60729,2.8590,2.8590,2.8590,1,city
71061,CIRCLE K #2702344,US-78 & SR-39,Williston,SC,33.40265,-81.42011,3.7990,3.7990,3.7990,1,city
71062,MAVERIK COUNTRY STORE #637,"I-70, EXIT 56 & US-89",SALINA,UT,38.95774,-111.85993,3.4423,3.4423,3.4423,1,city
71063,MAVERIK COUNTRY STORE #639,"I-40, EXIT 153",Albuquerque,NM,35.08449,-106.65114,3.1973,3.1973,3.1973,1,city
71064,LOVES TRAVEL STOP #798,I-57 EXIT 212,Tuscola,IL,39.7992,-88.2831,3.3890,3.2890,3.4890,3,city
71065,MAVERIK COUNTRY STORE #429,US-40 & SR-121,Roosevelt,UT,40.2994,-109.98876,3.4390,3.4390,3.4390,1,city
71066,Circle K #2745067,"I-75, EXIT 155",Macon,GA,32.84069,-83.6324,3.0890,3.0890,3.0890,1,city
71067,7-ELEVEN #41219,I-385 EXIT 9,Laurens,SC,34.49901,-82.01426,3.0990,3.0990,3.0990,1,city
71071,KWIK TRIP #1074,SR-35,Somerset,WI,45.12441,-92.67354,3.5240,3.5240,3.5240,1,city
71072,LOVES TRAVEL STOP #801,I-75 EXIT 102,Cordele,GA,31.96351,-83.78239,3.3090,3.3090,3.3090,1,city
71073,LOVES TRAVEL STOP #803,I-57 EXIT 54B,Marion,IL,37.73061,-88.93313,3.7440,3.7390,3.7490,2,city
71074,Speedway #7764,SR-72 & SR-25,Dundee,IL,42.095,-88.27,3.2790,3.2790,3.2790,1,manual
71075,TEXAS TRAVEL CENTER,"I-35, EXIT 277",Jarrell,TX,30.82491,-97.60445,2.8323,2.8323,2.8323,1,city
71076,Kwik Star #589,US-151,Marion,IA,42.03417,-91.59768,3.5240,3.5240,3.5240,1,city
71077,COMMUNITY CO OPS LAKE PARK,US-10,Lake Park,MN,46.88635,-96.0945,3.5090,3.5090,3.5090,1,city
71079,DK,SR-375,El Paso,TX,31.75872,-106.48693,2.6990,2.6990,2.6990,1,city
71080,BIG INDIAN SMOKE SHOP,I-90 & US-20,Irving,NY,42.56756,-79.11282,2.9790,2.9290,3.0290,2,city
71083,SPRINT FOOD #701,US-78,Augusta,GA,33.47097,-81.97484,3.2257,3.2257,3.2257,1,city
71084,FIESTA MART #42,US-75,Tulsa,OK,36.15398,-95.99277,3.1657,3.1657,3.1657,1,city
71085,Sunoco,SR-49,Greenville,OH,40.10283,-84.63301,3.5990,3.5990,3.5990,1,city
71086,THORNTONS #318,SR-59 & SR-38,West Chicago,IL,41.88475,-88.20396,3.6740,3.6490,3.6990,2,city
71087,HALF SUN TRAVEL PLAZA,"I-90, EXIT 176",Moses Lake,WA,47.13014,-119.27808,3.7990,3.5690,4.0290,2,city
71088,KARDES,US-151,Monticello,IA,42.23834,-91.18709,3.3990,3.3990,3.3990,1,city
71090,CEFCO #2076,US-60 & SR-207,Panhandle,TX,35.3456,-101.38044,2.9457,2.9457,2.9457,1,city
71091,BREAK TIME #3163,US-63 & CR-M,Moberly,MO,39.41837,-92.43824,3.4623,3.4623,3.4623,1,city
71094,BP,US-63 & SR-137,Eddyville,IA,41.1565,-92.63739,3.3790,3.3790,3.3790,1,city
71095,HOBO PANTRY #29,US-84/SR-12 & SR-95,Gordon,AL,31.14129,-85.0966,3.6590,3.6590,3.6590,1,city
71096,GAS N WASH,US-30 & SR-394,Chicago Heights,IL,41.50615,-87.6356,3.4990,3.4990,3.4990,1,city
71097,THORNTONS #329,"I-55, EXIT 267 & SR-53",Romeoville,IL,41.64753,-88.08951,3.3340,3.3090,3.3590,2,city
71098,DANDY MINI MART #74,US-6 & SR-187,Wysox,PA,41.77452,-76.39938,3.9990,3.9990,3.9990,1,city
71099,THORNTONS #336,"I-57, EXIT 335 & SR-50",Monee,IL,41.42003,-87.74171,3.4040,3.3490,3.4590,4,city
71101,FOOD N FUEL,"I-55, EXIT 244 & SR-53",Elwood,IL,41.40392,-88.11172,3.5490,3.4990,3.5990,2,city
71102,365 Food and Fuel,"I-35W/US-287, EXIT 54A & SR-183",Fort Worth,TX,32.72541,-97.32085,2.9757,2.9757,2.9757,1,city
71103,FAT DOGS NORTH PLATTE SOUTH,"I-80, EXIT 177 & US-83",North Platte,NE,41.12389,-100.76542,3.0740,3.0740,3.0740,1,city
71104,SPINX #364,"I-26, EXIT 194",Summerville,SC,33.0185,-80.17565,3.3990,3.3990,3.3990,1,city
71105,SHEPHERD 700,US-64 & CR-450,Alva,OK,36.80499,-98.66718,3.2190,3.2190,3.2190,1,city
71106,SECURITY OIL,"I-135, EXIT 10B & SR-96",Wichita,KS,37.69224,-97.33754,3.2990,3.2990,3.2990,1,city
71107,SPARKYS ONE STOP,"US-20, EXIT 96 & SR-4",Rockwell City,IA,42.39526,-94.63387,3.2157,3.2157,3.2157,1,city
71108,Stuckeyâ€™s Travel Center West,"I-10, EXIT 819 & FM-1663",Anahuac,TX,29.773,-94.6827,2.8073,2.8073,2.8073,1,city
71109,KWIK TRIP #1067,"SR-13, BETWEEN FAIRWAY & TRINITY DR",Phillips,WI,45.69663,-90.40043,3.3157,3.3157,3.3157,1,city
71110,KWIK TRIP #1121,"I-94 & SR-26, EXIT 267",Watertown,WI,43.19472,-88.72899,3.2890,3.2890,3.2890,1,city
71111,MAPCO #5167,"I-59, EXIT 21B & SR-35",Fort Payne,AL,34.44425,-85.71969,3.4790,3.4790,3.4790,1,city
71112,BERKSHIRE ENERGY,"I-91, EXIT 8 & SR-80",New Haven,CT,41.30815,-72.92816,3.5490,3.5490,3.5490,1,city
71113,PLATEU TRAVEL PLAZA,"I-95, EXIT 39A & US-1",Madras,OR,44.63345,-121.12949,3.3590,3.3590,3.3590,1,city
71114,SHEETZ #672,"I-95, EXIT 11B & SR-606",Woodford,VA,38.11319,-77.40887,2.8990,2.8990,2.8990,1,city
71115,FASTBREAK #6,US-50/US-151 & US-41,Vincennes,IN,38.67727,-87.52863,4.0390,4.0390,4.0390,1,city
71116,CEFCO #101,US-59 & SR-49,Jefferson,TX,32.75736,-94.34519,2.8990,2.8990,2.8990,1,city
71117,AM-PM TRUCK STOP,"I-520/SR-415, EXIT 9 & SR-56",Augusta,GA,33.47097,-81.97484,3.3590,3.3590,3.3590,1,city
71118,THORNTONS #0331,"I-35/US-51, EXIT 3 & CR-9",Roscoe,IL,42.41335,-89.00927,3.4440,3.4190,3.4690,2,city
71119,PARKER'S #69 (DISCOUNT AVAILABLE),"I-95/SR-405, EXIT 102 & US-80",Pooler,GA,32.11548,-81.24706,3.1223,3.1223,3.1223,1,city
71120,GAS PRO TRAVEL CENTER,US-25 & SR-56,Waynesboro,GA,33.08987,-82.01567,3.7990,3.7990,3.7990,1,city
71121,HAT CREEK TRAVEL,"I-10/US-70, EXIT 82A & US-180",Deming,NM,32.2687,-107.75864,2.9190,2.9190,2.9190,1,city
71123,XPRESS FUEL DBA ONE9 #1264,"I-10, EXIT 203",Eloy,AZ,32.7559,-111.55484,3.1390,3.1390,3.1390,2,city
71124,LOVES TRAVEL STOP #761,"I-10, EXIT 343 & US-301",Jacksonville,FL,30.33218,-81.65565,3.8490,3.8490,3.8490,1,city
71126,QUIKTRIP #1177,I-77 & US-21,Blythewood,SC,34.21432,-80.97398,3.0757,3.0757,3.0757,1,city
71127,QUIKTRIP #4044,"I-10, EXIT 609",Seguin,TX,29.56884,-97.96473,2.9457,2.9457,2.9457,1,city
71129,Queens Market,"I-85, EXIT 41 & SR-2480",Charlotte,NC,35.22709,-80.84313,3.4990,3.4990,3.4990,1,city
71131,7-ELEVEN #38816,"I-85, EXIT 66 & US-29",Spartanburg,SC,34.94957,-81.93205,3.3057,3.3057,3.3057,1,city
71132,CEFCO #104,US-259 & SR-315,Mount Enterprise,TX,31.91795,-94.68104,2.9590,2.9590,2.9590,1,city
71133,AMIGOS TRAVEL CENTER,"I-35, EXIT 85 & FM-117",Dilley,TX,28.66748,-99.17059,3.3990,3.3990,3.3990,1,city
71134,ALLSUPS CONVENIENCE STORE #2376,US-54/US-285 & US-60,Vaughn,NM,34.60173,-105.20833,3.4990,3.4990,3.4990,1,city
71136,CIRCLE K #2706788,"I-795, EXIT 22 & US-70, EXIT 356",Goldsboro,NC,35.38488,-77.99277,3.3923,3.3923,3.3923,1,city
71138,LUMMI BAY MARKET,"I-5, EXIT 260",Bellingham,WA,48.75955,-122.48822,3.7590,3.7590,3.7590,1,city
71139,GAS N WASH,SR-47 & CR-9,Yorkville,IL,41.64114,-88.44729,3.5990,3.5990,3.5990,1,city
71140,BP,"I-94, EXIT 267 & SR-26, EXIT 30",Jefferson,WI,43.00556,-88.80733,3.2090,3.2090,3.2090,1,city
71141,CASEYS #3901,"I-55, EXIT 178 & CR-23",Lexington,IL,40.64142,-88.7834,3.3490,3.3390,3.3590,2,city
71142,LOVES TRAVEL STOP #775,US-20 & SR-2,Rockford,IL,42.27113,-89.094,3.2790,3.2290,3.3490,4,city
71143,CASEYS #3904,SR-141,Manning,IA,41.90915,-95.06499,3.2090,3.2090,3.2090,1,city
71144,CASEYS #3675,US-12 & US-75,Ortonville,MN,45.30469,-96.44478,3.3790,3.3790,3.3790,1,city
71145,CASEYS #3905,I-74/US-421 EXIT 113,Shelbyville,IN,39.52144,-85.77692,3.5990,3.5990,3.5990,1,city
71146,CASEYS #2968,US-34,Eagle,NE,40.81667,-96.43029,3.2390,3.2390,3.2390,1,city
71147,CASEYS #3910,US-177 & SR-33,Perkins,OK,35.97394,-97.03364,3.0157,3.0157,3.0157,1,city
71148,CASEYS #1892,US-65,Sheffield,IA,42.8933,-93.2152,3.1523,3.1523,3.1523,1,city
71149,KOUNTRY KORNER,SR-20,Mount Pleasant,MI,43.59781,-84.76751,3.6190,3.6190,3.6190,1,city
71150,LOVES TRAVEL STOP #812,"I-84, EXIT 141",Bliss,ID,42.92685,-114.94951,3.7857,3.7857,3.7857,1,city
71151,LOVES TRAVEL STOP #880,US-50 & SR-130,Olney,IL,38.73088,-88.08532,3.2890,3.1890,3.3890,6,city
71152,LOVES TRAVEL STOPS #841,"US-24, EXIT 41",Napoleon,OH,41.39227,-84.12522,3.6970,3.6890,3.7050,2,city
71153,KWIK TRIP #1083,SR-35,Osceola,WI,45.32052,-92.70493,3.4990,3.4990,3.4990,1,city
71154,KWIK TRIP #489,CR-3,DUNDAS,MN,44.42941,-93.20188,3.4990,3.4990,3.4990,1,city
71155,KWIK TRIP #1124,"SR-16, EXIT 184",Sussex,WI,43.1339,-88.22204,3.3773,3.3773,3.3773,1,city
71158,CIRCLE K #2707533,"SR-570, EXIT 3 & SR-572",Lakeland,FL,28.03947,-81.9498,3.5323,3.5323,3.5323,1,city
71160,CIRCLE K #4706316,"I-96, EXIT 46  & SR-6, EXIT 15",Caledonia,MI,42.7892,-85.51669,3.6690,3.6390,3.6990,2,city
71161,CIRCLE K #2720931,"I-95, EXIT 107 & US-301",Kenly,NC,35.59627,-78.12416,3.1490,3.1490,3.1490,1,city
71162,CIRCLE K #4705694,US-20 & CR-245,Norwalk,OH,41.24255,-82.61573,3.6140,3.6140,3.6140,1,city
71163,DANDY MINI MART #68,"I-86/SR-17, EXIT 51A & CR-64",Elmira,NY,42.0898,-76.80773,3.8990,3.8990,3.8990,1,city
71164,DANDY MINI MART #59,SR-287,Middlebury Center,PA,41.84368,-77.27442,3.9990,3.9990,3.9990,1,city
71165,PALMETTO EXPRESS #115,"I-26, EXIT 125 & US-176",Gaston,SC,33.8171,-81.10093,3.1990,3.1990,3.1990,1,city
71166,MAVERIK COUNTRY STORE #616,US-50,Montrose,CO,38.47832,-107.87617,3.3957,3.3957,3.3957,1,city
71167,LOVES TRAVEL STOP #768,"I-55, EXIT 247",Channahon,IL,41.42948,-88.22867,3.4490,3.3490,3.5490,5,city
71168,LOVES TRAVEL STOP #797,"I-80, EXIT 176",Winnemucca,NV,40.97296,-117.73568,3.7440,3.7440,3.7440,1,city
71169,LOVES TRAVEL STOP #879,"I-69 EXIT,286 & US-24 & SR-9",Huntington,IN,40.8831,-85.49748,3.5007,3.5007,3.5007,1,city
71170,LOVES TRAVEL STOP #849,"I-94, EXIT 292 & CR-21",Valley City,ND,46.92331,-98.00315,3.9690,3.9690,3.9690,1,city
71171,TEXSTAR TRAVEL CENTER,I-35 EXIT 302,Temple,TX,31.09823,-97.34278,2.9123,2.9123,2.9123,1,city
71172,ZIPPY JS #18,CR-577 & CR-80,Brenham,TX,30.16688,-96.39774,3.1990,3.1990,3.1990,1,city
71173,ENMARKET #828,"I-95/SR-405, EXIT 102 & US-80",Pooler,GA,32.11548,-81.24706,3.0823,3.0823,3.0823,1,city
71176,QUIKTRIP #1710,US-23/SR-365,Gainesville,GA,34.29788,-83.82407,3.3457,3.3457,3.3457,1,city
71177,COMO TRAVEL CENTER,"I-55, EXIT 257 & SR-310",Como,MS,34.51066,-89.93981,3.0790,3.0790,3.0790,1,city
71179,7-ELEVEN #41332,"I-26, EXIT 76 & SR-219",Newberry,SC,34.27458,-81.61872,3.3323,3.3323,3.3323,1,city
71181,7-ELEVEN #38637,"I-85, EXIT 72 & I-585/US-176",Spartanburg,SC,34.94957,-81.93205,3.1157,3.1157,3.1157,1,city
71185,SHEETZ #698,"I-78/US-22, EXIT 45 & SR-863",Kutztown,PA,40.51732,-75.77742,3.3290,3.3290,3.3290,1,city
71186,7-ELEVEN #36837,US-29 & SR-904,Anderson,SC,34.50344,-82.65013,3.0890,3.0890,3.0890,1,city
71187,KWIK TRIP #1041,SR-11 & CR-H,Sturtevant,WI,42.69807,-87.89452,3.7940,3.7940,3.7940,1,city
71188,QUIKTRIP #1722,"I-75, EXIT 153",Macon,GA,32.84069,-83.6324,3.0890,3.0890,3.0890,1,city
71189,QUIKTRIP #1198,"I-20, EXIT 55",Lexington,SC,33.98154,-81.23621,3.1290,3.1290,3.1290,1,city
71190,LOVES TRAVEL STOPS #888,"I-80/US-30, EXIT 85 & SR-374",Green River,WY,41.52858,-109.46625,3.6480,3.5890,3.7070,2,city
71191,MAVERIK COUNTRY STORE #631,I-80/5600 WEST,Salt Lake City,UT,40.76078,-111.89105,3.4590,3.4590,3.4590,1,city
71193,ASAP GENERAL STORE #308,US-60 & SR-123,Bartlesville,OK,36.74731,-95.98082,3.1910,3.1910,3.1910,1,city
71194,ASAP GENERAL STORE #104,"I-40, EXIT 84 & US-54",Weatherford,OK,35.52616,-98.70757,3.1323,3.1323,3.1323,1,city
71195,ASAP GENERAL STORE #301,"I-40, EXIT 108 & US-281/SR-8",Geary,OK,35.63116,-98.31729,3.1323,3.1323,3.1323,1,city
71196,ASAP GENERAL STORE #302,SR-33 & SR 54,Thomas,OK,35.74422,-98.74758,3.1323,3.1323,3.1323,1,city
71197,ASAP GENERAL STORE #304,US-60/SR-51 & US-283,Arnett,OK,36.13504,-99.77484,3.2323,3.2323,3.2323,1,city
71198,LOVES TRAVEL STOP #844,"I-90, EXIT 233 & SR-74",Saint Charles,MN,43.96941,-92.06433,3.5690,3.5690,3.5690,1,city
71199,LOVES TRAVEL STOP #814,"I-22, EXIT 14 & CR-35",Hamilton,AL,34.14232,-87.98864,3.5557,3.5557,3.5557,1,city
71200,LOVES TRAVEL STOP #730,"I-80, EXIT 440 & SR-50",Omaha,NE,41.25626,-95.94043,3.2807,3.2807,3.2807,1,city
71201,PRIDE TRAVEL CENTER,I-91 EXIT 33,Hartford,CT,41.76371,-72.68509,3.5090,3.5090,3.5090,1,city
71202,QUIKTRIP #1181,"I-26, EXIT 154B & US-301",Orangeburg,SC,33.49182,-80.85565,3.2357,3.2357,3.2357,1,city
71206,JACKSONS FOOD STORES #138,US-95/SR-339 & SR-208,Yerington,NV,38.98575,-119.16293,3.6790,3.6790,3.6790,1,city
71207,GAS N WASH,"I-80, EXIT 148B & SR-43",Tinley Park,IL,41.57337,-87.78449,3.5990,3.4990,3.6790,3,city
71208,RACEWAY #6789,US-301 & SR-150,Richmond,VA,37.55376,-77.46026,3.4290,3.4290,3.4290,1,city
71209,RACETRAC #2529,"I-75, EXIT 285 & SR-52",San Antonio,FL,28.33611,-82.27453,3.3157,3.3157,3.3157,1,city
71210,RACETRAC #2515,I-820 & BUS-287,Fort Worth,TX,32.72541,-97.32085,2.8773,2.8773,2.8773,1,city
71211,KUM & GO #0138,US-67,Jacksonville,AR,34.8662,-92.11015,3.0990,3.0990,3.0990,1,city
71212,KUM & GO #0426,BUS-71,Springdale,AR,36.18674,-94.12881,3.1490,3.1490,3.1490,1,city
71213,KUM & GO #0429,US-62,Rogers,AR,36.33202,-94.11854,3.0090,3.0090,3.0090,1,city
71214,MAVERIK #5317,"I-76, EXIT 22",Brighton,CO,39.98526,-104.82053,3.2340,3.2340,3.2340,1,city
71215,MAVERIK #5319,SR-392 & SR-257,Windsor,CO,40.47748,-104.90136,3.1590,3.1590,3.1590,1,city
71216,Maverik Country Store #5337,"I-35, EXIT 102 & SR-210",Huxley,IA,41.89527,-93.60077,3.0923,3.0923,3.0923,1,city
71217,KUM & GO #0185,US-65,Bondurant,IA,41.70054,-93.46216,3.0950,3.0950,3.0950,1,city
71218,KUM & GO #1435,US-65,Fair Grove,MO,37.38393,-93.1513,3.1557,3.1557,3.1557,1,city
71219,KUM & GO #1568,"I-44, EXIT 156",Waynesville,MO,37.82865,-92.20072,3.0990,3.0990,3.0990,1,city
71221,LOVES TRAVEL STOP #786,I-435 EXIT 55,Kansas City,MO,39.09973,-94.57857,3.3890,3.3890,3.3890,1,city
71223,SCOOBA JUNCTION,US-45 & SR-16,Scooba,MS,32.82819,-88.47643,3.2157,3.2157,3.2157,1,city
71227,TEX BEST #529,SR-16 & SR-1604,Von Ormy,TX,29.28913,-98.64446,3.0490,3.0490,3.0490,1,city
71228,SHELL,"I-80, EXIT 279 & SR-10",Gibbon,NE,40.74835,-98.8448,3.2990,3.2990,3.2990,1,city
71229,THE PRIDE OF PALATINE,"I-90, EXIT 65 & SR-62",Palatine,IL,42.1103,-88.03424,3.3990,3.3990,3.3990,1,city
71230,THE PRIDE OF LAKE COUNTY,US-12 & SR-53,Lake Zurich,IL,42.19697,-88.09341,3.3490,3.3490,3.3490,1,city
71232,GATEWAY TRAVEL CENTER,US-16 & US-85,Newcastle,WY,43.8547,-104.20494,3.3240,3.3240,3.3240,1,city
71233,Fuel America Travel Center #2,"I-35, EXIT 32",Encinal,TX,28.04112,-99.35448,3.0490,3.0490,3.0490,1,city
71234,CHEVRON #352305,I-610 & SR-47,Chalmette,LA,29.94296,-89.96537,3.1390,3.1390,3.1390,1,city
71239,CASEYS #3926,"I-29, EXIT 84 & SR-118",Mound City,MO,40.13111,-95.23164,3.1573,3.1573,3.1573,1,city
71240,LOVES TRAVEL STOP #764,I-24 EXIT 117,Hillsboro,TN,35.41258,-85.97026,3.3257,3.3257,3.3257,1,city
71241,WEIGLES #58,"I-40, Exit 356A & SR-58",Kingston,TN,35.88091,-84.50854,3.1690,3.1690,3.1690,1,city
71242,LAST STOP TRAVEL CENTER,US-93,Willow Beach,AZ,35.866,-114.664,3.4957,3.4957,3.4957,1,manual
71244,MAVERIK COUNTRY STORE #644,"I-84/I-15, EXIT 344 & SR-39",Ogden,UT,41.223,-111.97383,3.3723,3.3723,3.3723,1,city
71245,MAVERIK COUNTRY STORE #651,"I-15, EXIT 67 & US-30",Pocatello,ID,42.8713,-112.44553,3.4023,3.4023,3.4023,1,city
71246,TOOT N TOTUM #99,I-40 EXIT 75,Amarillo,TX,35.222,-101.8313,3.0457,3.0457,3.0457,1,city
71247,LOVES TRAVEL STOP #848,"I-59, Exit 104",Sandersville,MS,31.7867,-89.03453,3.1623,3.1623,3.1623,1,city
71248,RACETRAC #2560,"I-4, EXIT-55",Davenport,FL,28.1614,-81.60174,3.2890,3.2890,3.2890,1,city
71249,RACETRAC #2589,"I-20, EXIT 185",Oxford,AL,33.61427,-85.83496,2.9990,2.9990,2.9990,1,city
71250,NAVAJO BLUE TRAVEL CENTER,I-40 EXIT 219,Flagstaff,AZ,35.19807,-111.65127,3.6090,3.6090,3.6090,1,city
71251,RUTTERS #91,US-30 & SR-772,Gap,PA,39.98732,-76.02051,4.1990,4.1990,4.1990,1,city
71252,QUIKTRIP #1178,"I-26, EXIT 54 & SR-72",Clinton,SC,34.47263,-81.88066,3.0990,3.0990,3.0990,1,city
71253,QUIKTRIP #4066,"I-35, EXIT 122 & SR-173",Devine,TX,29.13996,-98.90531,2.9657,2.9657,2.9657,1,city
71255,Fuel N Treat,"I-70/US-40, EXIT 84 & CR-J",Nelson,MO,38.99474,-93.0327,3.2840,3.2840,3.2840,1,city
71256,SIGNAL FOOD STORE #120,US-60,Seymour,MO,37.14644,-92.76878,3.0257,3.0257,3.0257,1,city
71257,FARMERS UNION SOUTHERN VALLEY,US-75 & SR-210,Wahpeton,ND,46.26524,-96.60591,3.4990,3.4990,3.4990,1,city
71259,LOVES TRAVEL STOP #846,I-10 EXIT 10,Irvington,AL,34.63981,-86.92917,3.1657,3.1657,3.1657,1,city
71260,LOVES TRAVEL STOP #881,US HWY 224 & OH 225,Diamond,OH,41.09895,-81.02287,3.4523,3.4523,3.4523,1,city
71261,Una Travel Center,I-94 EXIT 228,Roseville,MI,42.49726,-82.93714,3.8990,3.8990,3.8990,1,city
71262,LOVES TRAVEL STOP #892,"I-70, EXIT 118 & SR-310",Etna,OH,39.95729,-82.68183,3.4607,3.4607,3.4607,1,city
71263,Loves Travel Stop # 660,"I-25, Exit 49",Walsenburg,CO,37.62418,-104.78026,4.2490,4.2490,4.2490,1,city
71264,MAVERIK COUNTRY STORE #649,I-25/US-85 EXIT 220 & SR-500,Albuquerque,NM,35.08449,-106.65114,3.2057,3.2057,3.2057,1,city
71265,U SAVE FOOD STORES 1,SR-39/SR-55,Richwood,WV,38.22484,-80.53314,3.5990,3.5990,3.5990,1,city
71266,LOVES TRAVEL STOP #787,"I-81, EXIT 30 & SR-70",Mosheim,TN,36.18954,-82.95849,3.5557,3.5557,3.5557,1,city
71267,LOVES TRAVEL STOP #878,"US-131/SR-43, EXIT 44",Kalamazoo,MI,42.29171,-85.58723,3.6490,3.5890,3.6890,3,city
71268,MAVERIK COUNTRY STORE #650,SR 85 & W 900 S,West Jordan,UT,40.60967,-111.9391,3.4323,3.4323,3.4323,1,city
71269,Maverik Country Store #652,I-84 & SR 79,Jerome,ID,42.72407,-114.51865,3.3940,3.3940,3.3940,1,city
71270,QUIKTRIP #7904,I-20 EXIT 285,Abilene,TX,32.44874,-99.73314,2.8757,2.8757,2.8757,1,city
71271,MAVERIK COUNTRY STORE #672,SR-69,Dewey,AZ,34.53003,-112.24127,3.2190,3.2190,3.2190,1,city
71275,ALLSUPS CONVENIENCE STORE #2272,US-67/US-84,Bangs,TX,31.7171,-99.13255,2.9323,2.9323,2.9323,1,city
71276,Circle K #2706617,I-4 EXIT 28,Lakeland,FL,28.03947,-81.9498,3.2507,3.2507,3.2507,1,city
71277,CIRCLE K #2706619,I-75 EXIT 354,Ocala,FL,29.1872,-82.14009,3.4573,3.4573,3.4573,1,city
71278,Kwik Trip #1506,SR-26,Fort Atkinson,WI,42.92889,-88.83705,3.5773,3.5773,3.5773,1,city
71281,Pride Travel Center dba One9 #1213,"I-40, Exit 25",Yucca,AZ,34.87223,-114.1494,3.5590,3.5590,3.5590,2,city
71282,QuikTrip #4128,SR-71,Bastrop,TX,30.11049,-97.31527,2.9657,2.9657,2.9657,1,city
71283,QUIKTRIP #7135,US-17,Hardeeville,SC,32.28714,-81.08067,2.9990,2.9990,2.9990,1,city
71284,Loves Travel Stop #889,"I-22, Exit 30",Holly Springs,MS,31.31573,-89.97786,3.3157,3.3157,3.3157,1,city
71285,Shrees Truck Stop Seattle,SR-509,Seattle,WA,47.60621,-122.33207,3.7990,3.7990,3.7990,1,city
71286,RACETRAC #2323,I-75 EXIT 128,Fort Myers,FL,26.62168,-81.84059,3.2990,3.2990,3.2990,1,city
71287,RACETRAC #482,I-310 EXIT 2A,Saint Rose,LA,29.94687,-90.32313,3.1257,3.1257,3.1257,1,city
71288,SHEETZ #700,"I-270, EXIT 49 & SR-317",Groveport,OH,39.8784,-82.88379,3.0590,3.0590,3.0590,1,city
71289,7-ELEVEN #38835,I-75 EXIT 139,Fort Myers,FL,26.62168,-81.84059,3.5990,3.5990,3.5990,1,city
71290,LOVES TRAVEL STOP #808,"US-19/SR-3, EXIT 3 & US-82",Albany,GA,31.57851,-84.15574,3.7890,3.7890,3.7890,1,city
71291,HUCKS FOOD & FUEL #351 DBA ONE9 #1286,"I-57, Exit 116",Salem,IL,38.62699,-88.94562,3.1390,3.0990,3.2390,4,city
71295,MOUNTAINEER MART #33,US-33/119,Buckhannon,WV,38.99399,-80.23203,3.8990,3.8990,3.8990,1,city
71298,QUIKTRIP #1923,"I-45, EXIT 229",Corsicana,TX,32.09543,-96.46887,2.8490,2.8490,2.8490,1,city
71299,QUIKTRIP #7903,"I-35, EXIT 331",Waco,TX,31.54933,-97.14667,2.9557,2.9557,2.9557,1,city
71300,SPEEDWAY #1407,"I-94, EXIT 145",Jackson,MI,42.24587,-84.40135,3.5740,3.5490,3.5990,2,city
71301,Atlanta IL Visitors Center,I-55 EXIT 140,Atlanta,IL,40.25948,-89.23342,3.3990,3.3990,3.3990,1,city
71302,KWIK STAR #1107,I-380 EXIT 18,Cedar Rapids,IA,42.00833,-91.64407,3.5740,3.5740,3.5740,1,city
71303,KWIK TRIP #1132,SR-21,Omro,WI,44.03943,-88.74428,3.3773,3.3773,3.3773,1,city
71305,AMIGO'S COUNTRY STORE,"I-35, EXIT 122 & SR-173",Devine,TX,29.13996,-98.90531,3.0990,3.0990,3.0990,1,city
71307,Speedway #1221,"I-24/69, EXIT 27 & US-62",Calvert City,KY,37.03339,-88.35004,3.4490,3.4490,3.4490,1,city
71308,QUIKTRIP #7145,"I-40, EXIT 239A",Lebanon,TN,36.20811,-86.2911,2.9157,2.9157,2.9157,1,city
71309,SUGAR CROSSING CONVENIENCE,US-33 & CR-63,Lancaster,OH,39.71368,-82.59933,3.3823,3.3823,3.3823,1,city
71310,CIRCLE K #2722120,US-441/27,Summerfield,FL,29.00859,-82.03481,3.5257,3.5257,3.5257,1,city
71311,CIRCLE K #708,"I-85, EXIT 64 & US-29",Opelika,AL,32.64541,-85.37828,3.2657,3.2657,3.2657,1,city
71313,LOVES TRAVEL STOP  #821,"US-70, Exit W Main St",Durant,OK,33.99399,-96.37082,3.4890,3.4890,3.4890,1,city
71314,Loves Travel Stop  #806,I-20 Exit 124,Monroe,LA,32.50931,-92.1193,3.1673,3.1673,3.1673,1,city
71315,KWIK TRIP #1062,SR-33,West Bend,WI,43.42528,-88.18343,3.5557,3.5557,3.5557,1,city
71316,KWIK TRIP #1084,SR-97,Marshfield,WI,44.66885,-90.1718,3.4757,3.4757,3.4757,1,city
71318,LOVES TRAVEL STOP  #800,SR-83,Elk Grove Village,IL,42.00392,-87.97035,3.5190,3.3790,3.6490,6,city
71319,LOVES TRAVEL STOP #868,"I-95, EXIT 223",Mims,FL,28.66527,-80.84478,3.6890,3.6890,3.6890,1,city
71320,TA EXPRESS EDGERTON #284,I-35 EXIT 205,Edgerton,KS,38.76473,-95.00802,3.6990,3.6990,3.6990,1,city
71321,Kwik Star #1119,US-18,Emmetsburg,IA,43.11274,-94.68304,3.4490,3.4490,3.4490,1,city
71322,KWIK TRIP #1101,US-141,Crivitz,WI,45.23248,-88.00761,3.3040,3.3040,3.3040,1,city
71323,MAVERIK COUNTRY STORE #517,SR-114 & E MILL RD,Orem,UT,40.2969,-111.69465,3.4407,3.4407,3.4407,1,city
71324,7-ELEVEN #38992,"I-85/US-29, EXIT 40 & I-185, EXIT 12",Piedmont,SC,34.70234,-82.46457,3.4990,3.4990,3.4990,1,city
71325,QUIKTRIP #7223,"I-20, EXIT 23 & SR-782-2",Bossier City,LA,32.51599,-93.73212,2.8923,2.8923,2.8923,1,city
71326,CIRCLE K #4705730,"I-480 & SR-82, EXIT 36",Twinsburg,OH,41.31256,-81.44011,3.9890,3.9890,3.9890,1,city
71327,MAVERIK COUNTRY STORE #668,"I-80, EXIT 313",Laramie,WY,41.31137,-105.5911,3.2457,3.2457,3.2457,1,city
71328,IRVING,US-1,Norwood,MA,42.19454,-71.1995,3.6940,3.6940,3.6940,1,city
71329,SPEEDWAY #1439,I-20 Exit 100,Mc Calla,AL,33.34872,-87.01416,2.9023,2.9023,2.9023,1,fuzzy
71330,JORDAN MINI MART,SR- 31 & CR-59,Jordan,NY,43.06534,-76.47299,3.8290,3.7990,3.8590,2,city
71331,KWIK TRIP #1106,SR-13 & SR-64,Medford,WI,45.13858,-90.34014,3.4223,3.4223,3.4223,1,city
71332,ALLSUPS CONVENIENCE STORE #2308,SR-128 & SR-18,Jal,NM,32.11318,-103.19351,3.1290,3.1290,3.1290,1,city
71333,ALLSUPS CONVENIENCE STORE #2105,"I-20, EXIT 332 & US-183",Cisco,TX,32.38819,-98.97923,2.9290,2.9290,2.9290,1,city
71334,ALLSUPS CONVENIENCE STORE #2278,SR-302 & SR-18,Kermit,TX,31.85763,-103.09267,3.0890,3.0890,3.0890,1,city
71335,ALLSUPS CONVENIENCE STORE #2367,"I-27/US-87, EXIT 49B & US-70",Plainview,TX,34.18479,-101.70684,2.9090,2.9090,2.9090,1,city
71336,ALLSUPS CONVENIENCE STORE #2180,US-84 & US-180,Snyder,TX,32.71789,-100.91762,2.9857,2.9857,2.9857,1,city
71337,ALLSUPS CONVENIENCE STORE #2229,US-377 & SR-108,Stephenville,TX,32.2207,-98.20226,3.1590,3.1590,3.1590,1,city
71338,KWIK TRIP #755,US-18,Fennimore,WI,42.9836,-90.6554,3.4240,3.4240,3.4240,1,city
71339,CASEYS #3934,"I-35, EXIT 89 & CO-R6F",Ankeny,IA,41.72971,-93.60577,3.0990,3.0990,3.0990,1,city
71340,KWIK TRIP #180,US-14/SR-68,New Ulm,MN,44.31246,-94.46053,3.3490,3.3490,3.3490,1,city
71341,QUIKTRIP #7147,"I-40, EXIT 172 & SR-46",Dickson,TN,36.077,-87.38779,2.9157,2.9157,2.9157,1,city
71342,CASEYS #3505,US-212,Stewart,MN,44.72468,-94.48582,3.3690,3.3690,3.3690,1,city
71343,ALLSUPS CONVENIENCE STORE #2014,US-377/US-67,Dublin,TX,32.08514,-98.34199,3.1590,3.1590,3.1590,1,city
71344,ALLSUPS CONVENIENCE STORE #2061,US-84 & US-380,Post,TX,33.19122,-101.379,2.9440,2.9440,2.9440,1,city
71345,ALLSUPS CONVENIENCE STORE #2084,US-377 & CR-234,Brownwood,TX,31.70932,-98.99116,2.9490,2.9490,2.9490,1,city
71346,ALLSUPS CONVENIENCE STORE #2094,US-277 & US-83,Abilene,TX,32.44874,-99.73314,2.8890,2.8890,2.8890,1,city
71347,ALLSUPS CONVENIENCE STORE #2128,"I-20, EXIT 301 & CR-276",Clyde,TX,32.40596,-99.49369,2.8890,2.8890,2.8890,1,city
71348,ALLSUPS CONVENIENCE STORE #2142,US-62/US-180,Hobbs,NM,32.70261,-103.13604,3.3823,3.3823,3.3823,1,city
71349,ALLSUPS CONVENIENCE STORE #2204,SR-115 & CR-201,Wink,TX,31.75124,-103.15989,3.0890,3.0890,3.0890,1,city
71350,ALLSUPS CONVENIENCE STORE #2206,US-385 & SR-176,Andrews,TX,32.31872,-102.54572,3.3923,3.3923,3.3923,1,city
71351,ALLSUPS CONVENIENCE STORE #2207,US-377/US-67 & SR-36,Comanche,TX,31.89737,-98.60366,3.1590,3.1590,3.1590,1,city
71352,ALLSUPS CONVENIENCE STORE #2223,US-285 & SR-357,Artesia,NM,32.84233,-104.4033,3.3990,3.3990,3.3990,1,city
71353,ALLSUPS CONVENIENCE STORE #2246,US-84 & SR-268,Melrose,NM,34.43035,-103.63246,3.8123,3.8123,3.8123,1,city
71354,ALLSUPS CONVENIENCE STORE #2247,US-377 & SR-16,Comanche,TX,31.89737,-98.60366,3.1623,3.1623,3.1623,1,city
71355,ALLSUPS CONVENIENCE STORE #2249,US-377 & US-281,Stephenville,TX,32.2207,-98.20226,3.1590,3.1590,3.1590,1,city
71356,ALLSUPS CONVENIENCE STORE #2266,I-20 & US-285,Pecos,TX,31.42291,-103.49323,3.3790,3.3790,3.3790,1,city
71357,ALLSUPS CONVENIENCE STORE #2279,SR-115 & SR-18,Kermit,TX,31.85763,-103.09267,3.0890,3.0890,3.0890,1,city
71358,ALLSUPS CONVENIENCE STORE #2285,US-285 & US-62,Carlsbad,NM,32.42067,-104.22884,3.1940,3.1940,3.1940,1,city
71359,ALLSUPS CONVENIENCE STORE #2350,"I-20, EXIT 285 & US-83",Abilene,TX,32.44874,-99.73314,2.8757,2.8757,2.8757,1,city
71360,ALLSUPS CONVENIENCE STORE #2353,US-76/US-277,San Angelo,TX,31.46377,-100.43704,3.1957,3.1957,3.1957,1,city
71361,ALLSUPS CONVENIENCE STORE #2358,US-277/US-87,Wall,TX,31.37405,-100.30759,3.2057,3.2057,3.2057,1,city
71362,ALLSUPS CONVENIENCE STORE #2359,US-377/US-67 & CR-498,Stephenville,TX,32.2207,-98.20226,3.1590,3.1590,3.1590,1,city
71363,ALLSUPS CONVENIENCE STORE #2360,FM-988 & FM-8,Stephenville,TX,32.2207,-98.20226,3.1590,3.1590,3.1590,1,city
71364,QUICK FUEL #3188,I-75,Sidney,OH,40.28422,-84.1555,3.3323,3.3323,3.3323,1,city
71365,COLES BP,SR 49,Brownsville,WI,43.61638,-88.49066,3.0990,3.0990,3.0990,1,city
71366,AMOCO,SR 31,Kenosha,WI,42.58474,-87.82119,3.7190,3.7190,3.7190,1,city
71367,ROAD RANGER #280,"I-20, EXIT 79 & SR-464",Monahans,TX,31.5943,-102.89265,3.4590,3.4590,3.4590,1,city
71368,Kwik Star #1071,I-280 E and US-61 N,Davenport,IA,41.52364,-90.57764,3.3240,3.3240,3.3240,1,city
71369,MR GAS TRAVEL CENTER #21,I-84 EXIT 59A,Boise,ID,43.6135,-116.20345,3.6957,3.6957,3.6957,1,city
71370,MAVERIK COUNTRY STORE #645,"I-40, Exit 16",Gallup,NM,35.52808,-108.74258,3.1590,3.1590,3.1590,1,city
71371,BREAK TIME #3167,US-65 & HWY-HH,Sedalia,MO,38.70446,-93.22826,3.2940,3.2940,3.2940,1,city
71372,Simonson Station,US-71 & SR-34,Park Rapids,MN,46.92218,-95.05863,3.5990,3.5990,3.5990,1,city
71376,7-ELEVEN #41127,SR-29,Labelle,FL,26.76173,-81.43841,3.5590,3.5590,3.5590,1,city
71377,7-ELEVEN #38485,I-76 Exit 25,Brighton,CO,39.98526,-104.82053,3.5990,3.5990,3.5990,1,city
71378,QUIKTRIP #1410,"I-10, EXIT 136B & SR-202, EXIT 78A",Phoenix,AZ,33.44838,-112.07404,3.3690,3.3690,3.3690,1,city
71379,QUIKTRIP #7211,"I-30/US-67/US-70, EXIT 128",Little Rock,AR,34.74648,-92.28959,3.0490,3.0490,3.0490,1,city
71381,KWIK TRIP #1112,US-63 & SR-77,Hayward,WI,46.01301,-91.48462,3.6390,3.6390,3.6390,1,city
71382,KWIK TRIP #346,US-151 BUS & CR-G/CR-D,Beaver Dam,WI,43.45777,-88.83733,3.1957,3.1957,3.1957,1,city
71383,Caseys #3940,I-69 & SR 4,Ashley,IN,41.5262,-85.06678,3.5973,3.5973,3.5973,1,city
71384,CASEYS #3944,I-29 & CR-106,Tea,SD,43.44637,-96.83588,3.1990,3.1990,3.1990,1,city
71385,CASEYS #3907,I-675 & SR-235,Fairborn,OH,39.82089,-84.01938,3.6790,3.6790,3.6790,1,city
71386,CASEYS #3952,SR-1 & SR-9,Hoopeston,IL,40.46726,-87.66836,3.2440,3.1890,3.2590,4,city
71387,CASEYS #3954,"I-80, Exit 168",Newton,IA,41.69971,-93.04798,3.2490,3.2490,3.2490,1,city
71388,CASEYS #3850,US HWY 77,Wahoo,NE,41.21139,-96.6203,3.1740,3.1740,3.1740,1,city
71389,SPEEDWAY #1590,"I-95, EXIT 193",Dillon,SC,34.41655,-79.37116,3.1257,3.1257,3.1257,1,city
71390,SPEEDWAY #7269,I-270 EXIT 6B,Granite City,IL,38.70144,-90.14872,3.4590,3.3790,3.5190,3,city
71391,QUIKTRIP #7210,I-40 EXIT 142,North Little Rock,AR,34.76954,-92.26709,3.0490,3.0490,3.0490,1,city
71392,Loves Travel Stop #834,SR 17 & SR 1,Grant Park,IL,41.24114,-87.64615,3.3540,3.3290,3.3790,2,city
71393,CASEYS #3303,HWY 15 AND HWY 55,Kimball,MN,45.31246,-94.30027,3.1990,3.1990,3.1990,1,city
71394,QUIKTRIP #955,"I-35W, EXIT 26A & US-67",Alvarado,TX,32.40653,-97.21168,2.9757,2.9757,2.9757,1,city
71395,KWIK TRIP #340,US-18 & SR-23,Dodgeville,WI,42.96027,-90.13012,3.4890,3.4890,3.4890,1,city
71397,RACEWAY #6971,US-82/SR-520,Leesburg,GA,31.73212,-84.17074,3.1090,3.1090,3.1090,1,city
71398,KWIK STAR #1089,SR 415,Polk City,IA,41.77138,-93.713,3.1590,3.1590,3.1590,1,city
71399,Loves Travel Stop  #809,"I-70 & MO Hwy D, Exit 31",Bates City,MO,39.00612,-94.07245,3.2207,3.2207,3.2207,1,city
71401,KWIK TRIP #1169,"I-694, EXIT 52B & SR-36",Saint Paul,MN,44.94441,-93.09327,3.5157,3.5157,3.5157,1,city
71402,FIREBIRD FUEL #6196,US-60 & SR-303,Surprise,AZ,33.63059,-112.33322,3.3830,3.3830,3.3830,1,city
71404,Flyers #3200,"I-17, Exit 215B",Phoenix,AZ,33.44838,-112.07404,3.3523,3.3523,3.3523,1,city
71405,FLYERS #3201,"US-60, Exit 157",Phoenix,AZ,33.44838,-112.07404,3.3690,3.3690,3.3690,1,city
71406,FLYERS #3203,"I-10, Exit 139",Phoenix,AZ,33.44838,-112.07404,3.3190,3.3190,3.3190,1,city
71407,FLYERS #3204,SR 202,Phoenix,AZ,33.44838,-112.07404,3.3523,3.3523,3.3523,1,city
71408,Flyers #3205,"I-17, Exit 195B",Phoenix,AZ,33.44838,-112.07404,3.3823,3.3823,3.3823,1,city
71410,Flyers #3213,"US-60, Exit 181",Mesa,AZ,33.42227,-111.82264,3.3523,3.3523,3.3523,1,city
71411,Flyers #3214,"I-10, Exit 161C",Chandler,AZ,33.30616,-111.84125,3.3523,3.3523,3.3523,1,city
71412,FLYERS #3215,SR 87,Chandler,AZ,33.30616,-111.84125,3.3523,3.3523,3.3523,1,city
71413,Flyers #3216,"US 60, Exit 194",Apache Junction,AZ,33.41505,-111.54958,3.4223,3.4223,3.4223,1,city
71416,FLYERS #3225,"I-10, Exit 255",Tucson,AZ,32.22174,-110.92648,3.3590,3.3590,3.3590,1,city
71417,Flyers #3227,"I-10, Exit 263A",Tucson,AZ,32.22174,-110.92648,3.3557,3.3557,3.3557,1,city
71418,Quick Fuel #3228,"I-10, Exit 264",Tucson,AZ,32.22174,-110.92648,3.3623,3.3623,3.3623,1,city
71421,FLYERS #3236,"SR 601, Exit 22",El Paso,TX,31.75872,-106.48693,3.2290,3.2290,3.2290,1,city
71428,KWIK TRIP #1140,SR-69/SR-92 & HWY-CC,Belleville,WI,42.85972,-89.53818,3.6040,3.6040,3.6040,1,city
71429,QUIKTRIP #1432,SR 202 EXIT 76,Phoenix,AZ,33.44838,-112.07404,3.3690,3.3690,3.3690,1,city
71430,QUIKTRIP #7144,US-31W,Goodlettsville,TN,36.32311,-86.71333,2.9157,2.9157,2.9157,1,city
71433,Kwik Star #1146,US HWY 151,Cedar Rapids,IA,42.00833,-91.64407,3.6240,3.6240,3.6240,1,city
71434,KWIK STAR #1154,"SR 18 & SR 60, Exit 34",Sheldon,IA,43.18109,-95.85613,3.1990,3.1990,3.1990,1,city
71435,QUIKTRIP #1036,I-85 Exit 40,Charlotte,NC,35.22709,-80.84313,3.3040,3.3040,3.3040,1,city
71436,GOOD 2 GO #213,I-90 EXIT 58 & US-16,Buffalo,WY,44.34831,-106.69894,3.5250,3.5250,3.5250,1,city
71437,GOOD 2 GO #121,I-15 EXIT 113,Idaho Falls,ID,43.46658,-112.03414,3.4790,3.4790,3.4790,1,city
71438,LOVES TRAVEL STOP #893,US-80 & SR-307,Savannah,GA,32.08354,-81.09983,3.2890,3.2890,3.2890,1,city
71439,LOVES TRAVEL STOP #802,I-10 EXIT 26,Milton,FL,30.63241,-87.03969,3.3390,3.3390,3.3390,1,city
71440,MAVERIK COUNTRY STORE #667,"I-90, EXIT 289 & SR-27",Spokane,WA,47.65966,-117.42908,3.9840,3.9690,3.9990,4,city
71441,MAVERIK COUNTRY STORE #678,US-191,Vernal,UT,40.45552,-109.52875,3.4423,3.4423,3.4423,1,city
71442,RACETRAC #2597,"I-65, EXIT 91 & US-31W",Elizabethtown,KY,37.69395,-85.85913,2.9190,2.9190,2.9190,1,city
71443,LOVES TRAVEL STOP #810,US-33 & SR-540,Bellefontaine,OH,40.36116,-83.75966,3.3523,3.3523,3.3523,1,city
71444,One9 #1318,"I-44, Exit 88",Strafford,MO,37.26838,-93.11713,2.9857,2.9857,2.9857,1,city
71445,SPEEDWAY #1051,I-90 & I-94 Exit 69,Mauston,WI,43.79719,-90.07735,3.2990,3.2990,3.2990,1,city
71446,SPEEDWAY #4221,I-80 Exit 292,Davenport,IA,41.52364,-90.57764,3.7490,3.7490,3.7490,1,city
71447,KWIK TRIP #612,SR-116,Winneconne,WI,44.11082,-88.71261,3.5323,3.5323,3.5323,1,city
71449,MAVERIK COUNTRY STORE #628,I-15 & CR-215,Las Vegas,NV,36.17497,-115.13722,3.3557,3.3557,3.3557,1,city
71450,MAVERIK COUNTRY STORE #664,I-25 EXIT 203,Los Lunas,NM,34.80617,-106.73336,3.2023,3.2023,3.2023,1,city
71452,ALLSUPS CONVENIENCE STORE #2016,SR-214 & SR-114,Morton,TX,33.7251,-102.75938,3.3990,3.3990,3.3990,1,city
71453,ALLSUPS CONVENIENCE STORE #2025,US-285,Roswell,NM,33.39437,-104.52491,3.2857,3.2857,3.2857,1,city
71454,ALLSUPS CONVENIENCE STORE #2036,SR-18,Hobbs,NM,32.70261,-103.13604,3.3990,3.3990,3.3990,1,city
71455,ALLSUPS CONVENIENCE STORE #2043,US-62,Idalou,TX,33.66647,-101.68294,2.9657,2.9657,2.9657,1,city
71456,ALLSUPS CONVENIENCE STORE #2058,"I-40, Exit 332 & SR-209",Tucumcari,NM,35.17191,-103.72686,3.3550,3.3550,3.3550,1,city
71457,ALLSUPS CONVENIENCE STORE #2075,US-70 & SR-6,Crowell,TX,33.98397,-99.72482,3.1990,3.1990,3.1990,1,city
71458,ALLSUPS CONVENIENCE STORE #2082,SR-70,Spur,TX,33.47648,-100.85569,3.1990,3.1990,3.1990,1,city
71460,ALLSUPS CONVENIENCE STORE #2101,SR-136,Fritch,TX,35.63977,-101.60323,3.1490,3.1490,3.1490,1,city
71461,ALLSUPS CONVENIENCE STORE #2111,US-87 &,Texline,TX,36.37781,-103.0241,2.9657,2.9657,2.9657,1,city
71462,ALLSUPS CONVENIENCE STORE #2138,CR-61,Hobbs,NM,32.70261,-103.13604,3.3823,3.3823,3.3823,1,city
71463,ALLSUPS CONVENIENCE STORE #2146,SR-18,Hobbs,NM,32.70261,-103.13604,3.2123,3.2123,3.2123,1,city
71464,ALLSUPS CONVENIENCE STORE #2153,US-277,Haskell,TX,33.1576,-99.7337,3.5390,3.5390,3.5390,1,city
71465,ALLSUPS CONVENIENCE STORE #2173,US-20,Sweetwater,TX,32.47095,-100.40594,2.8457,2.8457,2.8457,1,city
71466,ALLSUPS CONVENIENCE STORE #2185,US-380 & 9TH ST,Aspermont,TX,33.13343,-100.22733,3.3657,3.3657,3.3657,1,city
71467,ALLSUPS CONVENIENCE STORE #2192,SR-86 & SR-207,Silverton,TX,34.47423,-101.30461,3.1590,3.1590,3.1590,1,city
71468,ALLSUPS CONVENIENCE STORE #2212,SR-6,Stamford,TX,32.94539,-99.80287,3.1290,3.1290,3.1290,1,city
71469,ALLSUPS CONVENIENCE STORE #2227,SR-114,Morton,TX,33.7251,-102.75938,3.3990,3.3990,3.3990,1,city
71470,ALLSUPS CONVENIENCE STORE #2267,"I-20, EXIT 42 & CR-761",Pecos,TX,31.42291,-103.49323,3.3790,3.3790,3.3790,1,city
71471,ALLSUPS CONVENIENCE STORE #2269,SR-524 & CR-658,Carlsbad,NM,32.42067,-104.22884,3.2490,3.2490,3.2490,1,city
71472,ALLSUPS CONVENIENCE STORE #2276,HWY 84 & CR-466,Hermleigh,TX,32.63511,-100.75928,2.9723,2.9723,2.9723,1,city
71473,ALLSUPS CONVENIENCE STORE #2378,US-BUS 287 & SR-25,Electra,TX,34.02926,-98.91896,2.9990,2.9990,2.9990,1,city
71474,PILOT #1292,US-290 & SR-21,Paige,TX,30.21021,-97.11499,3.4990,3.4990,3.4990,1,city
71476,KWIK TRIP #493,US HWY 12,Whitewater,WI,42.83362,-88.73233,3.4990,3.4990,3.4990,1,city
71477,KWIK TRIP #1141,SR 54,Luxemburg,WI,44.53861,-87.70398,3.4823,3.4823,3.4823,1,city
71478,RACEWAY #6970,SR-1 & Coker Rd,Rome,GA,34.25704,-85.16467,3.1990,3.1990,3.1990,1,city
71479,RACETRAC #118,I-575 & SR-15,Jasper,GA,34.46787,-84.42909,3.3090,3.3090,3.3090,1,city
71480,Loves Travel Stop #836,US-87,Dalhart,TX,36.05948,-102.51325,3.4357,3.4357,3.4357,1,city
71481,Loves Travel Stop #843,"I-29, Exit 187",Drayton,ND,48.5711,-97.17785,3.5657,3.5657,3.5657,1,city
71482,LOVES TRAVEL STOP #789,"I-15, Exit 277",Great Falls,MT,47.50024,-111.30081,3.7723,3.7723,3.7723,1,city
71484,CIRCLE K #2745064,"I-75/SR-401, EXIT 101 & US-280/SR-30",Cordele,GA,31.96351,-83.78239,2.9990,2.9990,2.9990,1,city
71485,Circle K #2709088,US-521 & SR-9,Lancaster,SC,34.72043,-80.7709,3.2990,3.2990,3.2990,1,city
71486,HUCKS FOOD & FUEL #338 DBA PILOT DEALER #1294,US-50/US-150 & US-41 BUS,Vincennes,IN,38.67727,-87.52863,3.9590,3.9590,3.9590,2,city
71487,LOVES TRAVEL STOPS #835,"I-15, EXIT 163 & SR-99",Fillmore,UT,38.96885,-112.32355,3.6420,3.5990,3.6850,2,city
71488,LOVES TRAVEL STOP #816,"I-90, EXIT 284",Kimball,SD,43.74667,-98.95843,3.5707,3.5707,3.5707,1,city
71490,LOVES TRAVEL STOP #818,"I-20, EXIT 205 & SR-46",Heflin,AL,33.64899,-85.58746,3.2073,3.2073,3.2073,1,city
71491,SPEEDWAY #1520,"I-55, EXIT 58 & SR-80",Matthews,MO,36.75922,-89.58675,3.1890,3.1890,3.1890,1,city
71492,LOVES TRAVEL STOP #839,"I-64, EXIT 92",Leavenworth,IN,38.19979,-86.34414,3.9490,3.9490,3.9490,1,city
71493,NEW TRAVEL PLAZA,I-20 EXIT 86,Ruston,LA,32.52321,-92.63793,3.0657,3.0657,3.0657,1,city
71494,SPEEDWAY/7FLEET #7008,"I-90, EXIT 48A & SR-77",Corfu,NY,42.96006,-78.40558,3.8890,3.8890,3.8890,1,city
71495,SPEEDWAY #1212,"I-65, EXIT 99 & US-31",Greenwood,IN,39.61366,-86.10665,3.5973,3.5973,3.5973,1,city
71496,SPEEDWAY/7fleet #1052,US-30 & SR-57,Orrville,OH,40.84367,-81.76402,3.4990,3.4990,3.4990,1,city
71498,KWIK TRIP #1143,US HWY 45,Antigo,WI,45.14025,-89.15234,3.5073,3.5073,3.5073,1,city
71499,KWIK TRIP #1130,US HWY 151/18,Mount Horeb,WI,43.00861,-89.73846,3.5890,3.5890,3.5890,1,city
71500,KWIK TRIP #1114,SR-35,Holmen,WI,43.9633,-91.25625,3.3307,3.3307,3.3307,1,city
71502,ROAD RANGER #281,I-20 EXIT 332,Cisco,TX,32.38819,-98.97923,3.1407,3.1407,3.1407,1,city
71503,LOVES TRAVEL STOP #093,US-80 & US-400/US-50,Garden City,KS,37.97169,-100.87266,3.7290,3.7290,3.7290,1,city
71504,MAVERIK COUNTRY STORE #378,"I-84/I-15, EXIT 346 & SR-126",Ogden,UT,41.223,-111.97383,3.3790,3.3790,3.3790,1,city
71505,KWIK TRIP #1029,I-43 & SR-20,East Troy,WI,42.78529,-88.4051,3.1740,3.1740,3.1740,1,city
71506,KWIK STAR #1165,SR-60,Sibley,IA,43.39914,-95.75196,3.2240,3.2240,3.2240,1,city
71509,MAPLEFIELDS IRVING,I-91 & US-2,Saint Johnsbury,VT,44.42526,-72.01512,3.5990,3.5990,3.5990,1,city
71510,RACETRAC #2601,"I-64, Exit 58",Frankfort,KY,38.20091,-84.87328,2.9190,2.9190,2.9190,1,city
71511,RACETRAC #2592,US HWY 29,Athens,GA,33.96095,-83.37794,3.3123,3.3123,3.3123,1,city
71512,RACETRAC #2603,Country Road 527,Orlando,FL,28.53834,-81.37924,3.2990,3.2990,3.2990,1,city
71514,LOVES TRAVEL STOP #817,SR-136,Santa Teresa,NM,31.85594,-106.63916,3.2623,3.2623,3.2623,1,city
71515,LOVES TRAVEL STOP #824,"I-64 & SR-37, Exit 80",Mount Vernon,IL,38.31727,-88.90312,3.4190,3.3490,3.5890,4,city
71516,LOVES TRAVEL STOP #833,"I-90, EXIT 61 & US-20",Ripley,NY,42.267,-79.7106,3.8790,3.8790,3.8790,1,city
71517,7-ELEVEN #41905,I-85 & CR-2120,Salisbury,NC,35.67097,-80.47423,3.7490,3.7490,3.7490,1,city
71518,SPEEDWAY/7Fleet #9305,SR-18 & SR-1,Forrest City,AR,35.00815,-90.78983,3.1740,3.1740,3.1740,1,city
71519,SPEEDWAY #1506,US-231 & SR-271,Montgomery,AL,32.36681,-86.29997,3.0423,3.0423,3.0423,1,city
71520,KWIK TRIP #1104,SR-35/65 & SR-29,River Falls,WI,44.86136,-92.62381,3.4057,3.4057,3.4057,1,city
71521,KWIK TRIP #1065,US-12 & SR-89,Whitewater,WI,42.83362,-88.73233,3.4240,3.4240,3.4240,1,city
71522,Y NOT STOP BARBER SPUR,SR-10 & SR-13,Ville Platte,LA,30.68797,-92.27152,3.4990,3.4990,3.4990,1,city
71523,QUIKTRIP #7170,I-59 EXIT 77,Cottondale,AL,31.20518,-85.38188,2.9157,2.9157,2.9157,1,city
71524,Loves Travel Stop #813,"I-77, Exit 112",North Canton,OH,40.87589,-81.40234,3.6273,3.6273,3.6273,1,city
71525,LOVES TRAVEL STOP #796,"I-40, EXIT 432B & U-25W/US-411/US-70",Newport,TN,35.96704,-83.18766,3.6890,3.6890,3.6890,1,city
71526,LOVES TRAVEL STOP #820,"I-90, EXIT 41 & SR-414",Waterloo,NY,42.90479,-76.86274,4.1490,4.1490,4.1490,1,city
71527,D & C FUEL EAST,US-6/SR-92,Tunkhannock,PA,41.53869,-75.94659,3.6990,3.6990,3.6990,1,city
71528,GOOD 2 GO #218,I-90 EXIT 25 & US-14,Sheridan,WY,44.79719,-106.95618,3.4423,3.4423,3.4423,1,city
71529,Kwik Trip #1161,US-BUS 53,Eau Claire,WI,44.81135,-91.49849,3.4073,3.4073,3.4073,1,city
71531,BERT'S TRAVEL PLAZA,SR-33,Wellsville,KS,38.71834,-95.08164,3.3157,3.3157,3.3157,1,city
71534,GOLDEN GATE - YERINGTON,SR-339 & US-95 ALT,Yerington,NV,38.98575,-119.16293,3.7157,3.7157,3.7157,1,city
71535,GOLDEN GATE BATTLE MOUNTAIN,"I-80, EXIT 233",Battle Mountain,NV,40.64213,-116.93427,3.3390,3.3390,3.3390,1,city
71536,PILOT TRAVEL CENTERS  #1106,"I-25/US-85, EXIT 215 & SR-47",Albuquerque,NM,35.08449,-106.65114,3.5657,3.5657,3.5657,1,city
71542,CIRCLE K #2706625,US-85,Eaton,CO,40.53026,-104.71135,3.3990,3.3990,3.3990,1,city
71543,THE SOCO GROUP #4,SR-111,El Centro,CA,32.792,-115.56305,4.8390,4.8390,4.8390,1,city
71555,Kwik Trip #307,SR-35/US-18,Prairie Du Chien,WI,43.05165,-91.14124,3.5990,3.5990,3.5990,1,city
71556,KWIK TRIP #1167,"HWY 29, EXIT 108",Thorp,WI,44.96108,-90.79986,3.4523,3.4523,3.4523,1,city
71557,MUSKOGEE TRAVEL PLAZA,US-69,Muskogee,OK,35.74788,-95.36969,3.0157,3.0157,3.0157,1,city
71558,ALLSUPS #2384,US-60,Friona,TX,34.64173,-102.7241,2.9940,2.9940,2.9940,1,city
71559,ALLSUPS CONVENIENCE STORE #2228,US-83 & CR-613,Tuscola,TX,32.20958,-99.79675,2.9173,2.9173,2.9173,1,city
71560,CIRCLE K #2709675,"I-25, EXIT 41 & SR-543/SR-26",Hatch,NM,32.66536,-107.15307,3.7990,3.7990,3.7990,1,city
71561,ABBOTTS TRAVEL CENTER,I-35 EXIT 359,Abbott,TX,31.88488,-97.07334,3.0657,3.0657,3.0657,1,city
71562,PILOT #1317,I-90 EXIT 28,Fultonville,NY,42.94785,-74.37041,3.9990,3.9990,3.9990,1,city
71563,Kwik Star #1081,SR-9,Decorah,IA,43.30331,-91.78571,3.5790,3.5790,3.5790,1,city
71564,GRAB N GO,SR-200 & SR-22,Killdeer,ND,47.37196,-102.75408,3.5490,3.5490,3.5490,1,city
71565,CIRCLE K #2741253,"SR 375, Exit 39",El Paso,TX,31.75872,-106.48693,3.1957,3.1957,3.1957,1,city
71566,Mankato Travel Center,US HWY 14 & SR 22,Mankato,MN,44.15906,-94.00915,3.4990,3.4990,3.4990,1,city
71567,PRIDE CONVENIENCE STORE,"I-91, EXIT 40 & SR-20",East Granby,CT,41.94121,-72.72732,3.6490,3.6490,3.6490,1,city
71568,QUIKTRIP #294,I-35,Gardner,KS,38.81084,-94.92719,2.9990,2.9990,2.9990,1,city
71570,STEELE 66 TRUCK PLAZA,Hwy O & CR-425,Steele,MO,36.08396,-89.82925,3.3990,3.3990,3.3990,1,city
71571,RACETRAC #2587,I-75 & US-98,Brooksville,FL,28.55554,-82.38991,3.2990,3.2990,3.2990,1,city
71572,7-ELEVEN #41525,US-460 & SR-630,Disputanta,VA,37.12432,-77.22581,2.9990,2.9990,2.9990,1,city
71573,RACETRAC #2588,I-4 & US-301,Tampa,FL,27.94752,-82.45843,3.2990,3.2990,3.2990,1,city
71574,RACETRAC #2594,US-441,Dublin,GA,32.54044,-82.90375,2.9990,2.9990,2.9990,1,city
71575,Racetrac #2308,SR-161,Irving,TX,32.81402,-96.94889,2.9357,2.9357,2.9357,1,city
71576,RACETRAC #2429,SR-161,Irving,TX,32.81402,-96.94889,2.9007,2.9007,2.9007,1,city
71577,TOOT N TOTUM #130,US-87 & Dorsey Rd,Clayton,NM,36.45169,-103.1841,3.1990,3.1990,3.1990,1,city
71578,RACETRAC #2595,I-65 EXIT 284,Alabaster,AL,33.24428,-86.81638,2.9990,2.9990,2.9990,1,city
71579,KWIK TRIP #1138,SR 28,Sheboygan,WI,43.75083,-87.71453,3.2423,3.2423,3.2423,1,city
71580,MAVERIK COUNTRY STORE #676,"I-15/I-84, EXIT 376 & SR-13",Tremonton,UT,41.71187,-112.16551,3.4440,3.4440,3.4440,1,city
71582,LOVES TRAVEL STOP #847,US-601 & SR-207,Pageland,SC,34.77321,-80.39173,3.3857,3.3857,3.3857,1,city
71583,CIRCLE K #2706993,SR 27 N,Lake Wales,FL,27.90141,-81.58591,3.7990,3.7990,3.7990,1,city
71586,ALLTOWN FRESH,US-9 & SR-23,Livingston,NY,42.14203,-73.77791,3.6790,3.6590,3.6990,2,city
71590,TA SPRINGER,I-25 EXIT 419,Springer,NM,36.36114,-104.59527,3.5290,3.5290,3.5290,1,city
71592,THE WOODSHED,US-59 & SR-10,Welch,OK,36.87369,-95.0958,3.0990,3.0990,3.0990,1,city
71594,BP,US-20 & SR13,Middlebury,IN,41.67533,-85.7061,3.7990,3.7990,3.7990,1,city
71595,Hucks Market #100,US-36,Hannibal,MO,39.70838,-91.35848,3.1323,3.1323,3.1323,1,city
71596,ALLSUPS #2379,US-70/US-380,Tinnie,NM,33.37065,-105.22637,3.3590,3.3590,3.3590,1,city
71597,Allsups #2380,US-84,Sudan,TX,34.06786,-102.52436,3.1990,3.1990,3.1990,1,city
71598,Allsups #2381,SR-199,Azle,TX,32.89513,-97.54586,2.9190,2.9190,2.9190,1,city
71600,TA EXPRESS #290,"I-45, EXIT 198 & FM-27",Fairfield,TX,31.72461,-96.16525,3.4390,3.4390,3.4390,1,city
71601,Circle K #2723479,"I-40, EXIT 306B & US-70",Garner,NC,35.71126,-78.61417,3.3690,3.3690,3.3690,1,city
71603,FLYERS #3223,US-70/191,Safford,AZ,32.83395,-109.70758,3.8623,3.8623,3.8623,1,city
71604,MAVERIK COUNTRY STORE #669,"I-80, Exit 113 & SR-172",Salt Lake City,UT,40.76078,-111.89105,3.4457,3.4457,3.4457,1,city
71605,Allsups Convenience Store #2377,US-70 & US-54,Alamogordo,NM,32.89953,-105.96027,3.0623,3.0623,3.0623,1,city
71606,Allsups #2396,HWY 62 82 179,Wolfforth,TX,33.50592,-102.00906,2.9157,2.9157,2.9157,1,city
71607,Loves Travel Stop #827,"I-90, Exit 174",Moses Lake,WA,47.13014,-119.27808,3.8890,3.8890,3.8890,1,city
71608,Loves Travel Stop #842,"I-194, eXIT 164",Saint Cloud,MN,45.5608,-94.16249,3.2907,3.2907,3.2907,1,city
71609,QUIKTRIP #73,"US-75, US 62",Henryetta,OK,35.43983,-95.98194,3.0257,3.0257,3.0257,1,city
71610,FRIENDLY GUS #25,US-80 & SR-338,Dudley,GA,32.54239,-83.07043,3.8323,3.8323,3.8323,1,city
71612,RACEWAY #6898,"I-95, EXIT 373 & HWY A1A",Yulee,FL,30.6319,-81.60649,3.2707,3.2707,3.2707,1,city
71614,7-ELEVEN #41808,"I-85, EXIT 106 & US-29",Blacksburg,SC,35.12124,-81.51592,3.3590,3.3590,3.3590,1,city
71615,HUTCHS #128,US-62 & US-281/SR-8,Anadarko,OK,35.07256,-98.24366,2.9990,2.9990,2.9990,1,city
71616,ALLSUPS CONVENIENCE STORE #2382,"I-20, EXIT 366 & US-281",Mineral Wells,TX,32.80846,-98.11282,2.9457,2.9457,2.9457,1,city
71617,CIRCLE K #2709087,US-98/US-19,Chiefland,FL,29.47496,-82.85984,3.5823,3.5823,3.5823,1,city
71618,Loves Travel Stop #837,"I-35, Exit 52",Cameron,MO,39.74028,-94.24106,3.6890,3.6890,3.6890,1,city
71619,7-ELEVEN # 41365,"I-840/I-785, EXIT 18 & US-70",Greensboro,NC,36.07264,-79.79198,3.1990,3.1990,3.1990,1,city
71621,TOOT N TOTUM #127,"I-27, Exit 49B",Plainview,TX,34.18479,-101.70684,2.8957,2.8957,2.8957,1,city
71622,Circle K #2706628,SR-193 & SR-163,Theodore,AL,30.54769,-88.17528,3.3923,3.3923,3.3923,1,city
71623,Circle K #2706637,US-43,Grove Hill,AL,31.70877,-87.77722,3.7190,3.7190,3.7190,1,city
71624,MAVERIK COUNTRY STORE #681,"I-80, Exit 410",West Wendover,NV,40.7391,-114.07335,3.3857,3.3857,3.3857,1,city
71625,MAVERIK COUNTRY STORE #679,US-160/285 & SR-17,Alamosa,CO,37.46945,-105.87002,3.3490,3.3490,3.3490,1,city
71627,QUIKTRIP #1730,I-75 EXIT 185,Forsyth,GA,33.0343,-83.93824,3.0890,3.0890,3.0890,1,city
71628,QUIKTRIP #7171,I-65 EXIT 231,Calera,AL,33.1029,-86.7536,2.9990,2.9990,2.9990,1,city
71629,KWIK TRIP #1139,SR-95 & SR-65,Cambridge,MN,45.57274,-93.22439,3.3990,3.3990,3.3990,1,city
71630,CIRCLE K #2701524,"US-52, Exit 134 & SR-268",Pilot Mountain,NC,36.38653,-80.4695,3.4290,3.4290,3.4290,1,city
71631,RACEWAY #6891,SR-20 & SR-67,Decatur,AL,34.60593,-86.98334,3.0990,3.0990,3.0990,1,city
71632,Loves Travel Stop #819,SR-21 & SR-275,Rincon,GA,32.29603,-81.23539,3.3307,3.3307,3.3307,1,city
71634,76,"US HWY 278, US HWY 45",Tupelo,MS,34.25807,-88.70464,3.1490,3.1490,3.1490,1,city
71635,Racetrac #2610,US-231,Murfreesboro,TN,35.84562,-86.39027,3.0490,3.0490,3.0490,1,city
71636,RACETRAC #2580,US-41 & SR-268,Murfreesboro,TN,35.84562,-86.39027,3.0323,3.0323,3.0323,1,city
71637,HORSESHOE #4,SR-114,Smyer,TX,33.58426,-102.16323,2.9590,2.9590,2.9590,1,city
71638,QUIKTRIP #4032,"I-35, EXIT 176",Schertz,TX,29.55217,-98.26973,2.9157,2.9157,2.9157,1,city
71639,PAR MAR FOOD STORE #13,"I-77, EXIT 1 & SR-7",Hannibal,OH,39.6673,-80.87204,3.8990,3.8990,3.8990,1,city
71640,RACETRAC #2544,SR-81 & SR-316,Bethlehem,GA,33.93206,-83.71378,3.3123,3.3123,3.3123,1,city
71641,76,I-17,Phoenix,AZ,33.44838,-112.07404,3.2323,3.2323,3.2323,1,city
71642,MAVERIK COUNTRY STORE #398,HWY 89 & LAKE POWELL BLVD,Page,AZ,36.91472,-111.45583,3.4557,3.4557,3.4557,1,city
71643,Pilot #1319,I-35 Exit 30,Alvarado,TX,32.40653,-97.21168,3.2057,3.2057,3.2057,1,city
71644,CHISUM TRAVEL CENTER #38,I-20 EXIT 210,Colorado City,TX,32.38817,-100.86456,2.9257,2.9257,2.9257,1,city
71646,SPEEDWAY #6542,"I-10, Exit 192",Midway,FL,30.40648,-87.00553,3.5990,3.5990,3.5990,1,city
71647,QUIKTRIP #667,I-44 Exit 189,Rolla,MO,37.95143,-91.77127,2.9823,2.9823,2.9823,1,city
71648,QUIKTRIP #7149,I-24 Exit 8,Clarksville,TN,36.52977,-87.35945,2.9157,2.9157,2.9157,1,city
71649,Allsups Convenience Store #2385,US-183 & US-180,Breckenridge,TX,32.75568,-98.90229,3.3073,3.3073,3.3073,1,city
71650,ALLSUPS CONVENIENCE STORE #2405,SR-208 & SR-158,Robert Lee,TX,31.89237,-100.48482,3.2657,3.2657,3.2657,1,city
71651,QUIKTRIP #4151,"I-35, Exit 220",Buda,TX,30.08521,-97.84028,2.9157,2.9157,2.9157,1,city
71652,CIRCLE K #4705575,SR-261,Akron,OH,41.08144,-81.51901,3.7690,3.7690,3.7690,1,city
71653,MAVERIK COUNTRY STORE #701,US-160,Durango,CO,37.27528,-107.88007,3.2990,3.2990,3.2990,1,city
71654,LOVES TRAVEL STOP  #851,"I-39/US-51, EXIT 111 & SR-72",Monroe Center,IL,42.09836,-89.00065,3.7490,3.7490,3.7490,1,city
71655,79 ONE STOP,SR-62 & SR-37,Saint Croix,IN,38.22395,-86.58637,3.4990,3.4990,3.4990,1,city
71656,CASEYS #3268,US-59 & SR-119,Appleton,MN,45.19691,-96.01977,3.4457,3.4457,3.4457,1,city
71657,CASEYS #2855,US HWY 63,Cabool,MO,37.12394,-92.10127,3.2590,3.2590,3.2590,1,city
71659,Loves Travel Stop #646,"I-84, Exit 71",Willington,CT,41.872,-72.26,4.3590,4.3590,4.3590,1,manual
71661,Loves Travel Stop #822,"I-40,  Exit 57 & S Crawford St",Clarksville,AR,35.47147,-93.46657,3.3923,3.3923,3.3923,1,city
71662,PUMP & PANTRY #33,SR-22/39,Genoa,NE,41.44862,-97.73061,3.2890,3.2890,3.2890,1,city
71663,Allsups #2388,I-27 & SR-217,Canyon,TX,34.98033,-101.9188,2.9007,2.9007,2.9007,1,city
71664,RUTTERS #95,SR-9,Martinsburg,WV,39.45621,-77.96389,3.9990,3.9990,3.9990,1,city
71666,Circle K#2746513,SR-13/SIOUX TRL,Savage,MN,44.77913,-93.33634,3.7990,3.7990,3.7990,1,city
71667,7-Eleven #38986,"I-75, EXIT 301 & US-98",Brooksville,FL,28.55554,-82.38991,3.3990,3.3990,3.3990,1,city
71668,7-ELEVEN #41572,I-77 & US-70,Statesville,NC,35.78264,-80.8873,2.8590,2.8590,2.8590,1,city
71672,7-ELEVEN #41573,US-67,Glen Rose,TX,32.23459,-97.75531,3.5890,3.5890,3.5890,1,city
71673,7-ELEVEN #41792,"I-85, EXIT 27",Anderson,SC,34.50344,-82.65013,2.9590,2.9590,2.9590,1,city
71674,Kwik Trip #1177,SR-65,Cambridge,MN,45.57274,-93.22439,3.4240,3.4240,3.4240,1,city
71676,CIRCLE K #4702409,US-52,Lafayette,IN,40.4167,-86.87529,3.1573,3.1573,3.1573,1,city
71679,TOOT N TOTUM #22,FM 1541 & FM 1151,Amarillo,TX,35.222,-101.8313,2.9673,2.9673,2.9673,1,city
71680,Alexs Shelby Truck Stop,US HWY 278 & SR 32,Shelby,MS,33.95094,-90.76788,3.1990,3.1990,3.1990,1,city
71681,WASPYS TRUCK STOP,US-71,Audubon,IA,41.71804,-94.93249,3.3157,3.3157,3.3157,1,city
71682,Gas N Wash,"SR 83, SR 50, I-294",Alsip,IL,41.66892,-87.73866,3.3990,3.2990,3.4990,3,city
71683,GAS N WASH,US HWY 6,Joliet,IL,41.52519,-88.0834,3.7990,3.7990,3.7990,1,city
71685,ON THE ROAD 110,US-59,Diboll,TX,31.18713,-94.78104,3.1990,3.1990,3.1990,1,city
71686,Allsups #2391,I-20 Exit 269,Merkel,TX,32.47068,-100.01287,2.8757,2.8757,2.8757,1,city
71687,ALLSUPS #2386,I-20 EXIT 216,Colorado City,TX,32.38817,-100.86456,2.9423,2.9423,2.9423,1,city
71688,KWIK TRIP #1151,"I-90, EXIT 183 & CR-BT",Beloit,WI,42.50835,-89.03178,3.3740,3.3740,3.3740,1,city
71689,KWIK TRIP #1108,"I-41/US-45, EXIT 52 & SR-164",Colgate,WI,43.19306,-88.20676,3.2473,3.2473,3.2473,1,city
71691,ALLSUPS #2399,US-287 & SR-207,Claude,TX,35.11172,-101.36322,2.9290,2.9290,2.9290,1,city
71692,GXP #200,"I-85/SR-403, EXIT 140 & SR-82",Jefferson,GA,34.11705,-83.57239,3.2390,3.2390,3.2390,1,city
71694,J&H Family Store,"I-96, Exit 19",Coopersville,MI,43.06391,-85.93477,3.5490,3.4990,3.5990,2,city
71695,KWIK TRIP #1126,US-14/US-61,La Crosse,WI,43.80136,-91.23958,3.3840,3.3840,3.3840,1,city
71696,SUPER SAVE #10,I-220 EXIT 1A,Shreveport,LA,32.52515,-93.75018,3.1990,3.1990,3.1990,1,city
71697,LOVES TRAVEL STOP #829,I-80 EXIT 81,Brookville,PA,41.16117,-79.08309,4.0190,4.0190,4.0190,1,city
71698,Kwik Star #1142,hwy 6,Iowa City,IA,41.66113,-91.53017,3.1340,3.1340,3.1340,1,city
71699,KWIK TRIP #597,"I-94, EXIT 344 & SR-31",Kenosha,WI,42.58474,-87.82119,3.7440,3.7440,3.7440,1,city
71700,ARCO,US-19/US-98/US-27Alt & CR-30A,Perry,FL,30.11766,-83.58274,3.6990,3.6990,3.6990,1,city
71701,CIRCLE K #2746510,SR 32,De Pere,WI,44.44888,-88.06038,3.3490,3.3490,3.3490,1,city
71702,SHOP AND SAVE,US-220 & CR-734,Ridgeway,VA,36.98931,-79.48253,3.9090,3.9090,3.9090,1,city
71704,QUIKTRIP #962,"I-30, Exit 61A",Garland,TX,32.91262,-96.63888,2.8973,2.8973,2.8973,1,city
71705,STRIPES #41980,"I-37, EXIT 11A",Corpus Christi,TX,27.80058,-97.39638,3.1990,3.1990,3.1990,1,city
71706,QUIKTRIP #1176,I-77Exit 2,West Columbia,SC,33.99349,-81.07398,3.3090,3.3090,3.3090,1,city
71707,QUARLES #4437,US HWY 30,Lancaster,PA,40.03788,-76.30551,3.9990,3.9990,3.9990,1,city
71708,QUARLES #4936,I-95 Exit 69,Richmond,VA,37.55376,-77.46026,3.6990,3.6990,3.6990,1,city
71709,MAPCO EXPRESS #7553,SR 153 EXIT 2,Chattanooga,TN,35.04563,-85.30968,2.9940,2.9940,2.9940,1,city
71710,KWIK STAR #1180,SR-141,Perry,IA,41.8386,-94.10718,3.0607,3.0607,3.0607,1,city
71712,MAVERIK COUNTRY STORE #693,"I-70, Exit 160 & hwy 191",Green River,UT,38.99525,-110.1618,3.2823,3.2823,3.2823,1,city
71713,Pilot Dealer #1383,"I-555, Exit 39",Jonesboro,AR,35.8423,-90.70428,3.4640,3.4390,3.4890,2,city
71714,RACETRAC #2576,SR-997 & SR-994,Miami,FL,25.77427,-80.19366,3.2873,3.2873,3.2873,1,city
71715,Allsups Convenience Store #2401,US-87,San Angelo,TX,31.46377,-100.43704,3.1957,3.1957,3.1957,1,city
71716,Allsups #2404,US-62,Carlsbad,NM,32.42067,-104.22884,3.1940,3.1940,3.1940,1,city
71717,Kwik Trip #1199,US-14,Darien,WI,42.60168,-88.7076,3.1990,3.1990,3.1990,1,city
71718,KWIK STAR #1158,US-30,Ames,IA,42.03471,-93.61994,3.1740,3.1740,3.1740,1,city
71719,LOVES TRAVEL STOP #832,"I-35, EXIT 129",Forest Lake,MN,45.27886,-92.98522,3.3623,3.3623,3.3623,1,city
71721,HUCKS FOOD & FUEL #314,US-50/150,Washington,IN,38.65922,-87.17279,3.4623,3.4623,3.4623,1,city
71722,MAVERIK #5392,FM-16,Keenesburg,CO,40.10832,-104.51996,3.1540,3.1540,3.1540,1,city
71723,ALLSUPS CONVENIENCE #2398,SR-70,Pampa,TX,35.53616,-100.95987,3.0790,3.0790,3.0790,1,city
71724,ALLSUPS CONVENIENCE #2403,US-180,Mineral Wells,TX,32.80846,-98.11282,3.0057,3.0057,3.0057,1,city
71725,Allsups Convenience Store #2406,US-67,Rankin,TX,31.22265,-101.93791,3.4990,3.4990,3.4990,1,city
71726,Kwik Trip #1152,US HWY 169,Saint Peter,MN,44.32358,-93.95801,3.7240,3.7240,3.7240,1,city
71735,Loves Travel Stop #811,US-395,Pasco,WA,46.23958,-119.10057,4.5890,4.5890,4.5890,2,city
71736,Racetrac #2312,US-41/SR-92,Acworth,GA,34.06635,-84.67837,3.2090,3.2090,3.2090,1,city
71737,RACETRAC #2605,"I-295, EXIT 25",Jacksonville,FL,30.33218,-81.65565,3.2490,3.2490,3.2490,1,city
71738,KWIK TRIP #1196,"US-151, EXIT 21",Platteville,WI,42.73416,-90.47846,3.5140,3.5140,3.5140,1,city
71739,TA EXPRESS #418,"I-16/SR-404, EXIT 116 & US-301/25",Register,GA,32.36712,-81.884,3.2857,3.2857,3.2857,1,city
71740,SPRINT FOODS #735,US-78/US-1 & SR-19,Aiken,SC,33.56042,-81.71955,3.1723,3.1723,3.1723,1,city
71741,SPRINT FOOD STORE #733,"I-20, EXIT 183 & US-221",Harlem,GA,33.41458,-82.31262,3.5990,3.5990,3.5990,1,city
71769,DUCK THRU FOOD STORE #60,US HWY 64,Spring Hope,NC,35.94515,-78.11193,3.4690,3.4690,3.4690,1,city
71770,ONVO TRAVEL PLAZA,"I-81, Exit 155",Mountain Top,PA,41.16953,-75.87742,3.5873,3.5873,3.5873,1,city
71771,BREAK TIME #3170,SR-13 & HWY-T,Bolivar,MO,37.61448,-93.41047,3.3740,3.3740,3.3740,1,city
71772,Kwik Trip #1137,US-8,Saint Croix Falls,WI,45.40996,-92.63965,3.5240,3.5240,3.5240,1,city
71773,KWIK STAR #710,US-30 EXIT-202,Toledo,IA,41.99555,-92.57686,3.3990,3.3990,3.3990,1,city
71774,CASEYS #4292,1020 5TH ST,Carrollton,IL,39.30227,-90.40706,3.2890,3.2390,3.4290,3,city
71775,Caseys #3950,US-270 & US-54,Liberal,KS,37.04308,-100.921,3.3190,3.3190,3.3190,1,city
71776,QUIKTRIP #7172,"I-85/US-29, EXIT 58 & SR-169",Opelika,AL,32.64541,-85.37828,2.9990,2.9990,2.9990,1,city
71779,TCI PHOENIX,"I-10, EXIT 138 & US-202, EXIT 76",Phoenix,AZ,33.44838,-112.07404,2.9223,2.9223,2.9223,1,city
71784,7-ELEVEN #41750,I-4 & SR-33,Lakeland,FL,28.03947,-81.9498,3.2890,3.2890,3.2890,1,city
71785,7-ELEVEN #41266,I-81 & SR-924,Hazleton,PA,40.95842,-75.97465,3.8390,3.8390,3.8390,1,city
71786,SHEETZ #751,I-76 EXIT 91,Donegal,PA,40.11257,-79.38254,3.2590,3.2590,3.2590,1,city
71787,PUMP & PANTRY #55,US-159 & US-73,Falls City,NE,40.06084,-95.60193,3.2390,3.2390,3.2390,1,city
71792,KWIK TRIP #1147,US-71 & SR-60,Windom,MN,43.86635,-95.11694,3.3490,3.3490,3.3490,1,city
71793,QUARLES #4602,"SR-267, EXIT 8B & SR-606",Sterling,VA,39.00622,-77.4286,3.6590,3.6590,3.6590,1,city
71794,KWIK TRIP #1174,US-51 & US-2,Ironwood,MI,46.45467,-90.17101,3.1790,3.1390,3.4790,5,city
71795,CIRCLE  K #2654290,I-85 EXIT 13,Lagrange,GA,33.03929,-85.03133,3.8990,3.8990,3.8990,1,city
71797,KWIK STAR #1186,"I-80/US-6, EXIT 142 & US-65",Altoona,IA,41.64416,-93.46466,3.1990,3.1990,3.1990,1,city
71798,Space Age #202,"I-5, EXIT 52",Castle Rock,WA,46.27511,-122.90761,3.6590,3.6590,3.6590,1,city
71800,Stuckeys Travel Plaza,"I-44, EXIT 179",Newburg,MO,37.91421,-91.90266,2.9723,2.9723,2.9723,1,city
71801,Love's Travel Stop #869,US HWY 75,Le Mars,IA,42.79416,-96.16558,3.4557,3.4557,3.4557,1,city
71802,ALLSUPS #2407,I-10 EXIT 259,Fort Stockton,TX,30.89404,-102.87932,3.0290,3.0290,3.0290,1,city
71803,KENT KWIK #321,I-20 EXIT 143,Midland,TX,31.99735,-102.07791,2.9407,2.9407,2.9407,1,city
71804,GAS N WASH,I-88 EXIT 114,Montgomery,IL,41.73058,-88.3459,3.5990,3.5990,3.5990,1,city
71805,RACETRAC #2583,I-24E,La Vergne,TN,36.01562,-86.58194,2.8990,2.8990,2.8990,1,city
71806,RACETRAC #2600,SR-70,Okeechobee,FL,27.24393,-80.82978,3.2990,3.2990,3.2990,1,city
71807,KWIK TRIP #1270,SR-172,Green Bay,WI,44.51916,-88.01983,3.2907,3.2907,3.2907,1,city
71808,WEIGELS #100,SR 153,Chattanooga,TN,35.04563,-85.30968,3.0157,3.0157,3.0157,1,city
71811,7-ELEVEN #41826,SR-722 & SR-283,Lancaster,PA,40.03788,-76.30551,4.1290,4.1290,4.1290,1,city
71812,KWIK TRIP #1198,I-43 & Hwy AA,Oostburg,WI,43.62277,-87.79453,3.2423,3.2423,3.2423,1,city
71813,Kweik Star #1156,SR-150 & SR-3,Oelwein,IA,42.67332,-91.9135,3.5823,3.5823,3.5823,1,city
71814,TEX-BEST #531,US-90,Uvalde,TX,29.20968,-99.78617,2.8740,2.8740,2.8740,1,city
71815,MAVERIK COUNTRY STORE #688,I-15 EXIT 339,Ogden,UT,41.223,-111.97383,3.3857,3.3857,3.3857,1,city
71816,MAVERIK COUNTRY STORE #694,I-15 EXIT 222,Nephi,UT,39.71023,-111.83632,3.4057,3.4057,3.4057,1,city
71817,KWIK TRIP #1128,US-12,Altoona,WI,44.80468,-91.44321,3.3323,3.3323,3.3323,1,city
71818,TA EXPRESS RIVERTON #433,I-72 EXIT 108,Riverton,IL,39.84422,-89.53954,3.4390,3.4090,3.4690,3,city
71822,DK,SR 176,Lenorah,TX,32.30456,-101.87625,3.5323,3.5323,3.5323,1,city
71823,MARKER 126,US HWY 20,Duncombe,IA,42.47053,-93.99356,3.0590,3.0590,3.0590,1,city
71824,QuikTrip #4052,US 181 S,San Antonio,TX,29.42412,-98.49363,2.9223,2.9223,2.9223,1,city
71826,KWIK TRIP #1183,US-2,Bessemer,MI,46.48134,-90.05295,3.1790,3.1390,3.4790,5,city
71827,KWIK TRIP #1188,US-12,Cokato,MN,45.0758,-94.18998,3.4740,3.4740,3.4740,1,city
71828,KWIK TRIP #1209,SR-42,Sturgeon Bay,WI,44.83416,-87.37704,3.5823,3.5823,3.5823,1,city
71829,KWIK TRIP #1043,US-53/SR-194,Duluth,MN,46.78327,-92.10658,3.4990,3.4990,3.4990,1,city
71830,One9 Travel Center #1330,"I-40/US-63, EXIT 216 & US-49",Brinkley,AR,34.88787,-91.19457,3.1990,3.1990,3.1990,2,city
71831,Loves Travel Stop #865,"I-35, Exit 186",Perry,OK,36.28949,-97.2881,3.3890,3.3890,3.3890,1,city
71832,SHEETZ #753,SR 3,Seville,OH,41.01006,-81.86236,3.0823,3.0823,3.0823,1,city
71833,Circle K #2706636,US HWY 43,Jackson,AL,31.50905,-87.89444,3.8990,3.8990,3.8990,1,city
71835,CUZZS TRAVEL DEPOT,US 43 N,Thomasville,AL,31.91349,-87.73584,3.5990,3.5990,3.5990,1,city
71836,DUCK THRU FOOD STORE #59,US 13 EXIT 119,Greenville,NC,35.61266,-77.36635,3.4990,3.4990,3.4990,1,city
71837,RUTTERS #86,"US-15, EXIT 17 & SR-26",Frederick,MD,39.41427,-77.41054,3.8990,3.8990,3.8990,1,city
71838,RUTTERS #24,SR-74 & SR-2069,Brogue,PA,39.87177,-76.48302,4.0990,4.0990,4.0990,1,city
71839,RUTTERS #92,US-222 & SR-737,Kutztown,PA,40.51732,-75.77742,3.6990,3.6990,3.6990,1,city
71840,NEON MARKETPLACE,"SR-79, EXIT 10",Fall River,MA,41.70149,-71.15505,3.9490,3.9490,3.9490,1,city
71841,Quick Fuel #3193,US-69,Kansas City,KS,39.11417,-94.62746,3.3457,3.3457,3.3457,1,city
71844,HD EXPRESS MART,US 20,Clyde,OH,41.30422,-82.97519,3.3790,3.3790,3.3790,1,city
71845,ALLSUPS #2424,US 180,Millsap,TX,32.74819,-98.00921,2.9840,2.9840,2.9840,1,city
71848,CLIFTON SUPER STOP,"I-16, EXIT 104",Metter,GA,32.39712,-82.06012,3.2490,3.2490,3.2490,1,city
71849,TOOT N TOTUM #128,I-40 EXIT 57,Amarillo,TX,35.222,-101.8313,3.0890,3.0890,3.0890,1,city
71850,CEDAR GROVE OASIS,"I-43, Exit 113",Cedar Grove,WI,43.56972,-87.82342,3.2390,3.2390,3.2390,1,city
71851,PWI #164,I-35/US-77 & FM-3115,Abbott,TX,31.88488,-97.07334,2.8923,2.8923,2.8923,1,city
71852,KWIK TRIP #1164,US-63,Spooner,WI,45.82245,-91.88934,3.5990,3.5990,3.5990,1,city
71853,Landmark Travel Center,I-20 EXIT 301,Clyde,TX,32.40596,-99.49369,2.9007,2.9007,2.9007,1,city
71854,EXXON DBA Pilot #1289,US 75 EXIT 72,Denison,TX,33.75566,-96.53666,3.2390,3.2390,3.2390,1,city
71855,BYRNE DAIRY #136,I-90 Exit 37,Liverpool,NY,43.10646,-76.2177,3.6590,3.6590,3.6590,1,city
71856,GO TIME #7,"I-75, EXIT 29",Corbin,KY,36.9487,-84.09688,2.9990,2.9990,2.9990,1,city
71857,QUIKTRIP #1196,"I-20, EXIT 11 & SR-144",Graniteville,SC,33.56375,-81.80789,3.1590,3.1590,3.1590,1,city
71858,QUIKTRIP #7224,"I-20, EXIT 112",West Monroe,LA,32.51848,-92.14764,2.8923,2.8923,2.8923,1,city
71859,ALLSUPS #2415,SR 6,Meridian,TX,31.92321,-97.65669,2.9657,2.9657,2.9657,1,city
71860,PILOT #1347,"I-59, EXIT 5A",Pearl River,LA,30.37603,-89.7484,3.1640,3.1640,3.1640,1,city
71862,Loves Travel Stop #863,I-90 & SR-528,Madison,OH,41.77116,-81.04982,3.8490,3.8490,3.8490,1,city
71864,MPC #30,"I-44, Exit 195",Saint James,MO,37.99726,-91.61432,2.9857,2.9857,2.9857,1,city
71865,RACETRAC #574,"I-30, EXIT 68",Rockwall,TX,32.93123,-96.45971,2.9240,2.9240,2.9240,1,city
71866,RACETRAC #2615,"I-65, EXIT 128",Louisville,KY,38.25424,-85.75941,2.9190,2.9190,2.9190,1,city
71867,HOLIDAY STATIONSTORE #2653855,US-12,Aberdeen,SD,45.4647,-98.48648,3.1073,3.1073,3.1073,1,city
71868,RACETRAC #2456,SR-44 & CR-491,Lecanto,FL,28.85165,-82.4876,3.3157,3.3157,3.3157,1,city
71869,PORT FUEL CENTER,"I-516, EXIT 7B & SR-21",Port Wentworth,GA,32.14909,-81.16317,3.1823,3.1823,3.1823,1,city
71870,Circle K #2706479,US-280,Sylacauga,AL,33.17317,-86.25164,3.7990,3.7990,3.7990,1,city
71871,KWIK TRIP #1133,US-10 & SR-85,Durand,WI,44.62635,-91.96573,3.4307,3.4307,3.4307,1,city
71872,KWIK STAR #1189,"I-80, EXIT 110",De Soto,IA,41.53166,-94.00967,3.2240,3.2240,3.2240,1,city
71873,KWIK TRIP #1182,"I-35E, EXIT 123B",Hugo,MN,45.15997,-92.99327,3.3773,3.3773,3.3773,1,city
71874,Rutters #85,I-76 & US-30,Bedford,PA,40.01869,-78.50391,4.0990,4.0990,4.0990,1,city
71875,LOVES TRAVEL STOP #615,US-59 & US-79,Carthage,TX,32.15738,-94.33742,3.1023,3.1023,3.1023,1,city
71876,LOVES TRAVEL STOP #861,"I-75, EXIT 72 & SR-72",Loudon,TN,35.73285,-84.33381,3.5873,3.5873,3.5873,1,city
71877,LOVES TRAVEL STOP #859,"I-80, EXIT 116 & US-6",Morris,IL,41.35725,-88.42118,3.7890,3.7890,3.7890,1,city
71878,LOVES TRAVEL STOP #872,SR-78 & CR-27,Lancaster,OH,39.71368,-82.59933,3.2757,3.2757,3.2757,1,city
71879,Gas N Wash Schoolhouse,FM-74,New Lenox,IL,41.51198,-87.96561,3.6990,3.6990,3.6990,1,city
71883,QUIKTRIP #4178,SR-130,Hutto,TX,30.5427,-97.54667,2.9157,2.9157,2.9157,1,city
71886,QUIKTRIP #7136,US-17,Brunswick,GA,31.15013,-81.49147,3.0740,3.0740,3.0740,1,city
71887,SHELL,I-80 & SR-63,Greenwood,NE,40.96278,-96.44112,3.3990,3.3990,3.3990,1,city
71888,KJS ALPINE,US HWY 26,Alpine,WY,43.16353,-111.01802,3.7990,3.7990,3.7990,1,city
71889,Payson Cardlock,SR 260 & SR 87,Payson,AZ,34.23087,-111.32514,3.7090,3.7090,3.7090,1,city
71890,Carter Flagstaff Cardlock (Bulk Plant),I-40 Exit 198,Flagstaff,AZ,35.19807,-111.65127,3.6890,3.6890,3.6890,1,city
71892,Tropic Fleet Bradenton Cardlock,US 301,Bradenton,FL,27.49893,-82.57482,3.4990,3.4990,3.4990,1,city
71893,Tropic Fleet Rechtien Cardlock,SR-934,Miami,FL,25.77427,-80.19366,3.4710,3.4710,3.4710,1,city
71894,Majors 663 Nacogdoches Truck Plaza,US-259 & US-59,Nacogdoches,TX,31.60351,-94.65549,3.0290,3.0290,3.0290,1,city
71897,ONE9 XPRESS FUEL #1349,I-10 EXIT 140B,Van Horn,TX,31.04029,-104.83073,3.4590,3.4590,3.4590,1,city
71898,Loves Travel Stop #867,I-55 Exit 165,Normal,IL,40.5142,-88.99063,3.4390,3.3890,3.4890,2,city
71899,LOVES TRAVEL STOP #882,US-61/SR-92,Muscatine,IA,41.42447,-91.04321,3.4390,3.4390,3.4390,1,city
71902,MURPHY EXPRESS #8928,FM-1472,Laredo,TX,27.50641,-99.50754,2.8457,2.8457,2.8457,1,city
71903,ALLSUPS #2412,SR 199 W,Springtown,TX,32.96596,-97.68364,2.9190,2.9190,2.9190,1,city
71904,SHEETZ #745,I-90 EXIT 212,Madison,OH,41.77116,-81.04982,3.0823,3.0823,3.0823,1,city
71906,COMPASS TRAVEL CENTER,"I-65, EXIT 230",Demotte,IN,41.19504,-87.19864,3.2423,3.2423,3.2423,1,city
71909,RACETRAC #2604,I-75 Exit 126,Mcdonough,GA,33.44734,-84.14686,3.1990,3.1990,3.1990,1,city
71910,KWIK TRIP #793,"I-35, EXIT 59",Faribault,MN,44.29496,-93.26883,3.4240,3.4240,3.4240,1,city
71911,MAVERIK COUNTRY STORE #706,SR-10,Castle Dale,UT,39.21219,-111.01961,3.4390,3.4390,3.4390,1,city
71912,FUEL CITY WYLIE,SR-78,Wylie,TX,33.01512,-96.53888,2.9657,2.9657,2.9657,1,city
71913,Circle K #4702456,I-69,Martinsville,IN,39.42783,-86.42833,3.5990,3.5990,3.5990,1,city
71914,HUCKS FOOD & Fuel #309,I-169 Exit 8,Hopkinsville,KY,36.86561,-87.49117,3.4740,3.4740,3.4740,1,city
71916,Spinx 317,US-17 ALT,Moncks Corner,SC,33.19632,-80.01429,3.3123,3.3123,3.3123,1,city
71919,THE SPORTSMAN 2 TRAVEL PLAZA,I-35 EXIT 480,Sanger,TX,33.36317,-97.1739,2.9757,2.9757,2.9757,1,city
71922,Plaza of The Flint Hills,I-70 Exit 32B,Alma,KS,39.01667,-96.28916,3.2990,3.2990,3.2990,1,city
71923,SHEETZ #740,US-23  & SR-752,Ashville,OH,39.71562,-82.95296,3.1023,3.1023,3.1023,1,city
71924,JIFFY,I-80 Exit 60,Shippenville,PA,41.25034,-79.45949,4.1323,4.1323,4.1323,1,city
71925,QUIKTRIP #7140,"I-24, EXIT 175 & US-41",Chattanooga,TN,35.04563,-85.30968,2.9157,2.9157,2.9157,1,city
71926,QUIKTRIP #186,SR-150,Grandview,MO,38.88584,-94.53301,3.1990,3.1990,3.1990,1,city
71927,Allsups Convenience #2420,US 283,Altus,OK,34.63813,-99.33398,2.9790,2.9790,2.9790,1,city
71929,STUCKEYS TRAVEL CENTER,I-10 & FM-365,Beaumont,TX,30.08605,-94.10185,2.8240,2.8240,2.8240,1,city
71931,QUIKTRIP #7071,I-75 & SR-133/401,Valdosta,GA,30.83334,-83.28032,3.0323,3.0323,3.0323,1,city
71932,MCCLURE OIL #60,US 35,Logansport,IN,40.75448,-86.35667,3.7990,3.7990,3.7990,1,city
71933,RHODES CONVENIENCE STORES,US-62,Sikeston,MO,36.87672,-89.58786,3.3507,3.3507,3.3507,1,city
71934,SHEETZ #759,I-71 & SR-734,Jeffersonville,OH,39.65367,-83.56381,3.0657,3.0657,3.0657,1,city
71935,SPEEDWAY #1695,I-87 EXIT 23,Albany,NY,42.65258,-73.75623,3.8490,3.8490,3.8490,1,city
71936,QUIKTRIP #7907,I-44 EXIT 1D,Wichita Falls,TX,33.91371,-98.49339,2.8590,2.8590,2.8590,1,city
71937,KWIK TRIP #1173,CR-10,Waconia,MN,44.8508,-93.78691,3.6073,3.6073,3.6073,1,city
71941,RACETRAC #2628,I-85 EXIT 62 & US-280,Opelika,AL,32.64541,-85.37828,2.9990,2.9990,2.9990,1,city
71942,BYRNE DAIRY #135,I-81 & SR-481,Liverpool,NY,43.10646,-76.2177,4.1990,4.1990,4.1990,1,city
71943,DK #11823,I-20 & FM-1768,Midland,TX,31.99735,-102.07791,2.9823,2.9823,2.9823,1,city
71944,DK #13903,SR-108,Texarkana,AR,33.44179,-94.03769,3.0407,3.0407,3.0407,1,city
71945,DK #13904,I-40 EXIT 233 & SR-261,Palestine,AR,34.97232,-90.90262,3.0157,3.0157,3.0157,1,city
71946,Allsups #102450,US-87,Eden,TX,31.21628,-99.84563,3.1790,3.1790,3.1790,1,city
71947,PETRO USA,I-76 EXIT 2 & SR-3,Seville,OH,41.01006,-81.86236,3.0790,3.0790,3.0790,1,city
71948,19 AND 75 FILLING STATION,US-75 & SR-19,Ivanhoe,MN,44.4633,-96.24726,3.3940,3.3940,3.3940,1,city
71949,24 STORE SHELBY,SR-61,Shelby,OH,40.88145,-82.66184,3.4990,3.4990,3.4990,1,city
71950,77/36 DUCHESS,I-77 & US-36,Newcomerstown,OH,40.27229,-81.60595,3.2990,3.2990,3.2990,1,city
71951,7-ELEVEN #39448,I-81 & SR-682,Mount Crawford,VA,38.35707,-78.94086,3.3157,3.3157,3.3157,1,city
71953,ALEX'S TRUCK STOP,US-61,Tunica,MS,34.68455,-90.38288,3.2990,3.2990,3.2990,1,city
71957,B&M Quickstop,SR-8,Mineral Point,MO,37.94477,-90.7243,3.6990,3.6990,3.6990,1,city
71958,BELL STORES,I-77 & CR-80,Dover,OH,40.52062,-81.47401,3.3990,3.3990,3.3990,1,city
71960,BELL STORES #1159,US-30 & CR-144,Wooster,OH,40.80517,-81.93646,3.6590,3.6590,3.6590,1,city
71961,BELL STORES #54,US-250 & SR-241,Mount Eaton,OH,40.6945,-81.70318,3.4990,3.4990,3.4990,1,city
71962,BELLSTORES,SR-598,Galion,OH,40.73367,-82.7899,3.4990,3.4990,3.4990,1,city
71965,CIRCLE K #2709989,US-167 & CR-405,Sheridan,AR,34.30704,-92.40127,3.5990,3.5990,3.5990,1,city
71966,BLACK DIAMOND TRAVEL CENTER,I-26 & SR-173,Unicoi,TN,36.19539,-82.34958,3.4023,3.4023,3.4023,1,city
71967,BLOC STOP TRAVEL CENTER,US-19 & SR-133,ALBANY,GA,31.57851,-84.15574,3.7990,3.7990,3.7990,1,city
71968,BLONDIES FOOD AND FUEL,US-90 & SR-69,Grand Ridge,FL,30.71291,-85.02328,3.5907,3.5907,3.5907,1,city
71969,BORDERVIEW GROCERY,US-11 & CR-19,Champlain,NY,44.98643,-73.44653,3.7990,3.7990,3.7990,1,city
71970,BLUE BIRD 3 EXPRESS,"US-78, EXIT 1",Olive Branch,MS,34.96176,-89.82953,3.1990,3.1990,3.1990,1,city
71971,BOUND BROOK BP,I-287 Exit 13B & SR-28,Bound Brook,NJ,40.56844,-74.53849,3.2490,3.2490,3.2490,1,city
71972,BOWMAN,I-81 Exit 1,Williamsport,MD,39.60065,-77.82055,3.8323,3.8323,3.8323,1,city
71973,SHEETZ #703,I-40 & US-70,Garner,NC,35.71126,-78.61417,2.8590,2.8590,2.8590,1,city
71975,BP,I-81 & SR-177,Christiansburg,VA,37.12985,-80.40894,3.7990,3.7990,3.7990,1,city
71976,Loves Travel Stop #828,"I-295, EXIT 33",Jacksonville,FL,30.33218,-81.65565,3.2823,3.2823,3.2823,1,city
71977,BP,SR-47,Sugar Grove,IL,41.76142,-88.44369,3.5990,3.5990,3.5990,1,city
71978,BP,I-29 & US-34,Pacific Junction,IA,41.01861,-95.79917,3.3990,3.3990,3.3990,1,city
71979,KENT KWIK #219,SR-338,Odessa,TX,31.84568,-102.36764,3.0073,3.0073,3.0073,1,city
71980,KENT KWIK #433,US-87,San Angelo,TX,31.46377,-100.43704,3.1323,3.1323,3.1323,1,city
71981,SHEETZ #488,US-13 & US-264,Greenville,NC,35.61266,-77.36635,2.8990,2.8990,2.8990,1,city
71982,MAVERIK COUNTRY STORE #665,SR-201,Magna,UT,40.70911,-112.10161,3.3990,3.3990,3.3990,1,city
71983,MAVERIK COUNTRY STORE #702,I-80 Exit 59,Sidney,NE,41.14276,-102.97798,3.1123,3.1123,3.1123,1,city
71984,BP,I-43 & SR-11,Elkhorn,WI,42.67279,-88.54454,3.1490,3.1490,3.1490,1,city
71985,Brew #12,US-20 & SR-31,Correctionville,IA,42.47499,-95.78557,3.5590,3.5590,3.5590,1,city
71988,C AND W GLOBAL,SR-429 & SR-438,Winter Garden,FL,28.56528,-81.58618,3.0740,3.0740,3.0740,1,city
71990,Allsups #2418,US-84,Snyder,TX,32.71789,-100.91762,2.9723,2.9723,2.9723,1,city
71991,TA Express Fairview #943,US 36,Fairview,KS,39.84111,-95.72804,3.2990,3.2990,3.2990,1,city
71992,7-ELEVEN #41263,US-13,Bridgeville,DE,38.74261,-75.60437,3.3990,3.3990,3.3990,1,city
71994,7-ELEVEN #42058,SR-572,Lakeland,FL,28.03947,-81.9498,3.4823,3.4823,3.4823,1,city
71995,Chevron,"I-40, EXIT 218 & US-285",Clines Corners,NM,35.0095,-105.66918,3.4157,3.4157,3.4157,1,city
71996,BP,"I-43, EXIT 164 & CR-Z",Maribel,WI,44.27638,-87.80731,3.2490,3.2490,3.2490,1,city
71997,7-ELEVEN #41287,SR-29,Immokalee,FL,26.41869,-81.4173,3.6790,3.6790,3.6790,1,city
71999,7-ELEVEN #41813,"I-85, EXIT 60",Duncan,SC,34.9379,-82.14511,3.0990,3.0990,3.0990,1,city
72000,7-ELEVEN #41309,US-41,Nokomis,FL,27.11922,-82.44426,3.3790,3.3790,3.3790,1,city
72001,7-Eleven #41963,"I-65, EXIT 98",Goodlettsville,TN,36.32311,-86.71333,3.0490,3.0490,3.0490,1,city
72003,7-ELEVEN #42012,"I-77, EXIT 24 & US-21",Blythewood,SC,34.21432,-80.97398,3.1090,3.1090,3.1090,1,city
72004,7-ELEVEN #41578,US-13,Seaford,DE,38.64123,-75.61104,3.3590,3.3590,3.3590,1,city
72006,CIRCLE K #4707123,SR-2,Canaan,ME,44.76173,-69.56144,3.7590,3.7590,3.7590,1,city
72008,CASHS #4469,US-278 & US-63,Warren,AR,33.61261,-92.06458,3.4990,3.4990,3.4990,1,city
72009,CEFCO #1059,SR-274,Kemp,TX,32.44264,-96.22998,2.9090,2.9090,2.9090,1,city
72011,CEFCO #107,US 190,Lampasas,TX,31.06378,-98.1817,2.8990,2.8990,2.8990,1,city
72012,CEFCO #108,US-77,Waco,TX,31.54933,-97.14667,2.9923,2.9923,2.9923,1,city
72013,CEFCO #1081,US-59,Queen City,TX,33.14874,-94.15019,3.0240,3.0240,3.0240,1,city
72014,CEFCO #1086,US-259,Longview,TX,32.5007,-94.74049,2.9590,2.9590,2.9590,1,city
72015,CEFCO #1096,US-82,Paris,TX,33.66094,-95.55551,2.9657,2.9657,2.9657,1,city
72016,Cefco #11,US-84,Waco,TX,31.54933,-97.14667,2.9957,2.9957,2.9957,1,city
72017,CEFCO #1102,SR-24 & SR-286,Paris,TX,33.66094,-95.55551,2.9657,2.9657,2.9657,1,city
72018,CEFCO #2071,US-377 & FM-381,Early,TX,31.7421,-98.94561,2.9257,2.9257,2.9257,1,city
72019,CEFCO #2081,US-84,Post,TX,33.19122,-101.379,2.9423,2.9423,2.9423,1,city
72020,CEFCO #2082,SR-206 & SR-36,Cross Plains,TX,32.12625,-99.16534,3.1590,3.1590,3.1590,1,city
72021,CEFCO #30,US-77 & SR-320,Lott,TX,31.20351,-97.03666,3.0110,3.0110,3.0110,1,city
72022,CEFCO #65,US-84 & FM-116,Gatesville,TX,31.43516,-97.74391,2.9657,2.9657,2.9657,1,city
72024,CENEX,US-2,Stanley,ND,48.31724,-102.39045,3.5823,3.5823,3.5823,1,city
72025,CENEX,US-2,Devils Lake,ND,48.11278,-98.86512,3.2407,3.2407,3.2407,1,city
72026,CENEX,"I-94, EXIT 84 & SR-8",Richardton,ND,46.8839,-102.31573,3.5090,3.5090,3.5090,1,city
72028,CENEX,US-52 & SR-15,Fessenden,ND,47.64917,-99.62929,3.5310,3.5310,3.5310,1,city
72029,CENEX,SR-40,Tioga,ND,48.39724,-102.93824,3.5757,3.5757,3.5757,1,city
72030,CENEX,I-90 & SR-51,Gillette,WY,44.29109,-105.50222,3.4890,3.4890,3.4890,1,city
72031,CENEX HARWOOD,"I-29/US-81, EXIT 72",Harwood,ND,46.97941,-96.88064,3.3590,3.3590,3.3590,1,city
72033,CHARLIE BS,SR-246,Greenwood,SC,34.1954,-82.16179,2.9870,2.9870,2.9870,1,city
72034,CHARLIES MARKET,SR-172,Salt Lake City,UT,40.76078,-111.89105,3.4590,3.4590,3.4590,1,city
72038,CHEVRON,I-55 & SR-570,McComb,MS,31.24379,-90.45315,3.2823,3.2823,3.2823,1,city
72039,CHEVRON,SR-20 & SR-65,Hosford,FL,30.38705,-84.79943,3.2990,3.2990,3.2990,1,city
72041,CHEVRON,SR-20 & SR-71,Blountstown,FL,30.44379,-85.04744,3.2990,3.2990,3.2990,1,city
72044,Maverik Country Store #709,I-40 Exit 163,Williams,AZ,35.24946,-112.191,3.2190,3.2190,3.2190,1,city
72045,MAVERIK COUNTRY STORE #710,US-6,Helper,UT,39.68413,-110.85461,3.4457,3.4457,3.4457,1,city
72046,CHEVRON DBA ONE9 #1429,US-30 & US-95,Fruitland,ID,44.00766,-116.91655,3.3707,3.3490,3.3923,2,city
72054,CHEVRON,US-45,Guntown,MS,34.44316,-88.65978,3.2990,3.2990,3.2990,1,city
72060,CHEVRON FOOD MART #20,US-45 & SR-16,Scooba,MS,32.82819,-88.47643,3.1990,3.1990,3.1990,1,city
72063,CIRCLE K #2655785,US-301,Upper Marlboro,MD,38.81595,-76.74969,3.9990,3.9990,3.9990,1,city
72066,CIRCLE K #2741094,SR-46,Seguin,TX,29.56884,-97.96473,2.9590,2.9590,2.9590,1,city
72067,CIRCLE K #2741822,US-90 & FM-471,Castroville,TX,29.35579,-98.87864,2.9123,2.9123,2.9123,1,city
72071,7-Eleven #42182,Ashley Phosphate Rd & Cross Country Rd,North Charleston,SC,32.85462,-79.97481,3.4590,3.4590,3.4590,1,city
72072,PARKERS #92,SR 17,Guyton,GA,32.3363,-81.3915,2.9990,2.9990,2.9990,1,city
72073,CIRCLE K #2723791,I-85 & SR-54,Graham,NC,36.06903,-79.40058,3.6090,3.6090,3.6090,1,city
72074,CIRCLE K #2741566,US-84 & FM-2837,Woodway,TX,31.506,-97.20501,2.9990,2.9990,2.9990,1,city
72075,CITGO SAMS FOOD STORE,"US-5, Exit 87",Hartford,CT,41.76371,-72.68509,3.4990,3.4990,3.4990,1,city
72077,COLDWATER TRAVEL CENTER,I-55 & SR-306,Coldwater,MS,32.71486,-89.21423,3.0990,3.0990,3.0990,1,city
72078,STRIPES #42150,"I-69C, Exit 9 & US-281",Edinburg,TX,26.30174,-98.16334,3.0057,3.0057,3.0057,1,city
72080,Corner Store,US-180/62,Seminole,TX,32.71899,-102.64491,3.1290,3.1290,3.1290,1,city
72081,STRIPES #2146,US-181 & SR-361,Ingleside,TX,27.8778,-97.21166,3.2990,3.2990,3.2990,1,city
72082,COUNTRYMARK,SR-124,Bluffton,IN,40.73866,-85.17164,3.7657,3.7657,3.7657,1,city
72083,DANDY DANS,US-49/SR-42,Hattiesburg,MS,31.32712,-89.29034,3.0657,3.0657,3.0657,1,city
72084,DANDY MINI MART #60,US-6 & SR-14,Troy,PA,40.91506,-78.2164,3.9990,3.9990,3.9990,1,city
72086,DELT EXPRESS,SR-52,SAMSON,AL,31.11295,-86.04605,3.6990,3.6990,3.6990,1,city
72087,DELTA,US-9,Jersey City,NJ,40.72816,-74.07764,3.2390,3.2390,3.2390,1,city
72089,CASEYS #4567,SR-55,Columbia,KY,37.10284,-85.30635,3.1590,3.1590,3.1590,1,city
72090,DOMINO #128,US-81 & SR-66,El Reno,OK,35.53227,-97.95505,3.1990,3.1990,3.1990,1,city
72091,DUCK THRU FOOD STORE #54,US-64,Columbia,NC,35.91766,-76.25215,3.5230,3.5230,3.5230,1,city
72092,DUCK THRU FOOD STORE #57,SR-42/SR-43,Pinetops,NC,35.78849,-77.63775,3.5740,3.5740,3.5740,1,city
72096,EXPRESS #29,SR-29,East Dublin,GA,32.54822,-82.87181,3.6323,3.6323,3.6323,1,city
72097,EXPRESSWAY SERVICE STATION,US-287 & SR-25,Electra,TX,34.02926,-98.91896,2.9990,2.9990,2.9990,1,city
72100,Exxon,"I-22/US-78, Exit 10 &  SR-178",Byhalia,MS,34.87232,-89.69064,3.1990,3.1990,3.1990,1,city
72101,EXXON,US-24,Redford,MI,42.38337,-83.2966,3.6990,3.6990,3.6990,1,city
72104,LOVES TRAVEL STOP #170,I-44 EXIT 166 & SR-18,CHANDLER,OK,35.70173,-96.88086,3.0873,3.0873,3.0873,1,city
72105,LOVES TRAVEL STOP #171,SR-375 & SR-31,McAlester,OK,34.93343,-95.76971,3.4373,3.4373,3.4373,1,city
72106,Loves Country Store #118,US-77 & SR-29,Wynnewood,OK,34.64342,-97.16447,2.9890,2.9890,2.9890,1,city
72108,FARMERS UNION OIL OF CARPIO,US-52 & SR-28,Carpio,ND,48.44252,-101.71461,3.3840,3.3840,3.3840,1,city
72110,FAST STOP,US-84 & CR-1800,Lubbock,TX,33.57786,-101.85517,2.9990,2.9990,2.9990,1,city
72111,FAST STOP,"I-40, Exit 81 & FM-1912",Amarillo,TX,35.222,-101.8313,2.9440,2.9440,2.9440,1,city
72112,Flyers #3219,US-60,Claypool,AZ,33.41117,-110.84261,3.8490,3.8490,3.8490,1,city
72113,Food N Fuel,US-6 & CR-4,New Lenox,IL,41.51198,-87.96561,3.4490,3.3990,3.4990,2,city
72114,Gas  House,"I-77, Exit 49B",Statesville,NC,35.78264,-80.8873,3.4240,3.4240,3.4240,1,city
72115,FRIENDSHIP FOOD & FUEL,SR-15 & CR-244,Ecru,MS,34.35316,-89.02312,3.7990,3.7990,3.7990,1,city
72116,FRIENDSHIP FOOD MART #90,I-90 & SR-57,Elyria,OH,41.36838,-82.10765,3.7790,3.7790,3.7790,1,city
72118,GAS N WASH,I-355 & SR-7,HOMER GLEN,IL,41.60003,-87.93811,3.5990,3.5990,3.5990,6,city
72119,Gas N Wash Cicero,SR-50,Berwyn,IL,41.85059,-87.79367,3.5840,3.5690,3.5990,2,city
72120,GAS PRO TRAVEL CENTER,US-301/25,Statesboro,GA,32.44879,-81.78317,3.1290,3.1290,3.1290,1,city
72122,KWIK TRIP #1115,US-63 & US-8,Turtle Lake,WI,45.3944,-92.14241,3.6557,3.6557,3.6557,1,city
72124,GET GO #3016,I-376 & SR-18,Monaca,PA,40.68729,-80.27145,5.4990,5.4990,5.4990,1,city
72125,GETGO #7520,I-65 & US-31,Edinburgh,IN,39.35422,-85.96666,3.3590,3.3590,3.3590,1,city
72126,GETGO #7526,I-69 & SR-332,Yorktown,IN,40.17365,-85.49414,3.3430,3.3430,3.3430,1,city
72128,GETGO #7545,I-65 & SR-400,Whitestown,IN,39.99726,-86.34583,3.3023,3.3023,3.3023,1,city
72130,GILBERTS SHELL,SR-72 & CR-59,Gilberts,IL,42.10336,-88.37286,3.2790,3.2790,3.2790,1,city
72132,GO TIME 4,I-64 Exit 94 & SR-1958,Winchester,KY,37.99008,-84.17965,2.9073,2.9073,2.9073,1,city
72134,Gulf,US-422 & SR-528/168,Parkman,OH,41.37061,-81.0651,3.6490,3.6490,3.6490,1,city
72136,HANA TRAVEL CENTER,"I-30, EXIT 153 & SR-185",Winfield,TX,33.16734,-95.11188,3.0790,3.0790,3.0790,1,city
72139,HOLMES EXPRESS,US-78 & SR-175,Memphis,TN,35.14953,-90.04898,3.3990,3.3990,3.3990,1,city
72142,CASEYS #3990,"I-90E, exit 96 and SR-17",Elkhart,IN,41.68199,-85.97667,3.6290,3.6290,3.6290,1,city
72143,Caseys #4023,US 36 & US 183,Phillipsburg,KS,39.75612,-99.32399,3.2923,3.2923,3.2923,1,city
72144,HUCKS FOOD & FUEL #397,US-68 & SR-432,Bowling Green,KY,36.99032,-86.4436,3.4990,3.4990,3.4990,1,city
72145,JP ZEBULON,US-19,Zebulon,GA,33.10235,-84.3427,3.1350,3.1350,3.1350,1,city
72146,HUTTER'S,SR-72,Jonestown,PA,40.4137,-76.4783,3.7190,3.7190,3.7190,1,city
72148,IRON HORSE TRAVEL CENTER,I-20 EXIT 270 & FM-1235,Merkel,TX,32.47068,-100.01287,2.8757,2.8757,2.8757,1,city
72149,IVOR MART,US-460,Hopewell,VA,37.30432,-77.2872,3.6990,3.6990,3.6990,1,city
72150,J AND R MARKET,SR-105 & SR-326,Sour Lake,TX,30.14021,-94.41102,3.1590,3.1590,3.1590,1,city
72153,Jet Food Store,SR-15 & SR-46,Soperton,GA,32.37712,-82.59236,3.4157,3.4157,3.4157,1,city
72154,JET FOOD STORE #93,US-280 & SR-135,Vidalia,GA,32.21769,-82.41346,3.4323,3.4323,3.4323,1,city
72155,JIFFY TRIP #142,US-77,Newkirk,OK,36.88225,-97.05337,3.0590,3.0590,3.0590,1,city
72156,JORDANS KWIK STOP #5,US-412,Portia,AR,36.08646,-91.06735,3.3757,3.3757,3.3757,1,city
72157,JORDANS KWIK STOP #52,US-67 & SR-304,Pocahontas,AR,36.26146,-90.97123,3.3123,3.3123,3.3123,1,city
72160,KENJO MARKET #52,US-321,Maryville,TN,35.75647,-83.97046,3.2490,3.2490,3.2490,1,city
72162,Krazy K's,US-45,Buckatunna,MS,31.53905,-88.52892,3.1490,3.1490,3.1490,1,city
72163,KWIK FILL,US-206,Hillsborough,NJ,40.4776,-74.62682,3.3990,3.3990,3.3990,1,city
72170,STRIPES # 41977,"I-2, EXIT 168",La Feria,TX,26.15896,-97.82389,3.2190,3.2190,3.2190,1,city
72171,LAWTEY SHELL SERVICE,US-301,Lawtey,FL,30.04413,-82.07177,3.5990,3.5990,3.5990,1,city
72175,ALLSUPS #2410,"I-35/US-77, EXIT 368 & SR-22",Whitney,TX,31.95182,-97.3214,2.9657,2.9657,2.9657,1,city
72180,LITTLEFIELD EXPRESS #4,I-40 Exit 321,Muldrow,OK,35.4062,-94.59883,3.4190,3.4190,3.4190,1,city
72181,LITTLEFIELD EXPRESS #7,US-167,Cave City,AR,35.94174,-91.54847,3.3490,3.3490,3.3490,1,city
72182,LULING MINI MART,I-10 Exit 628 & SR-80,Luling,TX,29.68051,-97.6475,2.9657,2.9657,2.9657,1,city
72184,MACS 33,US-49,Florence,MS,32.15348,-90.1312,2.8990,2.8990,2.8990,1,city
72185,Circle K #2709332,US-231/SR-53,Montgomery,AL,32.36681,-86.29997,3.2590,3.2590,3.2590,1,city
72188,MARATHON,US-61 & SR-637,Reserve,LA,30.05381,-90.55175,3.7490,3.7490,3.7490,1,city
72189,MARATHON,I-75 & CR-20,Middletown,OH,39.51506,-84.39828,3.2157,3.2157,3.2157,1,city
72190,Minuteman Food Mart #37,US-74,Leland,NC,34.25628,-78.04471,3.3890,3.3890,3.3890,1,city
72191,MARATHON RIVERSIDE GAS,I-80 & CR-6,Elkhart,IN,41.68199,-85.97667,3.4990,3.4990,3.4990,1,city
72192,MASSEY FUEL,"I-95, EXIT 30",Bridgeport,CT,41.17923,-73.18945,3.3990,3.3990,3.3990,1,city
72193,MERRIMAN COUNTRY STORE,SR-1 & CR-3700,Allen,OK,34.87898,-96.41251,3.0990,3.0990,3.0990,1,city
72194,Mobil,I-57,Riverdale,IL,41.63337,-87.6331,3.6990,3.6990,3.6990,1,city
72195,MOBIL,US-46,Columbia,NJ,40.92621,-75.09268,3.0790,3.0790,3.0790,1,city
72196,MORGAN OIL,US-224 & CR-231,Lowellville,OH,41.03534,-80.53646,3.3990,3.3990,3.3990,1,city
72197,MOTOMART #3369,SR-370 E,Saint Charles,MO,38.78394,-90.48123,3.0423,3.0423,3.0423,1,city
72199,MPC #99A,I-270 Exit 22B,Hazelwood,MO,38.77144,-90.37095,3.0590,3.0590,3.0590,2,city
72200,Swift Mart,I-55/SR-7 & US-51,Grenada,MS,33.769,-89.80842,3.3657,3.3657,3.3657,1,city
72201,MUDD CREEK COUNTRY STORE,US-79,Franklin,TX,31.02602,-96.48524,3.1940,3.1940,3.1940,1,city
72202,MUSTANG MARKET,I-80 Exit 73,Sparks,NV,39.53491,-119.75269,4.1990,4.1990,4.1990,1,city
72205,NIC'S,SR-97,Bainbridge,GA,30.9038,-84.57547,3.3790,3.3790,3.3790,1,city
72206,NORTHLAKE BP,I-294 & US-45,Melrose Park,IL,41.90059,-87.85673,3.6490,3.5990,3.6990,2,city
72207,NZT,I-294,Alsip,IL,41.66892,-87.73866,3.4890,3.3890,3.5890,2,city
72210,CITGO,US-70,Princeton,NC,35.46599,-78.16055,3.6990,3.6990,3.6990,1,city
72212,PARKERS #72,US-52 & SR- 402,Moncks Corner,SC,33.19632,-80.01429,3.2557,3.2557,3.2557,1,city
72215,PIT STOP #1,SR-31 & SR-34,Weedsport,NY,43.04868,-76.56272,3.8990,3.8990,3.8990,1,city
72216,Pit Stop #14,US-20/US-16,Worland,WY,44.0169,-107.95537,3.8290,3.8290,3.8290,1,city
72217,PIEDMONT PETROLEUM,US-501,Lynchburg,VA,37.41375,-79.14225,3.4590,3.4590,3.4590,1,city
72219,QUICK FILL,US-78/SR-4,Eastaboga,AL,33.60594,-86.02136,3.0990,3.0990,3.0990,1,city
72222,RAINY LAKE OIL,CR-332 & CR-24,International Falls,MN,48.60105,-93.41098,3.3790,3.3790,3.3790,1,city
72224,RAYMOND TRUCK STOP,US-1/US-9,Newark,NJ,40.73566,-74.17237,3.2590,3.2590,3.2590,1,city
72225,SHEETZ #144,US-220 & SR-55,Moorefield,WV,39.06233,-78.96947,3.2890,3.2890,3.2890,1,city
72226,REBEL GAS MART,SR-7,Oxford,MS,34.3665,-89.51925,3.0490,3.0490,3.0490,1,city
72227,RED BANKS VALERO,I-22 & SR-178,Red Banks,MS,34.82815,-89.56453,2.9990,2.9990,2.9990,1,city
72228,REFUEL #1043,US-15,Sumter,SC,33.92044,-80.34147,3.0957,3.0957,3.0957,1,city
72229,REFUEL #1047,US-521,Sumter,SC,33.92044,-80.34147,3.0057,3.0057,3.0057,1,city
72230,REFUEL #1116,US-64,Apex,NC,35.73265,-78.85029,3.7990,3.7990,3.7990,1,city
72231,RENO JUNCTION TRAVEL PLAZA,SR-59 & SR-387,Wright,WY,43.75124,-105.49201,3.5090,3.5090,3.5090,1,city
72232,RICKY ROCKETS FUEL,I-294 & US-12,HICKORY HILLS,IL,41.72559,-87.82506,3.9490,3.8990,3.9990,2,city
72233,ROAD RANGER #284,I-27 & FM-1729,New Deal,TX,33.73731,-101.83656,2.9857,2.9857,2.9857,1,city
72235,ROC ONE STOP #1,SR-34,Galatia,IL,37.8406,-88.60922,3.5590,3.5590,3.5590,1,city
72236,ROYAL FARMS #108,US-13,Cape Charles,VA,37.27008,-76.01649,3.4723,3.4723,3.4723,1,city
72237,ROYAL FARMS #135,SR-404 & SR-16,Denton,MD,38.88456,-75.82716,3.3390,3.3390,3.3390,1,city
72238,ROYAL FARMS #169,I-895 & US-40,Baltimore,MD,39.29038,-76.61219,3.2590,3.2590,3.2590,1,city
72239,ROYAL FARMS #171,US-13 & SR-24,Laurel,DE,38.5565,-75.57131,3.2590,3.2590,3.2590,1,city
72240,ROYAL FARMS #191,I-83 Exit 20A,Hunt Valley,MD,39.49983,-76.64108,4.1990,4.1990,4.1990,1,city
72241,ROYAL FARMS #242,I-95 Exit 27,Philadelphia,PA,39.95238,-75.16362,3.7990,3.7990,3.7990,1,city
72242,ROYAL FARMS #311,SR-7 & SR-43,Nottingham,MD,39.19927,-76.63719,3.2690,3.2690,3.2690,1,city
72243,Racetrac #2611,"I-65, EXIT 116",Shepherdsville,KY,37.9884,-85.71579,2.9590,2.9590,2.9590,1,city
72247,SEVEN MART,I-20 & SR-17,Delhi,LA,32.45764,-91.49317,3.1990,3.1990,3.1990,1,city
72248,SHELBY EXPRESS,SR-175,Memphis,TN,35.14953,-90.04898,3.6990,3.6990,3.6990,1,city
72250,RACEWAY #6854,US-278 & SR-113,Rockmart,GA,34.0026,-85.04161,3.1723,3.1723,3.1723,1,city
72251,SHELL,I-94 & US-12,Detroit,MI,42.33143,-83.04575,3.7990,3.6990,3.8990,2,city
72256,SHELL,US-1,Warren,ME,44.12036,-69.24005,3.9990,3.9990,3.9990,1,city
72257,DUCK THRU #55,US-13BYP & SR-308,Windsor,NC,35.99849,-76.94606,3.2390,3.2390,3.2390,1,city
72259,SHELL,SR-72 & SR-25,Dundee,IL,42.095,-88.27,3.2790,3.2790,3.2790,1,manual
72260,Duck Thru #58,US-13 & CR-677,Suffolk,VA,36.72836,-76.58496,3.4490,3.4490,3.4490,1,city
72261,SHELL,US-45 & CR-520,Shannon,MS,34.11622,-88.71172,3.1990,3.1990,3.1990,1,city
72262,7-ELEVEN #38855,"I-95, exit 58",Colonial Heights,VA,37.26804,-77.40726,3.5090,3.5090,3.5090,1,city
72263,SPARTAN FUELS,US-80 & SR-22,Columbus,GA,32.46098,-84.98771,3.3090,3.3090,3.3090,1,city
72264,CIRCLE K #2654249,SR 24 & SR 286,Paris,TX,33.66094,-95.55551,2.9590,2.9590,2.9590,1,city
72266,SHELL SERVICE STATION,I-65 Exit 14 & US-64,Pulaski,TN,35.1998,-87.03084,3.2090,3.2090,3.2090,1,city
72267,SHELL SERVICE STATION,I-90 Exit 52,Elgin,IL,42.03725,-88.28119,3.2790,3.2790,3.2790,1,city
72268,SHORT STOP,US-67/283,Santa Anna,TX,31.74209,-99.32173,3.4990,3.4990,3.4990,1,city
72273,SPINX #341,SR-41,Charleston,SC,32.77632,-79.93275,3.3323,3.3323,3.3323,1,city
72274,SPINX #366,SR-642,Summerville,SC,33.0185,-80.17565,3.2790,3.2790,3.2790,1,city
72276,STAR 001,US-20 & SR-23,SOUTH BEND,IN,41.68338,-86.25001,3.7323,3.7323,3.7323,1,city
72277,STOP N GAS,SR-15 & SR-39,Yorkshire,NY,42.53006,-78.4728,4.0990,4.0990,4.0990,1,city
72278,SUN DO,I-74 Exit 197,Maxton,NC,34.73516,-79.34893,3.4390,3.4390,3.4390,1,city
72279,AMOCO,US-30,Clarence,IA,41.88891,-91.05654,3.3990,3.3990,3.3990,1,city
72281,SUNOCO,I-95 Exit 77B & SR-24,Edgewood,MD,39.41872,-76.2944,3.2990,3.2990,3.2990,1,city
72282,SUNOCO,I-278 Exit 48,Bronx,NY,40.845,-73.865,4.5390,4.5390,4.5390,1,manual
72285,CUSSETA TRAVEL CENTER,SR 520,Cusseta,GA,32.30543,-84.7727,3.1990,3.1990,3.1990,1,city
72287,CASEY'S #4522,US-81,Hennessey,OK,36.1092,-97.89867,3.0590,3.0590,3.0590,1,city
72288,S&G #88,I-475 Exit 13 & US-20,Toledo,OH,41.66394,-83.55521,3.0090,3.0090,3.0090,1,city
72289,SUNOCO,SR-12 & FM-1136,Orange,TX,30.09299,-93.73655,2.8990,2.8990,2.8990,1,city
72290,SUNSTOP,US-19,Thomasville,GA,30.83658,-83.97878,3.2823,3.2823,3.2823,1,city
72291,Union 76,US-129,Mc Alpin,FL,30.13912,-82.9518,3.6590,3.6590,3.6590,1,fuzzy
72292,SUNSTOP #336,SR-121 & CR-18,Lake Butler,FL,28.50167,-81.54091,3.5923,3.5923,3.5923,1,city
72293,SUNSTOP INLAND DBA ONE9 #1402,I-10 & SR-71,Marianna,FL,30.77436,-85.22687,3.2990,3.2990,3.2990,2,city
72294,SWANTON SUNOCO,I-89 & SR-78,Swanton,VT,44.9181,-73.1243,3.5390,3.5390,3.5390,1,city
72295,SWIFT,US-69,Nederland,TX,29.97438,-93.9924,2.9857,2.9857,2.9857,1,city
72296,SWIFT STOP #5,US-84 & US-380,Post,TX,33.19122,-101.379,2.9430,2.9430,2.9430,1,city
72297,T & M FOOD STORE,SR-113,Taylorsville,GA,34.08621,-84.98744,3.3670,3.3670,3.3670,1,city
72298,TARZAN AND JANE,I-20 & SR-137,Stanton,TX,32.12929,-101.78846,3.2990,3.2990,3.2990,1,city
72302,TEXACO,SR-114 & SR-156,Pennington,AL,32.20709,-88.05613,3.1973,3.1973,3.1973,1,city
72303,TEXACO #378602,I-59 Exit 85 & SR-590,Ellisville,MS,31.60405,-89.19561,3.1990,3.1990,3.1990,1,city
72305,THE ANCHOR,US-60 & CR-3500,Mountain View,MO,36.99533,-91.70376,3.0323,3.0323,3.0323,1,city
72308,Racetrac #2609,SR-60,Okeechobee,FL,27.24393,-80.82978,3.2990,3.2990,3.2990,1,city
72309,Racetrac #2608,"I-59, EXIT 181 & SR-77",Gadsden,AL,34.01434,-86.00639,2.9990,2.9990,2.9990,1,city
72310,RACETRAC #2387,US-19,Hudson,FL,28.36445,-82.69343,3.3157,3.3157,3.3157,1,city
72313,THOMPSON'S CORNER,US-25,Millen,GA,32.80405,-81.94928,3.3157,3.3157,3.3157,1,city
72314,THORNTONS #0333,SR-59 & SR-56,Warrenville,IL,41.81781,-88.1734,3.5740,3.5490,3.5990,2,city
72315,THORNTONS #221343,US-14 & SR-31,Crystal Lake,IL,42.24113,-88.3162,3.4740,3.4490,3.4990,2,city
72316,THORNTONS #221344,SR-120,Mchenry,IL,42.33335,-88.26675,3.6740,3.6490,3.6990,2,city
72317,THORNTONS #261169,SR-1747 & SR-2052,Louisville,KY,38.25424,-85.75941,3.2807,3.2807,3.2807,1,city
72318,THORNTONS #330,I-55 & SR-50,Cicero,IL,41.84559,-87.75394,3.5740,3.5490,3.5990,2,city
72319,THORNTONS #5,I-55 & SR-50,Cicero,IL,41.84559,-87.75394,3.6240,3.5990,3.6490,2,city
72320,THORNTONS #616,SR-265,Lebanon,TN,36.20811,-86.2911,2.8757,2.8757,2.8757,1,city
72321,Thorntons #617,I-24 Exit 64,La Vergne,TN,36.01562,-86.58194,2.8823,2.8823,2.8823,1,city
72324,TREE CITY TRAVEL PLAZA,US-421,Greensburg,IN,39.33727,-85.48358,3.9890,3.9890,3.9890,1,city
72325,TREX MART #17,I-29 & SR-371,Platte City,MO,39.37028,-94.78246,2.9990,2.9990,2.9990,1,city
72326,CIRCLE K #4700101,I-65 Exit 50,Seymour,IN,38.95922,-85.89025,3.4990,3.4990,3.4990,1,city
72328,Tropic Fleet Hialeah Cardlock,SR-953 & SR-934,Miami,FL,25.77427,-80.19366,3.4790,3.4790,3.4790,1,city
72329,TROTTERS,SR-2,Broken Bow,NE,41.40195,-99.63928,3.2990,3.2990,3.2990,1,city
72330,TRUE NORTH #325,SR-57 & SR-113,Elyria,OH,41.36838,-82.10765,3.6790,3.6790,3.6790,1,city
72331,TUPELO TRAVEL STOP,SR-48 & SR-3,Tupelo,OK,34.60481,-96.42417,2.9990,2.9990,2.9990,1,city
72332,TXB #82 DBA KWIK CHEK FOOD STORES,US-83,Asherton,TX,28.44193,-99.76033,3.2590,3.2590,3.2590,1,city
72333,UNITED MARKET,US-84,Blackshear,GA,31.30605,-82.24207,3.7657,3.7657,3.7657,1,city
72335,VALERO,US-30 & SR-598,Galion,OH,40.73367,-82.7899,3.4990,3.4990,3.4990,1,city
72337,VALLEY COUNTRY STORE,I-84 & US-93,Jerome,ID,42.72407,-114.51865,3.4323,3.4323,3.4323,1,city
72338,VALLEY MART #05,US-90 & SR-173,Hondo,TX,29.34746,-99.14142,3.1990,3.1990,3.1990,1,city
72339,VP RACING FUEL,US-231,Panama City,FL,30.15946,-85.65983,3.4990,3.4990,3.4990,1,city
72340,WARREN OIL,US-6,Channahon,IL,41.42948,-88.22867,3.7040,3.6290,3.7790,2,city
72342,WHITE RIVER,US-231 & SR-58,Bloomfield,IN,39.02699,-86.93751,3.7590,3.7590,3.7590,1,city
72343,WOLF DEN,US-97,Wapato,WA,46.44763,-120.42034,3.4090,3.4090,3.4090,1,city
72344,WOW FOOD MART,I-75 & US-25,Richmond,KY,37.74786,-84.29465,3.6090,3.6090,3.6090,1,city
72345,YAKAMART,US-97,Toppenish,WA,46.37735,-120.30867,3.5090,3.5090,3.5090,1,city
72346,Y-NOT STOP,US-165 & SR-10,Oakdale,LA,30.81603,-92.66042,3.6990,3.6990,3.6990,1,city
72347,MARATHON,I-94 Exit 121,Albion,MI,42.2431,-84.75303,3.6990,3.6990,3.6990,1,city
72348,7-ELEVEN #34718,"I-294, EXIT 25",Hinsdale,IL,41.80086,-87.93701,3.7390,3.7190,3.8390,3,city
72349,7-ELEVEN #34713,"I-90, EXIT 24",Belvidere,IL,42.26391,-88.84427,3.7390,3.6590,3.8790,3,city
72350,7-ELEVEN #34709,504 N CREGO RD,Dekalb,IL,41.92947,-88.75036,4.4390,4.4390,4.4390,1,city
72351,LOVES TRAVEL STOP #874,"I-65, EXIT 175 & SR-25",Lafayette,IN,40.4167,-86.87529,3.6723,3.6723,3.6723,1,city
72352,LOVES TRAVEL STOP #858,"I-49, EXIT 172 & US-84",Mansfield,LA,32.03766,-93.70018,3.2457,3.2457,3.2457,1,city
72360,PUMP & PANTRY #22,SR-91 & SR-11,Burwell,NE,41.78167,-99.13315,3.2990,3.2990,3.2990,1,city
72361,PUMP & PANTRY #39,I-80 Exit 179 & SR-56G,North Platte,NE,41.12389,-100.76542,3.1157,3.1157,3.1157,1,city
72362,PUMP & PANTRY #18,US-281 & CR-11,Doniphan,NE,40.77196,-98.36951,3.3073,3.3073,3.3073,1,city
72363,PUMP & PANTRY #1,US-30,Grand Island,NE,40.92501,-98.34201,3.3073,3.3073,3.3073,1,city
72368,CHEVRON #352416,I-8 Exit 73,Jacumba,CA,32.617,-116.188,6.3990,6.3990,6.3990,1,manual
72372,Eastland Truck Stop,I-20 Exit 340 & SR-6,Eastland,TX,32.40152,-98.81756,2.9323,2.9323,2.9323,1,city
72373,Rusty Lantern,SR-4,Turner,ME,44.25646,-70.25617,3.8990,3.8990,3.8990,1,city
72374,Rusty Lantern,SR-26 & SR-219,West Paris,ME,44.32423,-70.57395,3.9657,3.9657,3.9657,1,city
72376,SUNOCO,US 84 & SR 39,Donalsonville,GA,31.04046,-84.87909,3.4990,3.4990,3.4990,1,city
72378,EB SUNOCO,SR-3 & SR-28,Muncie,IN,40.19338,-85.38636,3.7990,3.7990,3.7990,1,city
72380,EXXPRESS MART #12,US-287 & SR-421,Lumberton,TX,30.26577,-94.19963,2.9590,2.9590,2.9590,1,city
72382,EXXPRESS MART #4,SR-105,Beaumont,TX,30.08605,-94.10185,3.1990,3.1990,3.1990,1,city
72385,GAS N WASH,I-57 & SR-17,Kankakee,IL,41.12003,-87.86115,3.5990,3.5990,3.5990,1,city
72387,Williams Fuel Stop,SR-7 & SR-735,Gallipolis,OH,38.8098,-82.20237,3.5407,3.5407,3.5407,1,city
72389,PILOT #1354,US 385,Odessa,TX,31.84568,-102.36764,3.5657,3.5657,3.5657,1,city
72390,QUIKTRIP #46,US 169 & SR 266,Tulsa,OK,36.15398,-95.99277,3.1423,3.1423,3.1423,1,city
72391,QUIKTRIP #56,US-169 & SR-11,Tulsa,OK,36.15398,-95.99277,3.1423,3.1423,3.1423,1,city
72394,LOVES TRAVEL STOP #871,"I-85, Exit 32",Piedmont,SC,34.70234,-82.46457,3.1973,3.1973,3.1973,1,city
72395,ALLSUPS #2427,US 84,Gatesville,TX,31.43516,-97.74391,3.0073,3.0073,3.0073,1,city
72396,RACETRAC #2624,US-1,Marathon,FL,24.71375,-81.09035,3.2357,3.2357,3.2357,1,city
72400,HAN DEE HUGOS #21,US-17 & SR-87,Winnabow,NC,34.14934,-78.0936,3.4123,3.4123,3.4123,1,city
72402,HAN DEE HUGOS #5,SR-410 & SR-211,Bladenboro,NC,34.53878,-78.78752,3.2057,3.2057,3.2057,1,city
72403,HAN DEE HUGOS #67,US-70,Raleigh,NC,35.7721,-78.63861,3.9990,3.9990,3.9990,1,city
72408,JOURNEY FOOD STORE #2,US-301,Callahan,FL,30.56218,-81.83066,3.3990,3.3990,3.3990,1,city
72410,KELLEYS MARKET,I-90 Exit 15 & US-20 BUS,Rockford,IL,42.27113,-89.094,3.0440,2.9690,3.1190,2,city
72412,KELLEYS MARKET,US-20,Cherry Valley,IL,42.23474,-88.94899,3.6990,3.6990,3.6990,1,city
72413,TROPIC OIL COMPANY,SR-17,Lake Wales,FL,27.90141,-81.58591,3.4990,3.4990,3.4990,1,city
72418,SHELL,SR-953,Miami,FL,25.77427,-80.19366,3.4790,3.4790,3.4790,1,city
72419,Denver 39th Ave Cardlock,I-70/US-36 EXIT-281,Denver,CO,39.73915,-104.9847,3.4907,3.4907,3.4907,1,city
72420,MAVERIK COUNTRY STORE #620,SR-8,Saint George,UT,37.10415,-113.58412,3.4623,3.4623,3.4623,1,city
72424,MIDDLESEX FOOD STORE,CR-604,Carteret,NJ,40.57733,-74.2282,3.5157,3.5157,3.5157,1,city
72425,MINUTEMAN FOOD MART #18,SR-87,Tar Heel,NC,34.73322,-78.79002,4.6190,4.6190,4.6190,1,city
72428,QUIKTRIP #7249,US 80 E,Flowood,MS,32.30959,-90.13898,2.9157,2.9157,2.9157,1,city
72429,PARKERS #16 (DISCOUNT AVAILABLE),SR-21,Port Wentworth,GA,32.14909,-81.16317,3.1057,3.1057,3.1057,1,city
72430,PATRIOT FUELING CENTER,SR-9,Lineville,AL,33.31067,-85.75441,3.2990,3.2990,3.2990,1,city
72432,Yesway #1203,SR-6,Clifton,TX,31.78238,-97.57669,2.9690,2.9690,2.9690,1,city
72433,RENFROE STORE,SR-25,Carthage,MS,32.73264,-89.53618,4.0990,4.0990,4.0990,1,city
72435,Cedar City Cardlock (Bulk Plant),"I-15, EXIT 59",Cedar City,UT,37.67748,-113.06189,3.4590,3.4590,3.4590,1,city
72436,Ricky Rockets,SR-390 &SR-53,Itasca,IL,41.97503,-88.00729,3.5290,3.3990,3.5790,4,city
72437,Tropic Oil,US-191,Moab,UT,38.57332,-109.54984,4.1690,4.1690,4.1690,1,city
72438,QUIKTRIP #7208,I-290 EXIT 18A,Bellwood,IL,41.88142,-87.88312,3.1990,3.0790,3.2790,5,city
72440,Rutters #84,US-15 & SR-340,Emmitsburg,MD,39.70454,-77.32693,3.9157,3.9157,3.9157,1,city
72441,SHEETZ #165,US-6,Coudersport,PA,41.77479,-78.02056,3.6990,3.6990,3.6990,1,city
72442,SHEETZ #239,I-70 Exit 57,New Stanton,PA,40.21924,-79.60948,3.2857,3.2857,3.2857,1,city
72443,SHEETZ #553,I-81 Exit 3,Greencastle,PA,39.79037,-77.72777,3.3323,3.3323,3.3323,1,city
72444,SHEETZ #597,I-40 Exit 126,Hickory,NC,35.73319,-81.3412,2.8590,2.8590,2.8590,1,city
72445,SHEETZ #639,I-80 Exit 223,Youngstown,OH,41.09978,-80.64952,3.0590,3.0590,3.0590,1,city
72446,SHEETZ #656,US-219 & US-6,Kane,PA,41.66284,-78.81114,3.6990,3.6990,3.6990,1,city
72447,SHEETZ #689,I-64 EXIT 197A  & SR-156,Henrico,VA,36.59264,-78.61611,2.9490,2.9490,2.9490,1,city
72448,SHELL SERVICE STATION,SR-55,Morrison,TN,35.60285,-85.91971,3.4990,3.4990,3.4990,1,city
72456,SPINX #161,I-85 Exit 60 & SR-101,Greer,SC,34.93873,-82.22706,3.1590,3.1590,3.1590,1,city
72458,7-ELEVEN #41335,SR-80 & SR-29,Labelle,FL,26.76173,-81.43841,3.5990,3.5990,3.5990,1,city
72459,7-ELEVEN #34154,I-75 Exit 128,Fort Myers,FL,26.62168,-81.84059,3.2990,3.2990,3.2990,1,city
72462,Story Belgrade Cardlock,"I-90, EXIT 298",Belgrade,MT,45.77604,-111.1769,3.6990,3.6990,3.6990,1,city
72466,Holbrook Cardlock,I-40 EXIT 285,Holbrook,AZ,34.90225,-110.15818,3.2323,3.2323,3.2323,1,city
72467,SUNOCO SERVICE STATION,I-81 Exit 44 & SR-465,Carlisle,PA,40.20148,-77.18887,3.8890,3.8890,3.8890,1,city
72468,Springerville Cardlock,US-191,Springerville,AZ,34.13355,-109.28834,3.2590,3.2590,3.2590,1,city
72471,THORNTONS #221335,I-55 Exit 263,Bolingbrook,IL,41.69864,-88.0684,3.6740,3.6490,3.6990,2,city
72473,Loves Travel Stop #885,US 77,Harlingen,TX,26.19063,-97.6961,3.6490,3.6490,3.6490,1,city
72475,Express 24,SR-77 & US-60,Show Low,AZ,34.25421,-110.02983,3.2990,3.2990,3.2990,1,city
72476,Mandan Cardlock (Bulk Plant),"I-94, EXIT 153",Mandan,ND,46.82666,-100.88958,3.5990,3.5990,3.5990,1,city
72477,Racetrac #2618,US-231 & CR-8,Huntsville,AL,34.7304,-86.58594,2.9507,2.9507,2.9507,1,city
72478,Racetrac #2621,SR-53,Huntsville,AL,34.7304,-86.58594,3.0990,3.0990,3.0990,1,city
72479,CEFCO #2086,US 180 & 84,Snyder,TX,32.71789,-100.91762,2.9657,2.9657,2.9657,1,city
72480,TA Mt Vernon,I-44,Mount Vernon,MO,37.10367,-93.81854,3.4040,3.4040,3.4040,1,city
72481,CASEYS #4323,SR-57 & SR-60,Wanamingo,MN,44.30441,-92.79047,3.4990,3.4990,3.4990,1,city
72482,RUTTERS FARM STORE #80,SR 61,Orwigsburg,PA,40.65481,-76.10077,3.8590,3.8590,3.8590,1,city
72483,Circle K #4700047,I-65 Exit 34A,Austin,IN,38.75839,-85.80803,3.7990,3.7990,3.7990,1,city
72485,ALLSUPS CONVENIENCE STORE #2160,US 70,Roswell,NM,33.39437,-104.52491,3.2557,3.2557,3.2557,1,city
72486,QUIKTRIP #4216,"I-70 & SR-79, EXIT 304",Bennett,CO,39.75887,-104.42746,3.1990,3.1990,3.1990,1,city
72487,PILOT #1380,I-2 EXIT 161,Mercedes,TX,26.1498,-97.91361,3.6590,3.6590,3.6590,1,city
72488,MAVERIK COUNTRY STORE #657,I-15 Exit 10,Washington,UT,37.13054,-113.50829,3.4257,3.4257,3.4257,1,city
72489,CASEYS #3987,LINCOLN HWY,Wanatah,IN,41.4306,-86.89836,3.7157,3.7157,3.7157,1,city
72490,ASAP GENERAL STORE #322,US-281,Hinton,OK,35.47144,-98.35562,3.1323,3.1323,3.1323,1,city
72492,CIRCLE K #2709098,US 85,Greeley,CO,40.42331,-104.70913,3.2107,3.2107,3.2107,1,city
72493,Chiricahua Apache Plaza,I-10 EXIT 102,Deming,NM,32.2687,-107.75864,3.0373,3.0373,3.0373,1,city
72494,7-ELEVEN #42132,"I-35, EXIT 131",Lytle,TX,29.23329,-98.79641,3.5990,3.5990,3.5990,1,city
72495,ROAD RANGER #286,1-40 EXIT 77,Amarillo,TX,35.222,-101.8313,2.9723,2.9723,2.9723,1,city
72496,ROAD RANGER #289,I-45 EXIT 189,Teague,TX,31.62711,-96.28386,3.3957,3.3957,3.3957,1,city
72497,ROAD RANGER #290,"I-44, Exit 13",Joplin,MO,37.08423,-94.51328,3.2123,3.2123,3.2123,1,city
72498,SHEETZ  #760,"I-71, EXIT 140 Township Rd 256",Marengo,OH,40.40089,-82.81073,3.0657,3.0657,3.0657,1,city
72499,Bowie Travel Center Chevron dba One9 #1411,I-10,Bowie,AZ,32.32647,-109.48701,3.0590,3.0140,3.0990,3,city
72500,GAS N WASH,US 34,Plano,IL,41.66281,-88.53702,3.5490,3.4990,3.5990,2,city
72501,QUIKTRIP #7203,"I-80, EXIT 75 &SR-251",Peru,IL,41.32753,-89.12897,3.0990,2.9690,3.2490,5,city
72502,QUIKTRIP #7133,"I-95, EXIT 190 & SR-34",Dillon,SC,34.41655,-79.37116,3.0823,3.0823,3.0823,1,city
72503,QUIKTRIP #7151,I-55/40 EXIT 278 & SR-191,West Memphis,AR,35.14648,-90.18454,2.9990,2.9990,2.9990,1,city
72505,CASEYS #4379,I-59 HWY,Worthington,MN,43.61996,-95.5964,3.1423,3.1423,3.1423,1,city
72506,CASEYS #4273,SR-56,Madison,IN,38.73589,-85.37996,3.6990,3.6990,3.6990,1,city
72507,Golden Gate Fillmore,SR 99,Fillmore,UT,38.96885,-112.32355,3.2973,3.2973,3.2973,1,city
72510,STUCK FLEET FUELING,US-19,Waynesburg,PA,39.89646,-80.17923,4.4990,4.4990,4.4990,1,city
72514,Petro-Card 24 #910722,SR-6,Trenton,MO,40.0789,-93.61661,3.1490,3.1490,3.1490,1,city
72515,PETRO-CARD 24 #910520,US-54BUS,Mexico,MO,39.16976,-91.88295,3.2290,3.2290,3.2290,1,city
72519,CIRCLE K #2723050,SR-59,Hope Mills,NC,34.97044,-78.94531,2.9090,2.9090,2.9090,1,city
72520,PETRO-CARD 24 #910160,US-50,Warrensburg,MO,38.76279,-93.73605,3.2990,3.2990,3.2990,1,city
72521,PETRO-CARD 24 #910410,I-44/US-66,Lebanon,MO,37.6806,-92.66379,3.0990,3.0990,3.0990,1,city
72522,MFA #910591,US-63,La Plata,MO,40.02337,-92.49158,3.3390,3.3390,3.3390,1,city
72523,Petro-Card 24 #910820,US-60BUS,Willow Springs,MO,36.99228,-91.96987,3.3990,3.3990,3.3990,1,city
72524,QuickChek #189,US-46,Ridgefield,NJ,40.83427,-74.00875,3.2523,3.2523,3.2523,1,city
72526,PETRO-CARD 24 #911251,US-169,King City,MO,40.05138,-94.52412,3.2990,3.2990,3.2990,1,city
72528,MFA #910260,SR-87/240,Glasgow,MO,39.22725,-92.84658,3.3965,3.3965,3.3965,1,city
72529,PETRO-CARD 24 #910530,US-24,Moberly,MO,39.41837,-92.43824,3.4190,3.4190,3.4190,1,city
72530,PETRO-CARD 24 #910140,US-50 BUS,California,MO,38.62753,-92.56658,3.4590,3.4590,3.4590,1,city
72531,PETRO-CARD 24 #910040,US-60 BUS,Aurora,MO,36.97089,-93.71798,3.2090,3.2090,3.2090,1,city
72533,Fuel 4,US-9,Jersey City,NJ,40.72816,-74.07764,3.2390,3.2390,3.2390,1,city
72534,Petro-Card 24 #911290,US-59,Mound City,MO,40.13111,-95.23164,3.1490,3.1490,3.1490,1,city
72535,MFA #911310,SR-5,Centerville,IA,42.09276,-93.93551,3.1257,3.1257,3.1257,1,city
72536,MFA 910281,SR-5,Milan,MO,40.20224,-93.12521,3.2990,3.2990,3.2990,1,city
72537,PETRO-CARD 24 #910210,SR-7,Clinton,MO,38.36863,-93.77827,3.3990,3.3990,3.3990,1,city
72538,Petro-Card 24 #910670,SR-51,Qulin,MO,36.59589,-90.24732,3.1990,3.1990,3.1990,1,city
72540,MFA #910441,US-54,Louisiana,MO,39.44894,-91.05153,3.0490,3.0490,3.0490,1,city
72541,MFA 911021,US-136,Tarkio,MO,40.44028,-95.37776,3.3290,3.3290,3.3290,1,city
72542,MFA #910731,SR-15,Shelbina,MO,39.69393,-92.04295,2.9990,2.9990,2.9990,1,city
72543,PETRO CARD 24,SR-18,Clinton,MO,38.36863,-93.77827,3.3990,3.3990,3.3990,1,city
72544,BJS NEW UNDERWOOD,CR-1416,New Underwood,SD,44.09332,-102.83628,3.6990,3.6990,3.6990,1,city
72546,MFA OIL #2028,SR-53,Poplar Bluff,MO,36.757,-90.39289,3.2323,3.2323,3.2323,1,city
72548,GASQUATCH,US-70/SR-3,Idabel,OK,33.89566,-94.82633,3.1073,3.1073,3.1073,1,city
72550,TERRIBLE HERBST #388,I-15 Exit 91,Moapa,NV,36.6758,-114.62082,3.5490,3.5490,3.5490,1,city
72551,Good 2 Go,US-81,Geneva,NE,40.52695,-97.59588,3.3657,3.3657,3.3657,1,city
72552,VALLEYWIDE COUNTRY STORE,I- 86 Exit 40,American Falls,ID,42.78602,-112.85444,3.5990,3.5990,3.5990,1,city
72553,Friendly Express,I-71 Exit 186 & US-250,Ashland,OH,40.86867,-82.31822,3.1990,3.1990,3.1990,1,city
72554,CEFCO #422,SR-4,Baker,FL,30.16604,-85.68576,3.2990,3.2990,3.2990,1,city
72556,STARMART,US-183,Goldthwaite,TX,31.44989,-98.57088,3.0990,3.0990,3.0990,1,city
72557,LITTLE NECK SHELL,I-16 Exit 152,Bloomingdale,GA,32.13242,-81.299,3.0990,3.0990,3.0990,1,city
72558,Circle K #4703975,SR-109 & US-70,Lebanon,TN,36.20811,-86.2911,2.8723,2.8723,2.8723,1,city
72559,SUN TRAVEL CENTER,I-55 EXIT 114A,Canton,MS,32.61264,-90.03675,3.4990,3.4990,3.4990,1,city
72560,AMOCO,US 131 & US 12,White Pigeon,MI,41.79811,-85.64332,3.5790,3.5590,3.5990,2,city
72561,7-ELEVEN #38638,I-25 Exit 235,Erie,CO,40.05026,-105.04998,3.3990,3.3990,3.3990,1,city
72562,7-ELEVEN #17703,US HWY 11,Martinsburg,WV,39.45621,-77.96389,3.2490,3.2490,3.2490,1,city
72563,RACEWAY #6991,I-65 Exit 19 & US-43,Creola,AL,30.89185,-88.03972,2.9490,2.9490,2.9490,1,city
72565,WEIGEL'S #102,I-75 & SR-30,Athens,TN,35.44285,-84.59299,3.3473,3.3473,3.3473,1,city
72566,Loves  Travel Stop #826,I-70 Exit 75,Parachute,CO,39.45192,-108.05285,3.5957,3.5957,3.5957,1,city
72567,THE TEXAN #12,US 87,La Vernia,TX,29.35635,-98.11556,3.0490,3.0490,3.0490,1,city
72569,RACETRAC #204,US-19 & SR-400,Dawsonville,GA,34.42121,-84.11908,3.3190,3.3190,3.3190,1,city
72570,Lake View Cheese & Liquor,I-43,Belgium,WI,43.49972,-87.85037,3.2557,3.2557,3.2557,1,city
72571,MAVERIK #719,I-82 EXIT 33,Yakima,WA,46.60207,-120.5059,3.9090,3.8990,3.9290,3,city
72572,GOOD 2 GO #713 DBA ONE9 #1432,I-76 EXIT 21,Brighton,CO,39.98526,-104.82053,3.2340,3.1990,3.2690,2,city
72574,Loves Travel Stop #831,"I-10 & Fort Grant Rd, Exit 340",Willcox,AZ,32.25285,-109.83201,3.3323,3.3323,3.3323,1,city
72575,Loves Travel Stop #864,US-98,Lucedale,MS,30.92519,-88.59002,3.4490,3.4490,3.4490,1,city
72576,Pride Travel Center South,"I-291 & SR-5, EXIT 4",South Windsor,CT,41.82371,-72.6212,3.9090,3.9090,3.9090,1,city
72577,QUIKTRIP #7205,"I-80, EXIT 161",Lansing,IL,41.56476,-87.53893,3.1790,3.0790,3.2490,3,city
72578,QUIKTRIP #7247,"I-55, EXIT 85",Byram,MS,32.17932,-90.24537,2.9157,2.9157,2.9157,1,city
72579,Raceway #6986,US-378 & CR-467,Sumter,SC,33.92044,-80.34147,2.9790,2.9790,2.9790,1,city
72580,KWIK TRIP #1267,SR 29,Chippewa Falls,WI,44.93691,-91.39293,3.3923,3.3923,3.3923,1,city
72581,FASTRAC MARKET #500266,I-87 Exit 18,Queensbury,NY,43.37729,-73.61317,3.9990,3.9990,3.9990,1,city
72582,FASTRAC MARKET #500242,SR-12 & SR-5A,Utica,NY,43.1009,-75.23266,3.9490,3.8990,3.9990,2,city
72583,SHEETZ #769,I-80 Exit 232,Bloomsburg,PA,41.0037,-76.45495,3.3290,3.3290,3.3290,1,city
72584,ONE9 #1359,"I-80, EXIT 30",Sparks,NV,39.53491,-119.75269,3.5490,3.5490,3.5490,1,city
72585,GAS N WASH GREEN OAKS,"I-94, EXIT 16",Libertyville,IL,42.28308,-87.95313,3.5790,3.5590,3.5990,2,city
72586,Loves Travel Stop #875,"I-49, Exit 15",Opelousas,LA,30.53353,-92.08151,3.0857,3.0857,3.0857,1,city
72587,Allsups Convenience #2416,I-20 EXIT 244 AND HWY 70,Sweetwater,TX,32.47095,-100.40594,2.8840,2.8840,2.8840,1,city
72588,ALLSUPS CONVENIENCE #2430,US 380,Jacksboro,TX,33.21845,-98.15866,3.0440,3.0440,3.0440,1,city
72589,ALLSUPS CONVENIENCE #2056,US 287,Memphis,TX,34.72478,-100.53401,2.9290,2.9290,2.9290,1,city
72590,MAVERIK #716,I-80 & SR-351,Wells,NV,41.11159,-114.96449,3.3923,3.3923,3.3923,1,city
72591,Quiktrip #7173,"I-20, EXIT 156",Pell City,AL,33.58621,-86.28609,2.9990,2.9990,2.9990,1,city
72592,QUIKTRIP #7191,US-45 & I-57,Effingham,IL,39.12004,-88.54338,3.0990,2.9990,3.1990,2,city
72594,Quiktrip #7900,I-30 & FM-989,Texarkana,TX,33.42513,-94.04769,2.8573,2.8573,2.8573,1,city
72595,CIRCLE K #2654400,SR-115,Kearneysville,WV,39.38816,-77.88555,3.2657,3.2657,3.2657,1,city
72596,Hucks Food & Fuel #401 dba Pilot #1360,"I-69, EXIT 25",Mayfield,KY,36.74172,-88.63672,3.5990,3.5990,3.5990,1,city
72597,CIRCLE K #4705697,US 422,Warren,OH,41.23756,-80.81842,3.6123,3.6123,3.6123,1,city
72599,FATDOGS LEXINGTON,US-283,Lexington,NE,40.78084,-99.7415,2.9790,2.9790,2.9790,1,city
72603,THORNTONS #170,I-465 Exit 46 & US-40,Indianapolis,IN,39.76838,-86.15804,3.5990,3.5990,3.5990,1,city
72606,PETRO-CARD 24 #910474,US-65,Malta Bend,MO,39.19335,-93.36299,3.4390,3.4390,3.4390,1,city
72607,TOWN PUMP FOOD STORE #6300,I-90 & US-191,Big Timber,MT,45.83494,-109.95546,3.5390,3.5390,3.5390,1,city
72608,Petro-Card 24 #910640,US-61,Perryville,MO,37.72422,-89.86122,3.0990,3.0990,3.0990,1,city
72610,JORDANS KWIK STOP #6,I-55 Exit 48 & SR-140,Osceola,AR,35.70508,-89.96953,3.0123,3.0123,3.0123,1,city
72611,Kwik Trip # 1722,SR 35 & SR 553,Gwinn,MI,46.28106,-87.44097,3.8190,3.8190,3.8190,1,city
72612,PETRO-CARD 24 #910411,I-44 & SR-32,Lebanon,MO,37.6806,-92.66379,3.0990,3.0990,3.0990,1,city
72614,FAST FUEL FOOD STORES,SR-4,Gassaway,WV,38.67315,-80.77482,3.5657,3.5657,3.5657,1,city
72615,U STOP #4,US-6,Lincoln,NE,40.8,-96.66696,3.3990,3.3990,3.3990,1,city
72616,PETRO-CARD 24 #910700,SR-32,Sainte Genevieve,MO,37.98144,-90.04178,3.0990,3.0990,3.0990,1,city
72619,MARTYVILLE MARATHON,SR-25,Tishomingo,MS,34.63676,-88.23171,3.2790,3.2790,3.2790,1,city
72620,CENEX,US-2,Leeds,ND,48.28889,-99.43764,3.2490,3.2490,3.2490,1,city
72621,PETRO-CARD 24 #1047,SR-240,Slater,MO,39.21808,-93.06909,3.4590,3.4590,3.4590,1,city
72622,Phillips 66,US- 60 & HWY AD,Dexter,MO,36.79589,-89.95787,3.4023,3.4023,3.4023,1,city
72623,LENNYS FOOD N FUEL,US-6,Joliet,IL,41.52519,-88.0834,3.4490,3.2990,3.6590,4,city
72625,PETRO-CARD 24,SR-46 & US-71,Maryville,MO,40.3461,-94.87247,3.1290,3.1290,3.1290,1,city
72626,MFA OIL,SR-18,Lake City,AR,35.81619,-90.43427,3.3990,3.3990,3.3990,1,city
72628,Gas Pro 6,SR-121 & US-25,Trenton,SC,33.74402,-81.84067,3.4657,3.4657,3.4657,1,city
72629,MFA #910600,SR-28,Owensville,MO,38.3456,-91.50155,3.2990,3.2990,3.2990,1,city
72630,PETRO-CARD 24 #910250,US-54 BUS,Fulton,MO,38.84671,-91.94796,3.2990,3.2990,3.2990,1,city
72631,THORNTONS #221348,I-355 & SR-7,Homer Glen,IL,41.60003,-87.93811,3.8990,3.8490,3.8990,6,city
72633,Petro-Card 24 #910830,SR-52,Windsor,MO,38.53224,-93.52215,3.4990,3.4990,3.4990,1,city
72634,MURPHY USA #7827,US-385 & US-60,Hereford,TX,34.81521,-102.39932,2.8290,2.8290,2.8290,1,city
72635,GULF,SR-140,Boylston,MA,42.39176,-71.70368,3.8390,3.8390,3.8390,1,city
72637,AZTEX #104,I-40 Exit 398,Knoxville,TN,35.96064,-83.92074,3.3590,3.3590,3.3590,1,city
72639,ALLSUPS #2423,US-377 & US-70,Madill,OK,34.09038,-96.77167,2.9590,2.9590,2.9590,1,city
72640,Kwik Trip # 1721,SR 553 & FM 480,Marquette,MI,46.54354,-87.39542,3.8190,3.8190,3.8190,1,city
72642,LOVES TRAVEL STOP #857,US-95 & US-6,Tonopah,NV,38.06716,-117.23008,3.7157,3.7157,3.7157,1,city
72643,ONCUE #147,"I-44, EXIT 12",Oklahoma City,OK,35.46756,-97.51643,3.0490,3.0490,3.0490,1,city
72644,MAVERIK COUNTRY STORE #642,I-25 EXIT 262,Fort Collins,CO,40.58526,-105.08442,3.2590,3.2590,3.2590,1,city
72645,MAVERIK #723,"I-10, EXIT 240",Marana,AZ,32.43674,-111.22538,3.0457,3.0457,3.0457,1,city
72646,TOOT N TOTUM #131,US 87,Lamesa,TX,32.7376,-101.95099,3.1090,3.1090,3.1090,1,city
72647,RACEWAY #6972,US-83 & US-43,Demopolis,AL,32.51764,-87.8364,3.0773,3.0773,3.0773,1,city
72648,Loves Travel Stop #873,US 50,Canon City,CO,38.44098,-105.24245,3.5090,3.5090,3.5090,1,city
72649,Love's Travel Stop #891,US 93,Jackpot,NV,41.98324,-114.67476,3.6273,3.6273,3.6273,1,city
72650,Loves Travel Stop #862,I-35 Exit 65,Cotulla,TX,28.43693,-99.23503,3.5890,3.5890,3.5890,1,city
72651,QUIKTRIP #7132,"I-16, EXIT 152",Bloomingdale,GA,32.13242,-81.299,3.0323,3.0323,3.0323,1,city
72652,Quiktrip #4148,I-35 & GRAND AVE PKWY,Pflugerville,TX,30.43937,-97.62,2.8823,2.8823,2.8823,1,city
72653,Quiktrip #7153,US-78 & EXIT #4,Olive Branch,MS,34.96176,-89.82953,2.9157,2.9157,2.9157,1,city
72655,RACEWAY #6988,US-79 & US-41,Clarksville,TN,36.52977,-87.35945,2.9990,2.9990,2.9990,1,city
72656,ALLSUPS #2437,HWY 176 & HWY 115,Andrews,TX,32.31872,-102.54572,3.3957,3.3957,3.3957,1,city
72660,RACEWAY #6989,US-157 & COURT ST,Moulton,AL,34.48121,-87.29335,3.0490,3.0490,3.0490,1,city
72663,LOC STOP TRAVEL CENTER,US-82,Dawson,GA,31.77382,-84.448,3.4990,3.4990,3.4990,1,city
72664,RACETRAC #2606,"I-30, EXIT 32B & SR-181",Grand Prairie,TX,32.74596,-96.99778,2.9257,2.9257,2.9257,1,city
72666,CIRCLE K #2707043,"I-75/SR-401, EXIT 39 & SR-37",Adel,GA,31.13727,-83.42408,2.9990,2.9990,2.9990,1,city
72667,LOVES TRAVEL STOP #884,"I-30, Exit 46",Prescott,AR,33.80261,-93.38101,3.4757,3.4757,3.4757,1,city
72668,LOVES TRAVEL STOP #350,"I-19, Exit 12",Nogales,AZ,31.34038,-110.93425,3.6090,3.6090,3.6090,1,city
72669,Quiktrip #356,US-81 & S Victoria RD,Wichita,KS,37.69224,-97.33754,3.1940,3.1940,3.1940,1,city
72672,7-Eleven #42205,US 79,Hearne,TX,30.87852,-96.59303,3.4490,3.4490,3.4490,1,city
72674,QUIKTRIP #7190,I-64 EXIT 94,Mount Vernon,IL,38.31727,-88.90312,3.1990,3.0990,3.3990,3,city
72675,Maverik Country Store #715,I-80 EXIT 107,Big Springs,NE,41.06138,-102.07435,3.1007,3.1007,3.1007,1,city
72676,KWIK TRIP #1212,"I 90, EXIT 43",Worthington,MN,43.61996,-95.5964,3.1640,3.1640,3.1640,1,city
72677,KWIK TRIP #1256,SR 2 E,Iron Mountain,MI,45.82023,-88.06596,3.2890,3.2790,3.3990,3,city
72678,FLYING J #1056,I-90/ I-80,Edon,OH,41.55644,-84.76885,3.8990,3.8990,3.8990,1,city
72679,TEX BEST #532,US-281 & HWY 186,Edinburg,TX,26.30174,-98.16334,3.0207,3.0207,3.0207,1,city
72680,RACEWAY #6990,US-98,Foley,AL,30.40659,-87.6836,3.0757,3.0757,3.0757,1,city
72681,MAVERIK #691,I-76 EXIT 3,Denver,CO,39.73915,-104.9847,3.2840,3.2840,3.2840,1,city
72682,Maverik #695,I-15 EXIT 276,American Fork,UT,40.3769,-111.79576,3.3490,3.3490,3.3490,1,city
72683,HUCKS FOOD & FUEL #383,SR-57,Evansville,IN,37.97476,-87.55585,3.7590,3.7590,3.7590,1,city
72685,CHUBBYS TRAVEL CENTER,"I-35, Exit 127",Natalia,TX,29.18968,-98.86253,2.9723,2.9723,2.9723,1,city
72687,Kwik Trip #1203,US-71 & Airport Rd,Redwood Falls,MN,44.5394,-95.11694,3.3490,3.3490,3.3490,1,city
72688,SHEETZ #772,I-70 EXIT 59,Springfield,OH,39.92423,-83.80882,3.0540,3.0540,3.0540,1,city
72689,ROAD RANGER #285,I-10 EXIT 605,Seguin,TX,29.56884,-97.96473,3.1107,3.1107,3.1107,1,city
72690,Noble East Lyme,"I-95, EXIT 75",East Lyme,CT,41.359,-72.229,3.7590,3.7590,3.7590,1,manual
72691,KUM & GO #2402,US 60,Springfield,MO,37.21533,-93.29824,3.1757,3.1757,3.1757,1,city
72693,Kum & Go #2404,US 60,Aurora,MO,36.97089,-93.71798,3.1190,3.1190,3.1190,1,city
72694,7-ELEVEN #42195,I-385 EXIT 23,Fountain Inn,SC,34.68901,-82.19567,3.1157,3.1157,3.1157,1,city
72695,Quiktrip #7906,"I-20, EXIT 617 & US-59",Marshall,TX,32.54487,-94.36742,2.8373,2.8373,2.8373,1,city
72696,QUIKTRIP #1742,"I-475/SR-408, exit 5 & SR-74",Macon,GA,32.84069,-83.6324,3.0890,3.0890,3.0890,1,city
72698,QUIKTRIP #7242,"I-10, EXIT 31",Gulfport,MS,30.36742,-89.09282,2.9157,2.9157,2.9157,1,city
72699,Quiktrip #7195,"I-355, EXIT 29",Addison,IL,41.9317,-87.98896,3.1790,3.0790,3.2690,3,city
72700,RACEWAY #6726,"I-30, Exit 172",Thomson,GA,33.47069,-82.50457,3.3990,3.3990,3.3990,1,city
72701,Loves Travel Stop #887,I-55 EXIT 178,Herculaneum,MO,38.26839,-90.38012,3.1557,3.1557,3.1557,1,city
72702,Loves Travel Stop #854,I-49 EXIT 215,Shreveport,LA,32.52515,-93.75018,2.9373,2.9373,2.9373,1,city
72705,SHEETZ #795,US-460 & CR-629,Disputanta,VA,37.12432,-77.22581,2.9823,2.9823,2.9823,1,city
72706,Sheetz #790,I-77 EXIT 100,Mount Airy,NC,36.4993,-80.60729,2.8590,2.8590,2.8590,1,city
72707,QUIKTRIP #4299,"I-25, EXIT 158",Monument,CO,39.09166,-104.87276,3.1590,3.1590,3.1590,1,city
72709,KWIK TRIP #1299,FM 164,Sussex,WI,43.1339,-88.22204,3.2857,3.2857,3.2857,1,city
72710,KWIK STAR #1285,I-229 EXIT 9,Sioux Falls,SD,43.54369,-96.72796,2.9523,2.9523,2.9523,1,city
72711,Kwik Trip #1260,FM 65,Roberts,WI,44.98386,-92.55603,3.4240,3.4240,3.4240,1,city
72713,Kwik Star #1217,FM 11,Sioux Falls,SD,43.54369,-96.72796,2.9390,2.9390,2.9390,1,city
72714,LOVES TRAVEL STOP  #771,I-85 & SR-18,West Point,GA,32.87791,-85.18327,3.6790,3.6790,3.6790,1,city
72715,FLYING J TRAVEL PLAZA #1372,"I-40, EXIT 28",Yucca,AZ,34.87223,-114.1494,3.9240,3.8490,3.9990,2,city
72716,RACEWAY #7000,US-1 & SR-40,Folkston,GA,30.83095,-82.01131,3.0990,3.0990,3.0990,1,city
72719,TA EXPRESS LITTLEFIELD,"I-15, EXIT 8",Littlefield,AZ,36.8872,-113.92969,3.6790,3.6790,3.6790,1,city
72721,Racetrac #2625,SR 72 E & SHIELDS RD,Huntsville,AL,34.7304,-86.58594,2.9773,2.9773,2.9773,1,city
72723,ONE9 #1362,"I-40, EXIT 253",Winslow,AZ,35.02419,-110.69736,3.2257,3.2257,3.2257,1,city
72724,ONE9 #484,I-40 EXIT 146,Ash Fork,AZ,35.22501,-112.48407,3.3290,3.3290,3.3290,1,city
72725,CASEYS #4481,US 75,Denison,TX,33.75566,-96.53666,2.9357,2.9357,2.9357,1,city
72727,CASEYS #4319,SR-141,Perry,IA,41.8386,-94.10718,3.1290,3.1290,3.1290,1,city
72728,CASEYS #4304,FM 103 & Belten Dr,Crete,NE,40.62778,-96.96142,3.4573,3.4573,3.4573,1,city
72732,KUM & GO #2212,I-35 EXIT 89,Ankeny,IA,41.72971,-93.60577,3.1323,3.1323,3.1323,1,city
72733,Parker's #94,US-17 N,Georgetown,SC,33.37683,-79.2945,2.9890,2.9890,2.9890,1,city
72734,7-ELEVEN #41940,I-95,West Haven,CT,41.27065,-72.94705,3.9990,3.9990,3.9990,1,city
72735,7-Eleven #41376,I-26 Exit 154B,Orangeburg,SC,33.49182,-80.85565,3.2257,3.2257,3.2257,1,city
72736,FRIENDLY GUS STORE #12,I-16 Exit 49,Dublin,GA,32.54044,-82.90375,3.2757,3.2757,3.2757,1,city
72737,Mollys Food and Fuel,"I-20, EXIT 175 & SR-150",Thomson,GA,33.47069,-82.50457,3.4990,3.4990,3.4990,1,city
72738,BREAK TIME #3172,US-50/US-63,Jefferson City,MO,38.5767,-92.17352,3.3357,3.3357,3.3357,1,city
72739,MAVERIK #712,US 70 & US 54,Alamogordo,NM,32.89953,-105.96027,3.0557,3.0557,3.0557,1,city
72740,Caseys #4303,"I-80, EXIT 257 & US-183",Elm Creek,NE,40.71945,-99.37204,3.0323,3.0323,3.0323,1,city
72741,Caseys #4298,"I-55, EXIT 220 & SR-47",Dwight,IL,41.09448,-88.42506,3.3490,3.3490,3.3490,1,city
72742,Racetrac #2612,I-675 EXIT 7,Ellenwood,GA,33.61011,-84.28798,3.1090,3.1090,3.1090,1,city
72743,PEOTONE TRAVEL CENTER,I-57 & SR-25,Peotone,IL,41.33226,-87.78532,3.4790,3.4590,3.4990,2,city
72745,Loves Travel Stop #870,US-81 Exit 12 & SR-12,Watertown,NY,43.97478,-75.91076,4.1490,4.1490,4.1490,1,city
72746,PARKERS #103,"I-26, Exit 205A",Ladson,SC,32.98573,-80.10981,3.2823,3.2823,3.2823,1,city
72747,One9 #1358,"I-40,  EXIT 16",Gallup,NM,35.52808,-108.74258,3.2457,3.2457,3.2457,1,city
72748,HORIZON TRAVEL PLAZA,US-411,Cartersville,GA,34.16533,-84.80231,2.9340,2.9340,2.9340,1,city
72749,KWIK TRIP #1282,FM 42 & S Duluth Ave,Sturgeon Bay,WI,44.83416,-87.37704,3.5073,3.5073,3.5073,1,city
72750,QUIKTRIP #1943,I-35 EXIT 368 & SR 22,Hillsboro,TX,32.01099,-97.13001,2.9190,2.9190,2.9190,1,city
72752,QUIKTRIP #7178,I-65 EXIT 13 & SR 158,Saraland,AL,30.82074,-88.07056,2.9573,2.9573,2.9573,1,city
72753,QUIKTRIP #7908,I-40 EXIT 73,Amarillo,TX,35.222,-101.8313,2.8740,2.8740,2.8740,1,city
72754,RACETRAC #2495,US 41 & US 19,Griffin,GA,33.24678,-84.26409,3.2290,3.2290,3.2290,1,city
72755,RACETRAC #2620,I-465 Exit 42,Indianapolis,IN,39.76838,-86.15804,3.1590,3.1590,3.1590,1,city
72756,Loves Travel Stop #876,I-94 Exit 34A,Michigan City,IN,41.70754,-86.89503,3.7890,3.7890,3.7890,1,city
72757,Loves Travel Stop #860,I-59 EXIT 1,Picayune,MS,30.52556,-89.67788,3.1557,3.1557,3.1557,1,city
72758,CEFCO #1117,I-20 EXIT 617,Marshall,TX,32.54487,-94.36742,2.8323,2.8323,2.8323,1,city
72759,Allsups Convenience Store #2461,US-87 & SR-137,Lamesa,TX,32.7376,-101.95099,3.0990,3.0990,3.0990,1,city
72760,RaceWay #6999,US-84 & US-319,Thomasville,GA,30.83658,-83.97878,3.1657,3.1657,3.1657,1,city
72761,RACETRAC #2629,US-72/US-43 & SR-20,Tuscumbia,AL,34.7312,-87.70253,2.9990,2.9990,2.9990,1,city
72763,FASTRAC MARKET #500270,SR-5/SR-13,Canastota,NY,43.07951,-75.75074,4.3990,4.3490,4.4490,2,city
72764,CUMBERLAND FARMS #004783,US-5,East Windsor,CT,41.91232,-72.54509,4.0490,4.0490,4.0490,1,city
72765,FASTRAC MARKET #500203,SR-104 & CR-256,Wolcott,NY,43.22062,-76.81496,3.8090,3.7990,3.8190,2,city
72766,QUIKTRIP #1873,US 287  33.054731932354194,Rhome,TX,33.05346,-97.47197,2.8990,2.8990,2.8990,1,city
72767,QUIKTRIP #4227,I-25 EXIT 243,Mead,CO,40.23332,-104.99859,3.1473,3.1473,3.1473,1,city
72768,ROAD RANGER #287,I-57 EXIT 318,Bourbonnais,IL,41.15376,-87.88754,3.3590,3.3390,3.3790,2,city
72769,TOOT N TOTUM #132,US 84,Lubbock,TX,33.57786,-101.85517,2.9707,2.9707,2.9707,1,city
72770,RACETRAC #2634,I-95 Exit 77 & US-78,Saint George,SC,33.186,-80.57565,2.9990,2.9990,2.9990,1,city
72771,RACETRAC #2635,I-85 EXIT 44A,Greenville,SC,34.85262,-82.39401,2.8990,2.8990,2.8990,1,city
72772,RACEWAY #6998,US-501 & SR-576,Marion,SC,34.17822,-79.40061,3.0157,3.0157,3.0157,1,city
72773,RaceTrac #2626,I-20 Exit 472,Dallas,TX,32.78306,-96.80667,2.8640,2.8640,2.8640,1,city
72774,STUCKEYS TRAVEL CENTER,I-10 EXIT 451,Orange,TX,30.09299,-93.73655,2.8073,2.8073,2.8073,1,city
72775,CEFCO #2089,I-20 EXIT 288,Abilene,TX,32.44874,-99.73314,2.7657,2.7657,2.7657,1,city
72776,MARATHON,"1-75, Exit 80",Sycamore,GA,31.67435,-83.63739,3.2990,3.2990,3.2990,1,city
72778,KWIK STAR #1208,US-75,Sioux Center,IA,43.07971,-96.17558,3.1990,3.1990,3.1990,1,city
72779,KWIK TRIP #1276,"I-90/I-39, EXIT 1 & SR-75",South Beloit,IL,42.49307,-89.03678,3.4490,3.2990,3.4690,3,city
72781,SHEETZ #774,I-70 & SR-83,New Concord,OH,39.99368,-81.73402,3.0590,3.0590,3.0590,1,city
72782,SHEETZ #791,"I-76, Exit 57",North Jackson,OH,41.10006,-80.85731,3.0657,3.0657,3.0657,1,city
72783,SHEETZ #770,I-70 & US-42,London,OH,39.88645,-83.44825,2.9990,2.9990,2.9990,1,city
72784,Maverik Country Store #724,"I-80/US-30, EXIT 221",Rawlins,WY,41.79107,-107.23866,3.2890,3.2890,3.2890,1,city
72785,GAS N WASH,US 30,Crest Hill,IL,41.55475,-88.09867,3.3290,3.2990,3.3590,2,city
72786,QUIKTRIP #333,"I-135, EXIT 31",Newton,KS,38.04668,-97.34504,2.9490,2.9490,2.9490,1,city
72787,QUIKTRIP #7011,"I-35, EXIT 118",Oklahoma City,OK,35.46756,-97.51643,3.0323,3.0323,3.0323,1,city
72788,MAVERIK #700,I-25 EXIT 215,Denver,CO,39.73915,-104.9847,3.2890,3.2890,3.2890,1,city
72789,RACETRAC #237,HWY 30 & ROBERT WILSON RD,Gonzales,LA,30.23853,-90.9201,3.1723,3.1723,3.1723,1,city
72791,LOVES TRAVEL STOP #850,SR-491 & RD. G,Cortez,CO,37.34888,-108.58593,3.4823,3.4823,3.4823,1,city
72792,QUICKLEES,"I-190, EXIT 23",Niagara Falls,NY,43.0945,-79.05671,3.9990,3.9990,3.9990,1,city
72793,TA EXPRESS BLAINE #917,"I-5, Exit 275",Blaine,WA,48.99372,-122.74712,4.1390,4.1390,4.1390,1,city
72795,REFUEL #1337,SR-45/CR-1625,Buda,TX,30.08521,-97.84028,2.9990,2.9990,2.9990,1,city
72796,PILOT DEALER #1399,"SR-303, EXIT 107",Litchfield Park,AZ,33.49337,-112.35794,3.5915,3.5840,3.5990,2,city
72797,KWIK TRIP #1215,"I-94, EXIT 135",Melrose,MN,45.67469,-94.80752,3.3273,3.3273,3.3273,1,city
72798,Casey's #4539,US-75,Rock Rapids,IA,43.42719,-96.17586,3.3490,3.3490,3.3490,1,city
72799,CASEYS #4384,"I-88 & SR-26, EXIT 54",Dixon,IL,41.83892,-89.47955,3.4890,3.4790,3.4990,2,city
72801,CASEYS #4388,"US-64, EXIT 29",Beebe,AR,35.07064,-91.87959,3.1890,3.1890,3.1890,1,city
72802,Racing Mart Store,"I-495, Exit 36A",Wrentham,MA,42.06677,-71.32811,3.8990,3.8990,3.8990,1,city
72803,Llanos Country Corner,"I-10/US-83, EXIT 456 & US-377",Junction,TX,30.48936,-99.77201,2.9190,2.9190,2.9190,1,city
72804,7-Eleven #42174,"I-24, EXIT 211 & US-70",Nashville,TN,36.16589,-86.78444,3.2490,3.2490,3.2490,1,city
72805,Stripes #42242,"SR 181, HWY 188",Sinton,TX,28.03668,-97.50916,3.2590,3.2590,3.2590,1,city
72806,TA HOSSTON #939,"I-49, Exit 237",Hosston,LA,32.88764,-93.87851,2.9223,2.9223,2.9223,1,city
72808,Allsups Convenience #2463,US-377,Aubrey,TX,33.30428,-96.98612,2.8990,2.8990,2.8990,1,city
72809,LOVES TRAVEL STOP #894,I-95 EXIT 305,Saint Augustine,FL,29.89469,-81.31452,3.4423,3.4423,3.4423,1,city
72810,QUIKTRIP #7,"I-244/US-412, Exit 10",Tulsa,OK,36.15398,-95.99277,3.1190,3.1190,3.1190,1,city
72811,QUIKTRIP #50,SR-51,Broken Arrow,OK,36.0526,-95.79082,3.1290,3.1290,3.1290,1,city
72812,Kwik Trip #748,US 8,Barron,WI,45.40135,-91.84906,3.6640,3.6640,3.6640,1,city
72813,Allsups #2425,Hwy 144,Granbury,TX,32.44208,-97.7942,3.0290,3.0290,3.0290,1,city
72814,ALLSUPS #2468,"I35, EXIT 5",Thackerville,OK,33.79344,-97.14307,2.9173,2.9173,2.9173,1,city
72815,QUIKTRIP #7194,I-74 EXIT 182,Champaign,IL,40.11642,-88.24338,3.1990,3.0990,3.2990,3,city
72816,QUIKTRIP #7914,I-27 EXIT 117,Amarillo,TX,35.222,-101.8313,2.8457,2.8457,2.8457,1,city
72817,QUIKTRIP #4174,I-35 Exit 285,Salado,TX,30.94713,-97.53862,2.9157,2.9157,2.9157,1,city
72818,QUIKTRIP #7174,"I-65, EXIT 168",Montgomery,AL,32.36681,-86.29997,2.9990,2.9990,2.9990,1,city
72819,QUIKTRIP #7925,I-69W,Laredo,TX,27.50641,-99.50754,2.8507,2.8507,2.8507,1,city
72820,QUARLES #54232,us-385,Crane,TX,31.39736,-102.35014,3.8857,3.8857,3.8857,1,city
72821,QUARLES #54231,CR-23 & CR-33,Eunice,NM,32.43734,-103.15908,3.6990,3.6990,3.6990,1,city
72822,QUARLES #54225,US-83,Abilene,TX,32.44874,-99.73314,3.4990,3.4990,3.4990,1,city
72827,QUARLES #54259,FM-1936,Odessa,TX,31.84568,-102.36764,3.6990,3.6990,3.6990,1,city
72828,QUARLES #54250,US-80,Abilene,TX,32.44874,-99.73314,3.3123,3.3123,3.3123,1,city
72830,QUARLES #54261,"I-20, EXIT 37",Pecos,TX,31.42291,-103.49323,3.7490,3.7490,3.7490,1,city
72831,QUARLES #54262,CR-64,Hobbs,NM,32.70261,-103.13604,3.6990,3.6990,3.6990,1,city
72835,QUARLES #54277,SR-137,Big Lake,TX,31.19154,-101.46039,3.8490,3.8490,3.8490,1,city
72836,QUARLES #54281,SR-208,Snyder,TX,32.71789,-100.91762,3.6657,3.6657,3.6657,1,city
72837,QUARLES #54284,US-285,Loving,NM,32.28623,-104.09577,3.7990,3.7990,3.7990,1,city
72839,QUARLES #54293,CR-64,Hobbs,NM,32.70261,-103.13604,3.6990,3.6990,3.6990,1,city
72841,QUARLES #54296,SR-214 & CR-370,Denver City,TX,32.96455,-102.8291,3.7990,3.7990,3.7990,1,city
72844,QUARLES #54332,US-285,Pecos,TX,31.42291,-103.49323,3.7590,3.7590,3.7590,1,city
72847,QUARLES #54341,US-87,Big Spring,TX,32.2504,-101.47874,3.6490,3.6490,3.6490,1,city
72848,QUARLES #54347,US-67,Rankin,TX,31.22265,-101.93791,3.6990,3.6990,3.6990,1,city
72849,QUARLES #54349,CR-1140,Midland,TX,31.99735,-102.07791,3.6657,3.6657,3.6657,1,city
72851,QUARLES #54367,FM-1787,Midland,TX,31.99735,-102.07791,3.7990,3.7990,3.7990,1,city
72853,QUARLES #54520,SR-589,Purvis,MS,31.14324,-89.40979,2.9790,2.9790,2.9790,1,city
72855,GAS N WASH,SR 59,Plainfield,IL,41.62697,-88.20395,3.5790,3.5590,3.5990,2,city
72857,7-ELEVEN #42019,SR-3 & SR-4,Yukon,OK,35.50672,-97.76254,3.1590,3.1590,3.1590,1,city
72859,CASEYS #4286,SR-32,Crawfordsville,IN,40.04115,-86.87445,3.5623,3.5623,3.5623,1,city
72860,Circle K #2707070,"SR 378, Route 467",Sumter,SC,33.92044,-80.34147,2.9923,2.9923,2.9923,1,city
72861,SPRINT MART #4143,"I-20, EXIT 89",Vance,AL,33.17428,-87.23361,3.0590,3.0590,3.0590,1,city
72863,Double Quick #92,US-61,Cleveland,MS,33.744,-90.72482,3.1823,3.1823,3.1823,1,city
72864,SUNSTOP #430,US-27,Bainbridge,GA,30.9038,-84.57547,3.5990,3.5990,3.5990,1,city
72867,Maverik #731,I-15 EXIT 190,Helena,MT,46.59271,-112.03611,3.5490,3.5490,3.5490,1,city
72868,MAVERIK #737,I-15 EXIT 116,Idaho Falls,ID,43.46658,-112.03414,3.4057,3.4057,3.4057,1,city
72869,MAVERIK #738,I-90 EXIT 129,Gillette,WY,44.29109,-105.50222,3.3590,3.3590,3.3590,1,city
72871,Maverik #727,I-8 EXIT 3,Yuma,AZ,32.72532,-114.6244,3.1790,3.1790,3.1790,1,city
72872,QUIKTRIP #7926,US 59 & SR 20,Laredo,TX,27.50641,-99.50754,2.8590,2.8590,2.8590,1,city
72873,QUIKTRIP #7206,I-39 EXIT 15 & US 20,Rockford,IL,42.27113,-89.094,3.0690,2.9690,3.1990,4,city
72874,QUIKTRIP #4076,I-35 EXIT 191,New Braunfels,TX,29.703,-98.12445,2.9157,2.9157,2.9157,1,city
72875,QUIKTRIP #4183,SR 195 & Shell RD,Georgetown,TX,30.63269,-97.67723,2.9157,2.9157,2.9157,1,city
72876,QUIKTRIP #1139,"I-385, EXIT 23",Fountain Inn,SC,34.68901,-82.19567,3.0173,3.0173,3.0173,1,city
72877,QUIKTRIP #7177,"I-10, EXIT 15A",Theodore,AL,30.54769,-88.17528,2.8823,2.8823,2.8823,1,city
72879,QUIKTRIP #4002,US-87,Comfort,TX,29.96771,-98.90503,2.9657,2.9657,2.9657,1,city
72880,PARKERS #97,US 80,Bloomingdale,GA,32.13242,-81.299,3.0323,3.0323,3.0323,1,city
72882,CASEYS #4330,"I-40, EXIT 221",Okemah,OK,35.43259,-96.30501,2.9257,2.9257,2.9257,1,city
72884,CEFCO #435,"I-10, EXIT 44 & US-90",Loxley,AL,30.61825,-87.75305,3.0257,3.0257,3.0257,1,city
72885,RACEWAY #6960,US-431 & Westgate PKWY,Dothan,AL,31.22323,-85.39049,3.1990,3.1990,3.1990,1,city
72886,PILOT #1381,US-190 & Rose Marie Blvd,Hearne,TX,30.87852,-96.59303,3.4990,3.4990,3.4990,1,city
72888,STRIPES #42591,US-87,Mason,TX,30.74879,-99.23061,3.2990,3.2990,3.2990,1,city
72889,DK,SR 83,Denver City,TX,32.96455,-102.8291,3.3190,3.3190,3.3190,1,city
72891,GAS N WASH,"I-57, EXIT 354",Alsip,IL,41.66892,-87.73866,3.4990,3.3990,3.5990,2,city
72893,Racetrac #2586,I-95 & 20th ST,Vero Beach,FL,27.63864,-80.39727,3.1590,3.1590,3.1590,1,city
72894,Allsups Convenience Store #2458,US-287 & FM-1655,Alvord,TX,33.35845,-97.69475,2.8990,2.8990,2.8990,1,city
72895,Allsups#2465,SR 7,Davis,OK,34.50453,-97.11946,2.9673,2.9673,2.9673,1,city
72896,PILOT #1283,I-45 & SR-31,Corsicana,TX,32.09543,-96.46887,3.0423,3.0423,3.0423,1,city
72899,RACEWAY #7002,US 79 & 59,Carthage,TX,32.15738,-94.33742,2.8207,2.8207,2.8207,1,city
72901,FATDOGS GRAND ISLAND TRAVEL CENTER,I-80 & HWY 281,Grand Island,NE,40.92501,-98.34201,2.9790,2.9790,2.9790,1,city
72902,CIRCLE K #2704593,SR-24 &  SR-690,Spring Lake,NC,35.16794,-78.97281,3.0790,3.0790,3.0790,1,city
72903,Kent Kwik #221,SR-338,Odessa,TX,31.84568,-102.36764,2.9890,2.9890,2.9890,1,city
72904,CEFCO #112,US-281,Marble Falls,TX,30.57841,-98.27507,2.9290,2.9290,2.9290,1,city
72905,TA EXPRESS PLEASANTON #445,I-37 EXIT 109,Pleasanton,TX,28.96719,-98.47863,3.0990,3.0990,3.0990,1,city
72906,Maverik #734,I-25 EXIT 94,Pueblo,CO,38.25445,-104.60914,3.2890,3.2890,3.2890,1,city
72907,QUIKTRIP #7913,"I-20, EXIT 20 & SR-18",Monahans,TX,31.5943,-102.89265,2.8590,2.8590,2.8590,1,city
72908,QUIKTRIP #1042,"I-85, EXIT 17B & US-321",Gastonia,NC,35.26208,-81.1873,3.2640,3.2640,3.2640,1,city
72909,FAT DOGS LINCOLN TC,"I-80, EXIT 399",Lincoln,NE,40.8,-96.66696,3.0990,3.0990,3.0990,1,city
72910,Ogden Cardlock (Bulk Plant),I-15 EXIT 343,Ogden,UT,41.223,-111.97383,3.4890,3.4890,3.4890,1,city
72912,Salina Cardlock (Bulk Plant),I-70 EXIT 56,Salina,UT,38.95774,-111.85993,3.4490,3.4490,3.4490,1,city
72916,CASEYS #2562,SR 140 & SR 156,Ellsworth,KS,38.73056,-98.22811,3.4657,3.4657,3.4657,1,city
72918,QUIKTRIP #7076,"I-75, EXIT 101",Cordele,GA,31.96351,-83.78239,3.0323,3.0323,3.0323,1,city
72919,QUIKTRIP #7096,I-75 & EXIT 51,Dayton,OH,39.75895,-84.19161,3.0323,3.0323,3.0323,1,city
72920,Circle K #4701686,"I-70, Exit 224 & SR-370",Saint Peters,MO,38.80033,-90.62651,3.0507,3.0507,3.0507,1,city
72921,CIRCLE K #4701677,"I-44, Exit 226",Sullivan,MO,38.2081,-91.16042,3.3240,3.3240,3.3240,1,city
72922,SUNOCO,SR-640,Willoughby,OH,41.63977,-81.4065,3.8590,3.8590,3.8590,1,city
72923,76,US-84,Brookhaven,MS,31.57906,-90.44065,3.1490,3.1490,3.1490,1,city
72924,SHERMAN TRAVEL CENTER,SR-9,Senatobia,MS,34.6176,-89.9687,3.0290,3.0290,3.0290,1,city
72925,AMOCO,US-52 & SR-340,Darlington,SC,34.29988,-79.87617,3.1990,3.1990,3.1990,1,city
72926,Amoco,US-31 & US-10,Scottville,MI,43.95473,-86.28008,3.3790,3.3590,3.3990,3,city
72927,Bell Stores #165,US-30,Wooster,OH,40.80517,-81.93646,3.5157,3.5157,3.5157,1,city
72930,SPARTA CO-OP,SR-27,Sparta,WI,43.94413,-90.81291,3.1890,3.1890,3.1890,1,city
72933,CHEVRON #385988,SR-124,Lithonia,GA,33.71233,-84.10519,3.3990,3.3990,3.3990,1,city
72934,CIRCLE K #2706987,"I-37, Exit 118",Corpus Christi,TX,27.80058,-97.39638,3.0990,3.0990,3.0990,1,city
72935,Circle K #2722258,US-17 & SR-40,Pierson,FL,29.23942,-81.46563,3.4023,3.4023,3.4023,1,city
72936,Circle K #2707549,SR-471 & SR-48,Bushnell,FL,28.66499,-82.11286,3.4990,3.4990,3.4990,1,city
72937,CIRCLE K #2723997,SR024,Stedman,NC,35.0135,-78.69391,3.3990,3.3990,3.3990,1,city
72938,CIRCLE K #2723205,I-285 & CR-1642,Winston Salem,NC,36.09986,-80.24422,3.5207,3.5207,3.5207,1,city
72939,CIRCLE K #2655872,"I-75, Exit 252B",Atlanta,GA,33.749,-84.38798,3.5057,3.5057,3.5057,1,city
72940,Circle K #3909,SR-236,Clarksville,TN,36.52977,-87.35945,3.3290,3.3290,3.3290,1,city
72941,CIRCLE K #2740389,I-55 & US-51,Hammond,LA,30.50463,-90.46293,3.2490,3.2490,3.2490,1,city
72942,CIRCLE K #2742777,US-62/180,El Paso,TX,31.75872,-106.48693,3.1907,3.1907,3.1907,1,city
72943,CIRCLE K #2706805,SR-415 & SR-76,Port Allen,LA,30.45214,-91.21011,3.3590,3.3590,3.3590,1,city
72944,Circle K #2709094,US-62 & SR-327,Lubbock,TX,33.57786,-101.85517,3.0990,3.0990,3.0990,1,city
72945,CIRCLE K #2707057,SR-59 & CR-12,Foley,AL,30.40659,-87.6836,3.0923,3.0923,3.0923,1,city
72947,Circle K #9556,SR-202,Phoenix,AZ,33.44838,-112.07404,3.3857,3.3857,3.3857,1,city
72948,CIRCLE K #2746514,SR-23,Watford City,ND,47.80224,-103.28325,3.5990,3.5990,3.5990,1,city
72949,BOURBON TRAVEL PLAZA,US-30,Bourbon,IN,41.2956,-86.11639,3.4990,3.4990,3.4990,1,city
72950,Conoco,US-95,MC DERMITT,NV,41.99739,-117.7182,4.2990,4.2990,4.2990,1,fuzzy
72951,DK,SR-36,Abilene,TX,32.44874,-99.73314,2.8490,2.8490,2.8490,1,city
72953,GRAND AVENUE EXPRESS,I-35 & FM-372,Gainesville,TX,33.62594,-97.13335,2.9990,2.9990,2.9990,1,city
72956,Handee Hugos #1,SR-87,Riegelwood,NC,34.33989,-78.22528,3.4973,3.4973,3.4973,1,city
72957,IRVING,SR-11,Augusta,ME,44.31062,-69.77949,3.8990,3.8990,3.8990,1,city
72958,Jack Flash Pana,SR-16,Pana,IL,39.38893,-89.08008,3.1590,3.0990,3.1990,3,city
72959,JORDANS #75,US-67,Newport,AR,35.6048,-91.2818,3.2990,3.2990,3.2990,1,city
72960,KENT KWIK #206,FM-2020,Odessa,TX,31.84568,-102.36764,3.0257,3.0257,3.0257,1,city
72963,MAVERIK #5358,"I-25, Exit 145",Colorado Springs,CO,38.83388,-104.82136,3.3307,3.3307,3.3307,1,city
72965,Maverik #674,"I-15, Exit 45",North Las Vegas,NV,36.19886,-115.1175,3.2823,3.2823,3.2823,1,city
72966,MCCLURE STORE #15,SR-9,Marion,IN,40.55837,-85.65914,3.6940,3.6940,3.6940,1,city
72967,BINKS TENAHA QUICK STOP,US-59/US-84,Tenaha,TX,31.94378,-94.24409,3.0590,3.0590,3.0590,1,city
72968,LOVES TRAVEL STOP #883,US-52 EXIT 120,Rural Hall,NC,36.24042,-80.29338,3.5773,3.5773,3.5773,1,city
72969,LOVES TRAVEL STOP #555,US-30,Delphos,OH,40.84338,-84.34162,3.3057,3.3057,3.3057,1,city
72970,PAC PRIDE,"I-96, Exit 26",Grand Rapids,MI,42.96336,-85.66809,3.6790,3.6590,3.7290,3,city
72972,LOVES TRAVEL STOP #886,I-44 EXIT 29,Sarcoxie,MO,37.06923,-94.1166,3.4007,3.4007,3.4007,1,city
72973,PETE'S 49,US-166 & US-169,Coffeyville,KS,37.0373,-95.61637,3.2140,3.2140,3.2140,1,city
72974,USTOP 34,US-77,Lincoln,NE,40.8,-96.66696,3.4990,3.4990,3.4990,1,city
72975,SHEETZ #804,"I-95, Exit 41",Hope Mills,NC,34.97044,-78.94531,2.8590,2.8590,2.8590,1,city
72976,RED DOG,"I-10, EXIT 72",Egan,LA,30.23687,-92.50597,3.0490,3.0490,3.0490,1,city
72978,SHELL SERVICE STATION,SR-302,Byhalia,MS,34.87232,-89.69064,3.0990,3.0990,3.0990,1,city
72979,RICKY ROCKETS,"I-57, EXIT 312",Kankakee,IL,41.12003,-87.86115,3.3890,3.3790,3.3990,2,city
72981,Sprint Mart #2301,I-565 & CR-115,Madison,AL,34.69926,-86.74833,3.4923,3.4923,3.4923,1,city
72982,SUNOCO,I-10 & SR-328,Breaux Bridge,LA,30.27353,-91.89928,2.8557,2.8557,2.8557,1,city
72983,SUNSTOP #303,SR-100,Lake City,FL,30.18968,-82.63929,3.5507,3.5507,3.5507,1,city
72984,TERRIBLE HERBST #341,US-95,Indian Springs,NV,36.56968,-115.67058,3.8990,3.8990,3.8990,1,city
72985,THE PRIDE OF VILLA PARK,SR-64,Villa Park,IL,41.88975,-87.98895,3.3240,3.2990,3.3490,2,city
72986,THE PRIDE OF ELGIN,SR-31,Elgin,IL,42.03725,-88.28119,3.4990,3.4990,3.4990,1,city
72987,The Texan,US-285 & CR-116,Pecos,TX,31.42291,-103.49323,2.9990,2.9990,2.9990,1,city
72988,Thorntons #221354,US-12,Lake Zurich,IL,42.19697,-88.09341,3.3740,3.3490,3.3990,2,city
72989,THORNTONS #442562,SR-63,Monroe,OH,39.44034,-84.36216,3.1990,3.1990,3.1990,1,city
72990,TA Express Jonesboro,I-555 EXIT 39,Jonesboro,AR,35.8423,-90.70428,3.3923,3.3923,3.3923,1,city
72991,THORNTONS #221345,US-20,Hanover Park,IL,41.99947,-88.14507,3.7590,3.7590,3.7590,1,city
72993,H AND R OIL COMPANY,"SR-4, EXIT 8",Lexington,KY,37.98869,-84.47772,3.2490,3.2490,3.2490,1,city
72995,LOVES TRAVEL STOP #569,I-84 EXIT 304,Baker City,OR,44.77487,-117.83438,3.4573,3.4573,3.4573,1,city
72996,LOVES TRAVEL STOP #504,I-76 EXIT 232,North Lima,OH,40.94839,-80.65896,3.7873,3.7873,3.7873,1,city
72998,83 FUEL STOP,US-83,Catarina,TX,28.34555,-99.61338,2.9590,2.9590,2.9590,1,city
72999,Aeg Petroleum,US-70 & SR-467,Portales,NM,34.18619,-103.3344,3.6857,3.6857,3.6857,1,city
73000,TXB,FM-2147,Horseshoe Bay,TX,30.54429,-98.37394,2.9290,2.9290,2.9290,1,city
73003,GAS PRO TRAVEL CENTER,US-25 & SR-88,Hephzibah,GA,33.31403,-82.09679,3.5990,3.5990,3.5990,1,city
73005,NOBLE,US-20,Sturbridge,MA,42.10843,-72.07869,3.9990,3.9990,3.9990,1,city
73007,VALERO,"I-85, EXIT 28 & SR-100",Hogansville,GA,33.17318,-84.91494,3.6657,3.6657,3.6657,1,city
73008,MUSTANG XPRESS,US-183 & FM-1327,Austin,TX,30.26715,-97.74306,3.3323,3.3323,3.3323,1,city
73009,THRIFT BULL TRUCK STOP,SR-103,San Augustine,TX,31.5299,-94.10603,3.4990,3.4990,3.4990,1,city
73012,FUELPORT # 1,FM-143,San Antonio,TX,29.42412,-98.49363,3.0490,3.0490,3.0490,1,city
73013,247 TRUCK STOP,I-40 EXIT 247,Widener,AR,35.02343,-90.68483,2.9990,2.9990,2.9990,1,city
73014,CIRCLE K #2726298,SR 33 & SR 50,Mascotte,FL,28.57833,-81.88675,3.5390,3.5390,3.5390,1,city
73015,76,US 40,Franklinville,NJ,39.61817,-75.07573,3.1690,3.1690,3.1690,1,city
73016,PARKERS #112,SR 67,Statesboro,GA,32.44879,-81.78317,3.1990,3.1990,3.1990,1,city
73017,U Stop #36,US 136 & SR 50,Tecumseh,NE,40.36667,-96.19612,3.3990,3.3990,3.3990,1,city
73018,Smart Stop Travel Center,US 271 & SR 37,Bogata,TX,33.47067,-95.21384,3.1990,3.1990,3.1990,1,city
73021,Circle K #2746245,I 35W EXIT 6,Minneapolis,MN,44.97997,-93.26384,3.5990,3.5990,3.5990,1,city
73025,151 TRAVEL CENTER,SR 34 & N Central Rd,Darlington,SC,34.29988,-79.87617,3.2990,3.2990,3.2990,1,city
73026,Gas N Wash,SR-171,Lemont,IL,41.67364,-88.00173,3.4990,3.2990,3.5990,3,city
73028,PETRO HENDERSON #968,"I-11, EXIT 15A",Henderson,NV,36.0397,-114.98194,3.6390,3.6390,3.6390,1,city
73029,One9 #1417,I-35 Exit 323,Lorena,TX,31.38656,-97.21556,2.9023,2.9023,2.9023,1,city
73030,SPEED TREK TRAVEL CENTER,I-90 EXIT 25,Belvidere,IL,42.26391,-88.84427,3.7990,3.6990,3.8990,3,city
73031,Travel Refresh,US 59,Corrigan,TX,30.99686,-94.82715,2.9490,2.9490,2.9490,1,city
73032,Parkers #110,SR 56,Augusta,GA,33.47097,-81.97484,3.1923,3.1923,3.1923,1,city
73033,QUARLES #54242,SR-152,Pampa,TX,35.53616,-100.95987,3.4990,3.4990,3.4990,1,city
73035,QUIKTRIP #7909,US-10,El Paso,TX,31.75872,-106.48693,2.8490,2.8490,2.8490,1,city
73036,Maverik Country Store #741,US-80,Rock Springs,WY,41.58746,-109.2029,3.3073,3.3073,3.3073,1,city
73037,TA EXPRESS #567,"I-20, EXIT 81 & SR-149",Ruston,LA,32.52321,-92.63793,3.1140,3.1140,3.1140,1,city
73039,Spinx  #292,"I-26, EXIT 10",Inman,SC,35.04706,-82.09011,3.1657,3.1657,3.1657,1,city
73040,TAILGATE #3,SR 21,Bryan,TX,30.67436,-96.36996,3.5990,3.5990,3.5990,1,city
73041,Racetrac #182,US- 19,Hampton,GA,33.38706,-84.28298,2.9990,2.9990,2.9990,1,city
73042,MAVERIK #728,Hwy 483,Lovington,NM,32.94401,-103.34855,3.0940,3.0940,3.0940,1,city
73043,MAVERIK #740,"I-25, EXIT 347",Las Vegas,NM,35.59393,-105.2239,3.1623,3.1623,3.1623,1,city
73044,Maverik #732,"US 20, EXIT 310",Idaho Falls,ID,43.46658,-112.03414,3.3940,3.3940,3.3940,1,city
73045,MAVERIK #717,US-395,Spokane,WA,47.65966,-117.42908,3.9890,3.9790,3.9990,2,city
73046,Refuel #63,US 501 & SR 544,Conway,SC,33.836,-79.04781,3.1340,3.1340,3.1340,1,city
73047,RACETRAC #2642,"I-70, EXIT 77",Indianapolis,IN,39.76838,-86.15804,3.2590,3.2590,3.2590,1,city
73048,ALLSUPS CONVENIENCE STORE #2473,US-287,Bowie,TX,33.559,-97.84865,2.8990,2.8990,2.8990,1,city
73051,CIRCLE K #2709540,"I-10, EXIT 10 & SR-90",Sierra Vista,AZ,31.55454,-110.30369,3.6290,3.6290,3.6290,1,city
73052,Circle K #2701875,US-78 E,Grovetown,GA,33.45042,-82.19818,3.4990,3.4990,3.4990,1,city
73053,Circle K #2746108,"I-90/US-212, EXIT 447",Billings,MT,45.78329,-108.50069,3.5790,3.5790,3.5790,1,city
73055,CIRCLE K #4707124,SR-3,Liberty,ME,44.38924,-69.30282,4.0990,4.0990,4.0990,1,city
73056,CIRCLE K #2723033,"I-295, EXIT 21A & I-95",Fayetteville,NC,35.05266,-78.87836,3.2790,3.2790,3.2790,1,city
73057,CIRCLE K #2703586,US-550 & SR-516,Flora Vista,NM,36.79445,-108.08035,3.7190,3.7190,3.7190,1,city
73058,CIRCLE K #4707605,SR-365/SR-69/SR-49 & SR-26,Rome,NY,43.21285,-75.45573,3.9990,3.9990,3.9990,1,city
73059,CIRCLE K #4705626,"I-77/US-62, EXIT 105 & SR-172",Canton,OH,40.79895,-81.37845,3.4590,3.4590,3.4590,1,city
73061,Circle K #2709045,"US-62 & SR-375, EXIT 39",El Paso,TX,31.75872,-106.48693,3.2023,3.2023,3.2023,1,city
73062,CIRCLE K #2741849,SR-358 & SR-286,Corpus Christi,TX,27.80058,-97.39638,3.1240,3.1240,3.1240,1,city
73063,HOLIDAY STATIONSTORE #2746223,"I-35, EXIT 135 & US-61",Andover,MN,45.2333,-93.29134,3.4990,3.4990,3.4990,1,city
73064,7-ELEVEN #42315,"I-85, Exit 88",Lexington,NC,35.82403,-80.25338,3.3990,3.3990,3.3990,1,city
73065,RACETRAC #2631,"I-75, EXIT 285 & US-41/SR-3",Emerson,GA,34.12704,-84.75549,2.8873,2.8873,2.8873,1,city
73066,QUIKTRIP #1499,I-10 EXIT 267,Tucson,AZ,32.22174,-110.92648,3.0623,3.0623,3.0623,1,city
73067,J STARR,I-29 EXIT 8,Hankinson,ND,46.06968,-96.90175,3.4990,3.4990,3.4990,1,city
73068,MAVERIK #5369,SR 21,Colorado Springs,CO,38.83388,-104.82136,3.4990,3.4990,3.4990,1,city
73071,7-Eleven #42340,SR-340/SR-6,Woodway,TX,31.506,-97.20501,2.9323,2.9323,2.9323,1,city
73072,QUIKTRIP #7204,"I-57, EXIT 337 & SR-50",University Park,IL,41.44298,-87.6836,3.1790,3.0790,3.2490,3,city
73073,QUIKTRIP #7075,"I-16/SR-404, EXIT 51 & US-441",Dublin,GA,32.54044,-82.90375,2.9990,2.9990,2.9990,1,city
73074,RACETRAC #2641,HWY 59 & FM 989,Texarkana,TX,33.42513,-94.04769,2.8573,2.8573,2.8573,1,city
73075,ALLSUPS CONVENIENCE STORE #2470,SR 18,Eunice,NM,32.43734,-103.15908,3.0990,3.0990,3.0990,1,city
73076,MAVERIK #5148,US 40,Kremmling,CO,40.05887,-106.38892,3.6790,3.6790,3.6790,1,city
73078,Shelee's Travel Center,"I-10, Exit 146",Coachella,CA,33.6803,-116.17389,3.9540,3.9490,3.9590,2,city
73079,PILOT DEALER #1433,I-10 EXIT 160,Chandler,AZ,33.30616,-111.84125,3.5015,3.4990,3.5040,2,city
73080,Circle K #2707255,"I-75, Exit 60",Tifton,GA,31.45046,-83.5085,3.0623,3.0623,3.0623,1,city
73081,ALLSUPS #2476,I-40 EXIT 38 & SR 6,Elk City,OK,35.41199,-99.40426,2.9307,2.9307,2.9307,1,city
73082,KWIK STAR #1153,US 71,Milford,IA,43.32469,-95.15,3.3240,3.3240,3.3240,1,city
73083,Kwik Star #1213,I-380 EXIT 2,North Liberty,IA,41.74918,-91.59795,3.1590,3.1590,3.1590,1,city
73084,Kwik Trip #747,I-94 ALT & US-12,Baldwin,WI,44.96663,-92.37436,3.4990,3.4990,3.4990,1,city
73085,Loves Travel Stop #550,I-75 EXIT 13,Valdosta,GA,30.83334,-83.28032,3.2223,3.2223,3.2223,1,city
73088,Pilot Travel Center #1390,I-16 Exit  143,Ellabell,GA,32.12354,-81.48567,3.2957,3.2857,3.3057,2,city
73090,Quiktrip #1148,I-26 EXIT 53,Flat Rock,NC,35.27123,-82.44151,2.8490,2.8490,2.8490,1,city
73092,QUIKTRIP #4042,I-10,Converse,TX,29.51801,-98.31612,2.9457,2.9457,2.9457,1,city
73093,GAS N WASH,I-355 EXIT 7,Lockport,IL,41.58948,-88.05784,3.4490,3.3990,3.4990,2,city
73094,MARATHON,US-24,Taylor,MI,42.24087,-83.26965,3.5190,3.4990,3.5390,2,city
73095,Quiktrip #7250,US 49,Richland,MS,32.23904,-90.15842,2.9157,2.9157,2.9157,1,city
73096,KWIK TRIP #748,US 8,Barron,WI,45.40135,-91.84906,3.6473,3.6473,3.6473,1,city
73098,KWIK TRIP #1269,SR 27,Cadott,WI,44.94802,-91.1507,3.4007,3.4007,3.4007,1,city
73099,Kwik Star #1296,SR 115,Harrisburg,SD,43.43137,-96.69727,2.9390,2.9390,2.9390,1,city
73100,MAVERIK #747,I-215 Exit 21,Salt Lake City,UT,40.76078,-111.89105,3.3923,3.3923,3.3923,1,city
73101,7-ELEVEN 42279,"I-76, Exit 39",Keenesburg,CO,40.10832,-104.51996,3.1490,3.1490,3.1490,1,city
73103,RaceTrac #2654,I-20 EXIT 130,Greensboro,GA,33.57568,-83.18238,3.3990,3.3990,3.3990,1,city
73106,ALLSUPS CONVENIENCE STORE #2472,US-75,Atoka,OK,34.38593,-96.12833,2.9673,2.9673,2.9673,1,city
73112,SHEETZ #831,I-26 EXIT 44 & US 25,Hendersonville,NC,35.31873,-82.46095,2.8590,2.8590,2.8590,1,city
73114,ROAD RANGER #319,"I-35E, EXIT 381",Milford,TX,32.1246,-96.94528,3.0307,3.0307,3.0307,1,city
73117,MAVERIK #722,"I-29, EXIT 304",Baker City,OR,44.77487,-117.83438,3.4590,3.4590,3.4590,1,city
73118,ALLSUPS #2432,US 287 & SR 34,Ennis,TX,32.32931,-96.62527,2.9290,2.9290,2.9290,1,city
73119,Stinker #122,I-84 EXIT 36,Nampa,ID,43.54072,-116.56346,3.4023,3.4023,3.4023,1,city
73120,Kwik Star #1184,US 61,Dubuque,IA,42.50056,-90.66457,3.4890,3.4890,3.4890,1,city
73125,KWIK TRIP #1283,SR 83 & W CAPITOL DR,Hartland,WI,43.10501,-88.34204,3.7490,3.7490,3.7490,1,city
73126,Kwik Trip #1298,US 10,Mondovi,WI,44.56774,-91.67099,3.3490,3.3490,3.3490,1,city
73127,Gas N Wash,"I-55, EXIT 285",Chicago,IL,41.85003,-87.65005,3.3990,3.3990,3.3990,1,city
73128,ALLSUPS CONVENIENCE STORE #2477,HWY 69 & 11th st,Kiowa,OK,34.72065,-95.89916,2.9573,2.9573,2.9573,1,city
73129,SHEETZ #837,I-94,Romulus,MI,42.22226,-83.3966,3.0990,3.0990,3.0990,1,city
73130,A One Stop,"I-45, EXIT 246",Ennis,TX,32.32931,-96.62527,2.9357,2.9357,2.9357,1,city
73131,Sheetz #838,"I-85, Exit 71",Salisbury,NC,35.67097,-80.47423,2.8590,2.8590,2.8590,1,city
